rule_id,audit_decision,replacement_rule_ids,audit_note,experimental_results_inspected,rule_text,input_category,recommended_category,scenario_label,style_tags,colour_tags,occasion_tags,season_tags,gender_context,body_fit_context,formality_level,evidence_keywords,source_type,source_title,source_author_or_org,source_year,source_url_or_reference,source_reliability,source_reliability_reason,evidence_basis,rule_scope,rule_limitations,manual_verification_status,notes
R001,outside_taxonomy,,Removed because the input category is not one of the five frozen categories.,false,"For a formal evening dress, recommend refined heeled sandals, pumps or polished evening shoes because black-tie guidance treats footwear as part of the formal evening look.",dresses,shoes,formal_evening_styling,"formal, elegant, polished","black, metallic, neutral","evening, formal, wedding",all season,womenswear,not specified,evening,"formal dress, evening dress, pumps, heeled sandals, black tie, polished shoes",fashion_magazine,The Vogue Guide To A Black-Tie Dress Code,British Vogue,2025,https://www.vogue.co.uk/article/black-tie-dress-code,high,Highly reputable fashion editorial source explaining formal evening dress-code conventions.,The source frames black tie as formal evening dressing and treats shoes as part of the black-tie capsule.,Best for black-tie or formal dress-to-shoe recommendations.,May not apply to deliberately casual or avant-garde evening styling.,verified,Use when target category is shoes and evidence mentions black tie or evening formality.
R002,outside_taxonomy,,Removed because the input category is not one of the five frozen categories.,false,"For a cocktail dress, recommend dressy heels, slingbacks or polished flats rather than casual trainers because cocktail attire is semi-formal and usually asks the outfit to be dressed up above everyday wear.",dresses,shoes,formality_matching,"semi formal, polished, elegant","black, metallic, neutral","cocktail, evening, wedding",all season,womenswear,not specified,evening,"cocktail dress, slingbacks, heels, polished flats, semi formal",fashion_magazine,A Definitive Guide To Cocktail Attire,British Vogue,2025,https://www.vogue.co.uk/article/cocktail-attire-dress-code-guide,high,Highly reputable fashion editorial source on semi-formal cocktail dressing and dress-code caution.,The source describes cocktail attire as semi-formal and advises dressing up more than usual.,Best for late-afternoon or early-evening semi-formal dress styling.,May not apply where the event explicitly allows casual footwear.,verified,"Retrieve for cocktail, semi-formal, evening, or wedding queries."
R003,outside_taxonomy,,Removed because the input category is not one of the five frozen categories.,false,"For a summer or resort dress, recommend flat sandals, woven sandals or simple slides because warm-weather dress styling often prioritises lighter shoes and simple accessories.",dresses,shoes,casual_daytime_styling,"casual, relaxed, minimal","neutral, beige, brown, earth tones","summer, travel, daytime, casual",summer,womenswear,relaxed fit,casual,"summer dress, resort dress, flat sandals, woven sandals, slides",retailer_style_guide,How to Accessorize Dresses,Stitch Fix,2022,https://www.stitchfix.com/women/blog/fashion-tips/how-to-accessorize-dresses/,medium,"Established styling service guide focused on accessories, but commercial retailer context.",The source links dresses with shoes and accessories for resort wear and advises keeping the styling simple.,Best for daytime summer dress recommendations.,May not apply to formal summer weddings or business settings.,verified,Useful for lightweight dress and summer travel retrieval.
R004,outside_taxonomy,,Removed because the input category is not one of the five frozen categories.,false,"For a winter dress, recommend boots or closed-toe polished shoes because seasonal dress styling needs footwear that works with colder-weather layering.",dresses,shoes,seasonal_layering,"classic, polished, practical","black, brown, neutral","winter, work, daytime",winter,womenswear,layering,smart casual,"winter dress, boots, closed toe shoes, overcoat, layering",retailer_style_guide,How to Wear Dresses in Winter,Stitch Fix,2021,https://www.stitchfix.com/women/blog/fashion-tips/how-to-wear-dresses-in-winter,medium,"Established styling service with seasonal dressing guidance, but commercial retailer context.",The source discusses winter dress outfits and shoe choices including boots and more polished closed footwear.,Best for cold-weather dress outfits.,May not apply to indoor-only formal events where sandals or pumps are preferred.,verified,"Retrieve when user mentions winter, cold weather, knit dresses, or boots."
R005,outside_taxonomy,K021,Removed because the input category is not one of the five frozen categories.,false,"For a wedding guest dress, recommend shoes that match the dress code and occasion level; metallic or dressy shoes can sharpen floral or romantic dresses without changing the dress itself.",dresses,shoes,occasion_matching,"elegant, polished, feminine","metallic, neutral, contrast","wedding, formal, daytime, evening","spring, summer, autumn",womenswear,not specified,smart casual,"wedding guest dress, metallic shoes, dress code, floral dress, occasion shoes",fashion_magazine,What To Wear To A Wedding,British Vogue,2019,https://www.vogue.co.uk/article/what-to-wear-to-a-wedding,high,Highly reputable fashion editorial source on occasion-appropriate wedding guest styling.,The source advises wedding guests to keep their style and notes that metallic jewellery or a strong pair of shoes can toughen florals.,Best for wedding guest dress-shoe recommendations.,"May not apply to weddings with strict cultural, religious or venue-specific requirements.",verified,Good for evidence-constrained wedding recommendation explanations.
R006,outside_taxonomy,,Removed because the input category is not one of the five frozen categories.,false,"For a midi dress in daytime styling, recommend loafers, ballet flats or clean low-profile shoes because these maintain polish while keeping the outfit less formal than eveningwear.",dresses,shoes,smart_casual_styling,"smart casual, polished, relaxed","black, brown, neutral","daytime, smart casual, work",all season,womenswear,balanced silhouette,smart casual,"midi dress, loafers, ballet flats, low profile shoes, daytime polish",fashion_magazine,A Celebrity Guide To Nailing A Smart Casual Dress Code,British Vogue,2023,https://www.vogue.co.uk/article/smart-casual-dress-code-celebrity-guide,high,Highly reputable fashion editorial source discussing smart-casual balance using visible outfit examples.,The source frames smart casual as a mix of relaxed and elegant elements rather than full formalwear.,Best for daytime smart-casual dress styling.,May not apply to floor-length gowns or very casual beach dresses.,verified,Use for smart-casual user requests involving dresses.
R007,retained_or_rewritten,K015,Reassessed against its source and either conservatively rewritten into the replacement KB or superseded by a stronger rule.,false,"For jeans, recommend boots, loafers or clean casual shoes with a proportional shape because jeans-and-shoes pairing depends on balancing shoe bulk with denim fit.",bottoms,shoes,proportion_balance,"casual, smart casual, classic","brown, black, neutral","casual, daytime, smart casual",all season,menswear,proportions,smart casual,"jeans, boots, loafers, shoe bulk, denim fit, proportion",retailer_style_guide,The Right Way to Pair Jeans with Shoes,Stitch Fix Men,2021,https://www.stitchfix.com/men/blog/?p=80,medium,"Established styling service giving explicit jeans-and-shoes pairing guidance, but commercial context.",The source warns that very tight jeans can look disproportionate with bigger shoe styles and discusses boots with jeans.,Best for denim-to-shoe recommendations.,May not apply to intentionally oversized streetwear or runway styling.,verified,Useful when reranking shoes for jeans by silhouette compatibility.
R008,retained_or_rewritten,,Reassessed against its source and either conservatively rewritten into the replacement KB or superseded by a stronger rule.,false,"For straight-leg jeans, recommend ankle boots, pumps or clean sneakers depending on the requested formality because straight denim can work across casual and polished outfits.",bottoms,shoes,formality_matching,"casual, polished, classic","black, white, neutral","casual, work, daytime",all season,womenswear,balanced silhouette,smart casual,"straight leg jeans, ankle boots, pumps, clean sneakers, denim styling",retailer_style_guide,How to Style Straight-Leg Jeans,Stitch Fix,2022,https://www.stitchfix.com/women/blog/?p=76873,medium,"Established styling service guide with explicit shoe/top advice for jeans, but commercial context.","The source states that choosing the right tops and shoes completes straight-leg jeans outfits and mentions boots, pumps and colour-pop sneakers.",Best for straight-leg denim with flexible formality.,May not apply to highly distressed denim in formal contexts.,verified,Retrieve when item text contains straight-leg jeans or denim.
R009,retained_or_rewritten,K016,Reassessed against its source and either conservatively rewritten into the replacement KB or superseded by a stronger rule.,false,"For wide-leg trousers, recommend footwear that prevents the hem from overwhelming the shoe, such as heeled sandals, pointed flats or visible low-profile shoes.",bottoms,shoes,silhouette_balance,"structured, polished, relaxed","neutral, black, brown","work, smart casual, daytime","spring, summer, autumn",womenswear,proportions,smart casual,"wide leg trousers, heeled sandals, pointed flats, hem, shoe visibility",retailer_style_guide,How to wear Wide-Leg Pants,Stitch Fix,2021,https://www.stitchfix.com/women/blog/?p=70798,medium,"Established styling service with practical stylist guidance, but commercial retailer context.",The source advises considering shoes with wide-leg pants and shows sandals and flats as practical pairings.,Best for wide-leg trouser shoe matching.,May not apply to floor-skimming trousers styled intentionally to cover the shoe.,verified,Use for silhouette-aware shoe reranking.
R010,retained_or_rewritten,K016,Reassessed against its source and either conservatively rewritten into the replacement KB or superseded by a stronger rule.,false,"For petite wide-leg trousers, recommend shoes that keep the trouser around ankle length when flats are used, because the source links this to avoiding visual overwhelm.",bottoms,shoes,proportion_balance,"polished, minimal, tailored","neutral, black, beige","work, daytime, smart casual",all season,womenswear,proportions,smart casual,"petite, wide leg jeans, ankle length, flats, elongated silhouette",retailer_style_guide,How to wear wide-leg pants for petites,Stitch Fix,2024,https://www.stitchfix.com/women/blog/?p=20952,medium,"Established styling service with body-proportion guidance, but commercial retailer context.",The source says petite wearers using flats with wide-leg jeans should keep the length around the ankle to avoid overwhelming the silhouette.,Best for petite or proportion-sensitive wide-leg styling.,May not apply when the user intentionally wants pooled hems or oversized styling.,verified,Use body_fit_context for proportion-based filtering.
R011,retained_or_rewritten,,Reassessed against its source and either conservatively rewritten into the replacement KB or superseded by a stronger rule.,false,"For chinos in smart-casual menswear, recommend loafers, Derbys or restrained trainers because chinos sit between tailoring and casualwear.",bottoms,shoes,smart_casual_styling,"smart casual, classic, refined","brown, black, white, neutral","smart casual, work, date night","spring, summer, autumn",menswear,tailored,smart casual,"chinos, loafers, derbys, restrained trainers, smart casual shoes",fashion_magazine,Chinos don't suck - you just suck at styling them,British GQ,2025,https://www.gq-magazine.co.uk/article/what-to-wear-with-chinos,medium,"Reputable menswear editorial source, but the article is practical styling advice rather than academic evidence.",The source describes chinos as carrying smart-casual character and discusses shoe choices for that balance.,Best for chino-based smart-casual outfits.,May not apply to strict business-formal dress codes.,verified,Use when query item category is bottoms and text mentions chinos.
R012,retained_or_rewritten,,Reassessed against its source and either conservatively rewritten into the replacement KB or superseded by a stronger rule.,false,"For chinos with trainers, recommend clean leather or suede trainers rather than athletic statement trainers because the pairing works best when the shoe keeps a quiet smart-casual tone.",bottoms,shoes,smart_casual_styling,"smart casual, minimal, relaxed","white, beige, neutral","smart casual, daytime, date night","spring, summer, autumn",menswear,tailored,smart casual,"chinos, clean trainers, leather trainers, suede trainers, quiet luxury",fashion_magazine,How to style chinos and trainers,British GQ,2026,https://www.gq-magazine.co.uk/article/how-to-style-chinos-and-trainers,medium,"Reputable menswear editorial source, but rule is style-editorial rather than formal dress-code evidence.","The source says chinos and trainers work when supported by crisp shirts, unstructured blazers and more refined leather or suede trainers.",Best for relaxed smart-casual menswear.,May not apply to formal offices or dress-code events.,verified,Use to separate clean trainers from sport sneakers during reranking.
R013,retained_or_rewritten,K017,Reassessed against its source and either conservatively rewritten into the replacement KB or superseded by a stronger rule.,false,"For smart-casual trousers, recommend leather shoes such as loafers, brogues or Derbys because smart-casual guidance links the smarter side of the code to tailoring and leather shoes.",bottoms,shoes,formality_matching,"smart casual, tailored, classic","black, brown, neutral","smart casual, work, dinner",all season,menswear,tailored,smart casual,"trousers, loafers, brogues, derbys, leather shoes, smart casual",fashion_magazine,"A full, BS-free breakdown of how to do smart-casual",British GQ,2023,https://www.gq-magazine.co.uk/article/how-to-dress-smart-casual,high,Reputable menswear publication giving explicit smart-casual category guidance.,"The source identifies smart items as tailoring, trousers, shirts and leather shoes including brogues, Derbys and loafers.",Best for menswear smart-casual shoe matching.,May not apply to fashion-forward sneaker-led smart casual looks.,verified,High-value retrieval rule for smart-casual shoe recommendations.
R014,retained_or_rewritten,K020,Reassessed against its source and either conservatively rewritten into the replacement KB or superseded by a stronger rule.,false,"For business-casual bottoms, recommend smart-looking shoes and avoid overly casual footwear because business casual is positioned above casual denim outfits.",bottoms,shoes,workwear_styling,"business casual, polished, classic","black, brown, neutral","work, business casual",all season,menswear,tailored,business casual,"business casual trousers, smart shoes, office shoes, chinos, loafers",fashion_magazine,What Does Business Casual Attire Mean in 2025? A Guide for Men,GQ,2025,https://www.gq.com/story/business-casual-attire-for-men-explained,high,Reputable menswear editorial source giving dress-code guidance for work and business-casual contexts.,The source discusses business casual as clean and simple work dressing with smart-looking shoes and often chinos or trousers.,Best for office and business-casual recommendations.,May not apply to workplaces with casual sneaker-friendly policies.,verified,"Retrieve when user request mentions office, work or business casual."
R015,retained_or_rewritten,K018,Reassessed against its source and either conservatively rewritten into the replacement KB or superseded by a stronger rule.,false,"For a suit or black-tie trousers, recommend black patent or highly polished dress shoes because black-tie menswear guidance treats polished black footwear as standard evening dress.",bottoms,shoes,formal_evening_styling,"formal, polished, classic",black,"formal, evening, black tie",all season,menswear,tailored,formal,"black tie trousers, tuxedo, black patent shoes, dress shoes, eveningwear",fashion_magazine,Black tie dress code explained,British GQ,2024,https://www.gq-magazine.co.uk/article/black-tie-guide,high,Highly reputable menswear editorial source explaining formal dress-code conventions.,The source recommends black patent leather shoes for black-tie dress codes.,Best for formal menswear trouser-to-shoe recommendations.,May not apply to creative black-tie or national dress variants.,verified,Use to rerank formal shoes for tuxedo or dinner-suit contexts.
R016,retained_or_rewritten,,Reassessed against its source and either conservatively rewritten into the replacement KB or superseded by a stronger rule.,false,"For a lounge suit or formal suit, recommend conservative dress shoes rather than trainers because etiquette sources separate formal attire from casual dress.",bottoms,shoes,formality_matching,"formal, classic, tailored","black, brown, neutral","formal, work, wedding",all season,menswear,tailored,formal,"lounge suit, formal suit, dress shoes, oxfords, derbys",museum_or_institution,Events and Dress Codes,Debrett's,unknown,https://debretts.com/etiquette-category/events-and-dress-codes/,high,Long-established etiquette authority covering formal and semi-formal dress codes.,The source explains formal dress-code categories such as black tie and lounge suit as distinct from casual attire.,Best for conservative formal dress codes.,May not apply to relaxed modern offices or fashion-editorial styling.,verified,"Use where the user request mentions suit, lounge suit, or formal invitation."
R017,outside_taxonomy,,Removed because the input category is not one of the five frozen categories.,false,"For a neutral dress, recommend a contrasting shoe only when the user wants visual emphasis; otherwise tonal or neutral shoes keep the outfit quieter.",dresses,shoes,colour_coordination,"minimal, polished, classic","neutral, tonal, contrast","work, smart casual, evening",all season,general,not specified,general,"neutral dress, tonal shoes, contrast shoes, colour emphasis",academic_paper,Learning Color Compatibility in Fashion Outfits,"Heming Zhang, Xuewen Yang, Jianchao Tan, Chi-Hao Wu, Jue Wang, C.-C. Jay Kuo",2020,https://arxiv.org/abs/2007.02388,high,Academic paper explicitly modelling colour compatibility as an outfit recommendation signal.,The paper supports colour compatibility as an important factor in outfit compatibility prediction.,Best for colour-aware shoe selection.,Does not replace dress-code constraints such as black tie or workplace policy.,verified,Use colour tags to decide whether contrast or tonal shoes should rank higher.
R018,retained_or_rewritten,K019,Reassessed against its source and either conservatively rewritten into the replacement KB or superseded by a stronger rule.,false,"For outfits with one bold-colour garment, recommend shoes in neutral colours when the goal is a conservative outfit because neutral footwear reduces additional colour competition.",tops,shoes,colour_coordination,"minimal, classic, polished","neutral, black, white, beige, grey","work, smart casual, daytime",all season,general,balanced silhouette,general,"bold top, neutral shoes, colour balance, conservative palette",reputable_blog,How to Match Clothes Using the Color Wheel,MasterClass,2021,https://www.masterclass.com/articles/how-to-match-clothes-using-the-color-wheel,medium,Recognised educational publisher; useful for general colour-wheel concepts but not peer-reviewed fashion evidence.,The source explains using colour-wheel schemes and neutrals to simplify clothing colour matching.,Best for conservative colour balancing.,May not apply when the user explicitly requests colour blocking or maximalism.,verified,Retrieve for colour-heavy user requests.
R019,retained_or_rewritten,,Reassessed against its source and either conservatively rewritten into the replacement KB or superseded by a stronger rule.,false,"For monochrome outfits, recommend shoes in the same colour family or a deliberate contrast colour because tonal styling relies on controlled variation inside one palette.",bottoms,shoes,colour_coordination,"minimal, polished, tonal","monochrome, tonal, contrast","work, evening, smart casual",all season,general,balanced silhouette,general,"monochrome outfit, tonal shoes, same colour family, contrast accent",fashion_editorial,How To Wear The Street Style Trend for Tonal Colours,British Vogue,2018,https://www.vogue.co.uk/gallery/how-to-wear-tonal-colours,medium,"Reputable editorial styling gallery, but advice is trend-oriented and less formal than academic evidence.",The source describes tonal dressing as selecting variations of a hue and mixing them together.,Best for monochrome or tonal outfit construction.,May not apply to outfits built around print mixing.,verified,Use for colour-aware reranking and explanation citations.
R020,outside_taxonomy,,Removed because the input category is not one of the five frozen categories.,false,"For dressy date-night outfits, recommend shoes that maintain the outfit's elevated tone, such as polished sandals, mules or refined boots.",dresses,shoes,occasion_matching,"elegant, polished, refined","black, metallic, neutral","date night, evening",all season,womenswear,not specified,evening,"date night dress, polished sandals, mules, refined boots, elevated outfit",retailer_style_guide,"Your Guide To Elegant Date-Night Style, By 5 Fashion Insiders",NET-A-PORTER / PORTER,2026,https://www.net-a-porter.com/en-gb/porter/article-f6421bef33aadc15/fashion/art-of-style/%252Fporter%252Farticle-f6421bef33aadc15,medium,"Established luxury retailer/editorial source with named fashion-insider guidance, but commercial context.",The source positions date-night styling around elegant outfits and complementary accessories rather than casual basics.,Best for date-night dress-to-shoe recommendations.,May not apply to casual daytime dates or walking-heavy plans.,verified,Retrieve for date night and evening contexts.
R021,retained_or_rewritten,,Reassessed against its source and either conservatively rewritten into the replacement KB or superseded by a stronger rule.,false,"For a skirt or dressy bottom in evening styling, recommend patent, metallic or satin-finish shoes only when the rest of the outfit is also elevated.",bottoms,shoes,texture_material_matching,"elegant, polished, refined","black, metallic","evening, party, formal",all season,womenswear,not specified,evening,"evening skirt, patent shoes, metallic shoes, satin, texture matching",fashion_magazine,A Definitive Guide To Cocktail Attire,British Vogue,2025,https://www.vogue.co.uk/article/cocktail-attire-dress-code-guide,high,Highly reputable fashion editorial source on semi-formal cocktail dressing and dress-code caution.,"The source links cocktail dressing with elevated fabrics such as satin, chiffon and taffeta and a dressier occasion level.",Best for evening skirts and dressy separates.,May not apply to daytime skirts or casual fabrics like jersey.,verified,Useful for material-aware explanation generation.
R022,retained_or_rewritten,,Reassessed against its source and either conservatively rewritten into the replacement KB or superseded by a stronger rule.,false,"For straight or relaxed jeans, recommend loafers when the desired result is smart casual because loafers can bridge denim and more polished styling.",bottoms,shoes,smart_casual_styling,"smart casual, polished, classic","black, brown, neutral","smart casual, daytime, work",all season,menswear,balanced silhouette,smart casual,"straight jeans, relaxed jeans, loafers, denim, polished casual",fashion_magazine,How to wear loafers and look like a grownup,British GQ,2026,https://www.gq-magazine.co.uk/article/how-to-wear-loafers,medium,"Reputable menswear editorial source, but loafer styling guidance is contextual and partly trend-sensitive.",The source says chunkier loafers work with denim and that loafer shape affects whether the shoe reads formal or casual.,Best for smart-casual denim looks.,May not apply to very distressed or oversized denim.,verified,Use with item text containing jeans and user request mentioning polish.
R023,citation_overreach,,Removed because the cited evidence supports a general method or design concept but not the concrete styling prescription.,false,"For casual daytime jeans, recommend clean sneakers or low boots when the request is relaxed rather than formal.",bottoms,shoes,casual_daytime_styling,"casual, relaxed, classic","white, brown, black, neutral","casual, daytime, travel",all season,general,relaxed fit,casual,"casual jeans, clean sneakers, low boots, daytime, relaxed shoes",academic_paper,Learning Type-Aware Embeddings for Fashion Compatibility,Marianna D. Vasileva et al.,2018,https://arxiv.org/abs/1803.09196,high,Academic paper focused on type-aware compatibility between apparel categories in outfit recommendation.,"The paper supports modelling compatible items across different apparel types, which fits cross-category denim-to-shoe retrieval.",Best for casual item-completion where the target is shoes.,"The paper supports compatibility modelling generally, not this exact footwear rule.",verified,Good for academic backing of cross-category recommendation.
R024,citation_overreach,,Removed because the cited evidence supports a general method or design concept but not the concrete styling prescription.,false,"For a top-and-bottom outfit with a clear style theme, recommend shoes from the same style family because style-conditioned outfit generation treats style as a compatibility constraint.",tops,shoes,style_consistency,"classic, streetwear, formal, casual","neutral, black, white","casual, work, evening",all season,general,not specified,general,"style consistency, shoes, outfit theme, cross category compatibility",academic_paper,Recommendation of Compatible Outfits Conditioned on Style,Debopriyo Banerjee et al.,2022,https://arxiv.org/abs/2203.16161,high,Academic recommender-system paper treating style conditioning as an explicit factor in outfit generation.,The source argues that outfit generation can be conditioned on high-level styles or themes.,Best for style-tag consistency during shoe reranking.,Does not specify exact shoe type; combine with occasion and formality evidence.,verified,Use to justify style-family matching in reranking.
R025,legacy_accessory_ontology,,Removed or replaced because the row mixes bags with non-bag accessories or uses the retired accessories label.,false,"For an outfit retrieved as a complete look, recommend shoes from a different category but compatible with the existing items because complete-the-look systems model complementary rather than substitute items.",accessories,shoes,shoe_pairing,"general, coordinated","neutral, complementary","casual, work, evening",all season,general,not specified,general,"complete the look, shoes, complementary item, outfit compatibility",academic_paper,Bootstrapping Complete the Look at Pinterest,Pinterest Research,2020,https://arxiv.org/abs/2006.10792,high,Industry-scale academic paper on complementary fashion item recommendation and complete-the-look tasks.,The source studies complementary item recommendation for completing outfits such as finding shoes for an existing look.,Best as a general academic rule for shoe completion.,Requires item-level retrieval to choose the exact shoe type.,verified,Use as a high-level RAG rule when evidence retrieval lacks more specific styling rows.
R026,retained_or_rewritten,,Reassessed against its source and either conservatively rewritten into the replacement KB or superseded by a stronger rule.,false,"For formal menswear trousers, recommend black Oxfords or similarly conservative dress shoes when the event is a traditional wedding or formal daytime code.",bottoms,shoes,occasion_matching,"formal, classic, tailored",black,"wedding, formal, work",all season,menswear,tailored,formal,"formal trousers, oxfords, conservative dress shoes, wedding attire",museum_or_institution,Attire Guide: Dress Codes from Casual to White Tie,Emily Post Institute,unknown,https://emilypost.com/advice/attire-guide-dress-codes-from-casual-to-white-tie,high,Authoritative etiquette institution with stable dress-code guidance.,The attire guide separates formal dress codes from casual and provides conventional dress-code categories.,Best for conservative event-based menswear recommendations.,May not apply to contemporary fashion-led weddings with relaxed dress codes.,verified,Use when user mentions formal invitation or traditional event.
R027,outside_taxonomy,K029,Removed because the input category is not one of the five frozen categories.,false,"For a black-tie dress, recommend a small evening bag, refined jewellery or formal accessories because black-tie outfits are treated as a complete evening capsule.",dresses,accessories,formal_evening_styling,"formal, elegant, polished","black, metallic, neutral","formal, evening, black tie",all season,womenswear,not specified,evening,"black tie dress, evening bag, clutch, refined jewellery, formal accessories",fashion_magazine,The Vogue Guide To A Black-Tie Dress Code,British Vogue,2025,https://www.vogue.co.uk/article/black-tie-dress-code,high,Highly reputable fashion editorial source explaining formal evening dress-code conventions.,"The source frames black-tie dressing as a repeatable capsule of gowns, tuxedos and accessories.",Best for formal dress-to-accessory recommendations.,May not apply to minimalist users who request no jewellery.,verified,Use to justify clutch and jewellery recommendations in formal explanations.
R028,outside_taxonomy,,Removed because the input category is not one of the five frozen categories.,false,"For a cocktail dress, recommend accessories that dress the look up without overpowering it because cocktail attire permits polish but is less rigid than black tie.",dresses,accessories,accessory_coordination,"semi formal, polished, elegant","metallic, black, neutral","cocktail, evening, party",all season,womenswear,not specified,evening,"cocktail dress, clutch, jewellery, semi formal accessories, balanced accessories",fashion_magazine,A Definitive Guide To Cocktail Attire,British Vogue,2025,https://www.vogue.co.uk/article/cocktail-attire-dress-code-guide,high,Highly reputable fashion editorial source on semi-formal cocktail dressing and dress-code caution.,The source describes cocktail attire as semi-formal and advises dressing up while using the dress code as guidance.,Best for cocktail and party dress accessories.,May not apply to ultra-minimal or deliberately maximal outfits.,verified,Use accessory tags to avoid unsupported overstatement.
R029,outside_taxonomy,K021|K030,Removed because the input category is not one of the five frozen categories.,false,"For a wedding guest dress, recommend accessories that respect the dress code and avoid competing with the occasion, such as metallic jewellery or a refined bag.",dresses,accessories,occasion_matching,"elegant, polished, feminine","metallic, neutral","wedding, formal, daytime, evening","spring, summer, autumn",womenswear,not specified,smart casual,"wedding guest dress, metallic jewellery, refined bag, dress code",fashion_magazine,What To Wear To A Wedding,British Vogue,2019,https://www.vogue.co.uk/article/what-to-wear-to-a-wedding,high,Highly reputable fashion editorial source on occasion-appropriate wedding guest styling.,The source advises wedding guests to stay aligned with the occasion and suggests metallic jewellery as a way to sharpen florals.,Best for wedding guest accessory suggestions.,May not apply where cultural dress rules specify different accessories.,verified,Use for wedding or guest-dress queries.
R030,outside_taxonomy,,Removed because the input category is not one of the five frozen categories.,false,"For a simple dress, recommend one focal accessory such as a necklace, belt or bag because a dress can be styled by selecting accessories that mix and match around the garment.",dresses,accessories,accessory_coordination,"minimal, polished, classic","neutral, metallic, contrast","casual, work, evening",all season,womenswear,not specified,general,"simple dress, necklace, belt, handbag, focal accessory",retailer_style_guide,How to Accessorize Dresses,Stitch Fix,2022,https://www.stitchfix.com/women/blog/fashion-tips/how-to-accessorize-dresses/,medium,"Established styling service guide focused on accessories, but commercial retailer context.","The source explicitly says to choose necklaces, shoes or bags to mix and match after selecting a dress.",Best for simple dress accessorising.,May not apply to dresses that are already heavily embellished.,verified,Retrieve when item text suggests simple or plain dresses.
R031,outside_taxonomy,,Removed because the input category is not one of the five frozen categories.,false,"For a resort or summer dress, recommend lightweight accessories such as a woven bag or minimal jewellery because warm-weather dress styling is usually kept simple.",dresses,accessories,seasonal_layering,"casual, relaxed, minimal","beige, brown, neutral, earth tones","summer, travel, casual",summer,womenswear,not specified,casual,"resort dress, woven bag, minimal jewellery, summer accessories",retailer_style_guide,How to Accessorize Dresses,Stitch Fix,2022,https://www.stitchfix.com/women/blog/fashion-tips/how-to-accessorize-dresses/,medium,"Established styling service guide focused on accessories, but commercial retailer context.",The source describes resort wear accessorising and states that keeping it simple is key.,Best for summer resort dress recommendations.,May not apply to formal summer events.,verified,Use season_tags to retrieve this for summer styling.
R032,outside_taxonomy,K031,Removed because the input category is not one of the five frozen categories.,false,"For date-night outfits with minimal clothing, recommend statement jewellery, a handbag or a scarf as a controlled accent because accessories can complete a simple evening look.",dresses,accessories,occasion_matching,"elegant, polished, refined","black, metallic, contrast","date night, evening",all season,womenswear,not specified,evening,"date night, statement jewellery, handbag, scarf, minimal outfit",retailer_style_guide,"Your Guide To Elegant Date-Night Style, By 5 Fashion Insiders",NET-A-PORTER / PORTER,2026,https://www.net-a-porter.com/en-gb/porter/article-f6421bef33aadc15/fashion/art-of-style/%252Fporter%252Farticle-f6421bef33aadc15,medium,"Established luxury retailer/editorial source with named fashion-insider guidance, but commercial context.","The source advises complementing a minimal outfit with statement jewellery, a handbag or a small scarf.",Best for simple date-night outfits.,May not apply to already ornate dresses or casual day dates.,verified,Useful for user requests mentioning date night.
R033,outside_taxonomy,K032,Removed because the input category is not one of the five frozen categories.,false,"For festive or evening outfits, recommend a coloured shoe-and-bag accent only when the clothing base is simple enough to support the colour contrast.",dresses,accessories,colour_coordination,"elegant, playful, polished","bold colour, contrast, black, neutral","party, evening, festive","winter, all season",womenswear,not specified,evening,"festive outfit, colour pop, shoes and bags, simple base",retailer_style_guide,Personal Shopper Ella Shares Her Must-Haves,NET-A-PORTER / PORTER,2022,https://www.net-a-porter.com/en-gb/porter/article-bfe6ce452df5c6e5/fashion/art-of-style/net-a-porter-personal-shopper,medium,"Established luxury retailer/editorial source with personal-shopper styling advice, but commercial context.",The source notes that festive accessories often default to black but can use a pop of colour with shoes and bags.,Best for party or festive accessory coordination.,May not apply to strict black-tie or conservative work events.,verified,Use colour tags for controlled contrast recommendations.
R034,legacy_accessory_ontology,,Removed or replaced because the row mixes bags with non-bag accessories or uses the retired accessories label.,false,"For a formal suit or tuxedo, recommend restrained accessories such as a bow tie, cufflinks or pocket square because traditional black-tie guidance discourages novelty accessories.",bottoms,accessories,formal_evening_styling,"formal, classic, polished","black, white, metallic","formal, evening, black tie",all season,menswear,tailored,formal,"tuxedo, bow tie, cufflinks, pocket square, black tie accessories",fashion_editorial,What To Wear To A Black Tie Event,MR PORTER,2016,https://www.mrporter.com/en-fr/journal/fashion/what-to-wear-to-a-black-tie-event-669124,medium,"Established menswear editorial source, but retail/editorial rather than academic evidence.",The source frames black tie as strict formalwear and rejects novelty accessory twists for a standard black-tie code.,Best for conservative black-tie menswear.,May not apply to creative black tie or themed events.,verified,"Retrieve for tuxedo, dinner jacket and black-tie accessory recommendations."
R035,legacy_accessory_ontology,,Removed or replaced because the row mixes bags with non-bag accessories or uses the retired accessories label.,false,"For a lounge suit, recommend a tie, pocket square or dress watch only when the requested setting is formal or business rather than casual.",bottoms,accessories,formality_matching,"formal, classic, tailored","navy, grey, black, neutral","work, formal, wedding",all season,menswear,tailored,formal,"lounge suit, tie, pocket square, dress watch, formal accessories",museum_or_institution,Events and Dress Codes,Debrett's,unknown,https://debretts.com/etiquette-category/events-and-dress-codes/,high,Long-established etiquette authority covering formal and semi-formal dress codes.,The source distinguishes lounge suit and formal dress codes from more casual event attire.,Best for formal menswear suit accessorising.,May not apply to workplaces that discourage ties or formal accessories.,verified,Use when formality_level is formal or business casual.
R036,legacy_accessory_ontology,,Removed or replaced because the row mixes bags with non-bag accessories or uses the retired accessories label.,false,"For smart-casual menswear, recommend accessories that keep the outfit neat but not ceremonial, such as a leather belt or simple watch.",bottoms,accessories,smart_casual_styling,"smart casual, refined, relaxed","brown, black, neutral","smart casual, dinner, work",all season,menswear,tailored,smart casual,"smart casual, leather belt, simple watch, restrained accessories",fashion_magazine,"A full, BS-free breakdown of how to do smart-casual",British GQ,2023,https://www.gq-magazine.co.uk/article/how-to-dress-smart-casual,high,Reputable menswear publication giving explicit smart-casual category guidance.,The source defines smart casual as a middle ground between tailoring and relaxed clothing.,Best for smart-casual accessories.,May not apply to formal ceremonies or streetwear styling.,verified,Use to keep explanations aligned with smart-casual middle-ground logic.
R037,legacy_accessory_ontology,,Removed or replaced because the row mixes bags with non-bag accessories or uses the retired accessories label.,false,"For business-casual outfits, recommend clean and simple accessories rather than ornate evening pieces because business casual is framed as polished work dressing.",tops,accessories,workwear_styling,"business casual, polished, minimal","black, brown, neutral, metallic","work, business casual",all season,general,not specified,business casual,"business casual, simple accessories, office, clean styling, workwear",fashion_magazine,What Does Business Casual Attire Mean in 2025? A Guide for Men,GQ,2025,https://www.gq.com/story/business-casual-attire-for-men-explained,high,Reputable menswear editorial source giving dress-code guidance for work and business-casual contexts.,"The source describes business casual around clean, simple work-appropriate items and smart-looking finishing pieces.",Best for office and business-casual recommendations.,May not apply to creative workplaces with expressive dress norms.,verified,Use for workplace explanation constraints.
R038,legacy_accessory_ontology,,Removed or replaced because the row mixes bags with non-bag accessories or uses the retired accessories label.,false,"For monochrome outfits, recommend accessories in the same colour family or one deliberate accent because tonal dressing depends on controlled colour variation.",tops,accessories,colour_coordination,"minimal, tonal, polished","monochrome, tonal, contrast","work, evening, smart casual",all season,general,balanced silhouette,general,"monochrome outfit, tonal bag, tonal jewellery, accent accessory",fashion_editorial,How To Wear The Street Style Trend for Tonal Colours,British Vogue,2018,https://www.vogue.co.uk/gallery/how-to-wear-tonal-colours,medium,"Reputable editorial styling gallery, but advice is trend-oriented and less formal than academic evidence.",The source describes tonal dressing as combining variations of one hue.,Best for monochrome outfit completion.,May not apply to print-heavy outfits.,verified,Use for colour-aware accessory reranking.
R039,legacy_accessory_ontology,,Removed or replaced because the row mixes bags with non-bag accessories or uses the retired accessories label.,false,"For outfits using complementary colours, recommend accessories as the controlled contrast point rather than adding multiple competing garment colours.",tops,accessories,colour_coordination,"polished, expressive, minimal","complementary, contrast, bold colour","casual, smart casual, evening",all season,general,balanced silhouette,general,"complementary colours, accent bag, contrast jewellery, colour wheel",reputable_blog,How to Match Clothes Using the Color Wheel,MasterClass,2021,https://www.masterclass.com/articles/how-to-match-clothes-using-the-color-wheel,medium,Recognised educational publisher; useful for general colour-wheel concepts but not peer-reviewed fashion evidence.,The source explains complementary colours as a colour-wheel scheme that can guide outfit matching.,Best for adding one colour accent to a restrained outfit.,May not apply to maximalist or colour-blocked styling goals.,verified,Use when user request asks for colour coordination.
R040,legacy_accessory_ontology,,Removed or replaced because the row mixes bags with non-bag accessories or uses the retired accessories label.,false,"For neutral outfits, recommend a metallic accessory when the user requests evening polish because metallic accents can add dressiness without changing the clothing palette.",tops,accessories,formal_evening_styling,"elegant, polished, minimal","metallic, neutral, black","evening, date night, party",all season,womenswear,not specified,evening,"neutral outfit, metallic accessory, evening polish, jewellery, clutch",fashion_magazine,What To Wear To A Wedding,British Vogue,2019,https://www.vogue.co.uk/article/what-to-wear-to-a-wedding,high,Highly reputable fashion editorial source on occasion-appropriate wedding guest styling.,The source gives metallic jewellery as an example of sharpening or toughening a softer dress look.,Best for neutral evening outfits.,May not apply to conservative daytime or no-jewellery preferences.,verified,Useful for explanation generation around colour/material accents.
R041,outside_taxonomy,,Removed because the input category is not one of the five frozen categories.,false,"For a work dress or structured office outfit, recommend a structured bag and minimal jewellery because business styling usually favours polish and clarity over decorative excess.",dresses,accessories,workwear_styling,"business casual, polished, structured","black, navy, brown, neutral","work, business casual",all season,womenswear,tailored,business casual,"work dress, structured bag, minimal jewellery, office accessories",retailer_style_guide,Business Casual Clothing And Styling,Stitch Fix,unknown,https://www.stitchfix.com/women/business-casual,medium,"Established styling service category guide, but publication date and evidence detail are limited.",The source positions business-casual clothing around structured workwear pieces.,Best for office dress accessorising.,May not apply to creative-office or casual-Friday styling.,verified,Retrieve for work and business casual queries.
R042,legacy_accessory_ontology,,Removed or replaced because the row mixes bags with non-bag accessories or uses the retired accessories label.,false,"For outerwear-led outfits, recommend accessories that match the coat's formality, such as a leather bag with tailored coats or relaxed knit accessories with casual jackets.",outerwear,accessories,style_consistency,"tailored, relaxed, classic","neutral, black, brown","work, casual, winter","autumn, winter",general,layering,general,"coat, leather bag, knit scarf, tailored coat, casual jacket",academic_paper,Bootstrapping Complete the Look at Pinterest,Pinterest Research,2020,https://arxiv.org/abs/2006.10792,high,Industry-scale academic paper on complementary fashion item recommendation and complete-the-look tasks.,"The source studies complete-the-look recommendation, where different item categories are chosen to complement an existing outfit.",Best for matching accessory formality to outerwear.,Requires visual or textual detection of coat style.,verified,Use for outerwear-to-accessory recommendations.
R043,legacy_accessory_ontology,,Removed or replaced because the row mixes bags with non-bag accessories or uses the retired accessories label.,false,"For a tailored coat, recommend a structured bag or refined scarf because structured outerwear is best completed with accessories that preserve the polished line.",outerwear,accessories,accessory_coordination,"tailored, polished, classic","black, camel, navy, neutral","work, smart casual, winter","autumn, winter",general,tailored,business casual,"tailored coat, structured bag, refined scarf, polished accessories",museum_or_institution,Fashion - Explore the Collections,Victoria and Albert Museum,unknown,https://www.vam.ac.uk/collections/fashion,high,Major museum institution with authoritative fashion collection and material/design context.,"The museum collection source supports analysing fashion through construction, material and design context, useful for structured garment reasoning.",Best for tailored outerwear and polished accessories.,Museum evidence supports design context more than direct styling advice.,needs_manual_check,Use with manual audit note if relying on garment construction terminology.
R044,legacy_accessory_ontology,K028|K033,Removed or replaced because the row mixes bags with non-bag accessories or uses the retired accessories label.,false,"For casual jackets, recommend relaxed accessories such as canvas totes, caps or knit scarves when the user asks for daytime styling.",outerwear,accessories,casual_daytime_styling,"casual, relaxed, streetwear","neutral, earth tones, bold colour","casual, daytime, travel","spring, autumn, winter",unisex,relaxed fit,casual,"casual jacket, tote, cap, knit scarf, daytime accessories",fashion_magazine,A Celebrity Guide To Nailing A Smart Casual Dress Code,British Vogue,2023,https://www.vogue.co.uk/article/smart-casual-dress-code-celebrity-guide,high,Highly reputable fashion editorial source discussing smart-casual balance using visible outfit examples.,The source frames smart/casual styling as balancing relaxed and elegant pieces.,Best for relaxed jacket-based outfits.,May not apply to formal coats or business settings.,verified,Use occasion tags to avoid recommending casual accessories for formal contexts.
R045,legacy_accessory_ontology,,Removed or replaced because the row mixes bags with non-bag accessories or uses the retired accessories label.,false,"For shoes with strong visual detail, recommend simple accessories so the outfit has one clear accent rather than several competing focal points.",shoes,accessories,accessory_coordination,"minimal, polished, refined","neutral, metallic, contrast","evening, smart casual, party",all season,general,balanced silhouette,general,"statement shoes, simple bag, minimal jewellery, focal point",retailer_style_guide,"Your Guide To Elegant Date-Night Style, By 5 Fashion Insiders",NET-A-PORTER / PORTER,2026,https://www.net-a-porter.com/en-gb/porter/article-f6421bef33aadc15/fashion/art-of-style/%252Fporter%252Farticle-f6421bef33aadc15,medium,"Established luxury retailer/editorial source with named fashion-insider guidance, but commercial context.",The source advises complementing minimal outfits with accessories and implies accessory choices should tie the look together rather than compete.,Best for statement shoes and restrained accessories.,May not apply to maximalist styling or editorial shoots.,verified,Use for shoe-to-accessory explanation constraints.
R046,legacy_accessory_ontology,K037,Removed or replaced because the row mixes bags with non-bag accessories or uses the retired accessories label.,false,"For metallic shoes, recommend a bag or jewellery that repeats or harmonises with the metallic tone when the user requests a polished evening outfit.",shoes,accessories,texture_material_matching,"elegant, polished, refined","metallic, neutral","evening, party, wedding",all season,womenswear,not specified,evening,"metallic shoes, metallic bag, jewellery, evening accessories, texture",retailer_style_guide,The Harrods Guide to Women’s Black-Tie Dress Codes,Harrods,unknown,https://www.harrods.com/en-gb/c/stories/women/black-tie-dress-code-guide,medium,"Established luxury retailer with expert style guidance, but commercial context and limited date clarity.",The source discusses black-tie accessories and shoes as part of women's evening dress-code styling.,Best for evening or black-tie accessory matching.,May not apply to casual metallic footwear.,verified,Use material tags to align accessories with shoes.
R047,legacy_accessory_ontology,,Removed or replaced because the row mixes bags with non-bag accessories or uses the retired accessories label.,false,"For loafers in smart-casual menswear, recommend socks, belt or watch choices that keep the look intentional rather than overly formal.",shoes,accessories,smart_casual_styling,"smart casual, classic, relaxed","black, brown, neutral","smart casual, daytime, work",all season,menswear,not specified,smart casual,"loafers, socks, belt, watch, smart casual accessories",fashion_magazine,How to wear loafers and look like a grownup,British GQ,2026,https://www.gq-magazine.co.uk/article/how-to-wear-loafers,medium,"Reputable menswear editorial source, but loafer styling guidance is contextual and partly trend-sensitive.",The source explains how loafer shape and styling details shift between casual and formal readings.,Best for menswear loafer-based outfits.,May not apply to black-tie footwear or athletic shoes.,verified,Retrieve when shoe category includes loafers.
R048,legacy_accessory_ontology,,Removed or replaced because the row mixes bags with non-bag accessories or uses the retired accessories label.,false,"For black dress shoes in formalwear, recommend restrained accessories such as cufflinks or a pocket square because formal menswear relies on controlled finishing details.",shoes,accessories,formal_evening_styling,"formal, classic, polished","black, white, metallic","formal, evening, black tie",all season,menswear,tailored,formal,"black dress shoes, cufflinks, pocket square, formal accessories",fashion_magazine,Black tie dress code explained,British GQ,2024,https://www.gq-magazine.co.uk/article/black-tie-guide,high,Highly reputable menswear editorial source explaining formal dress-code conventions.,The source links black-tie outfits to formal shoes and conventional evening dress components.,Best for black-tie menswear accessories.,May not apply to creative dress codes.,verified,Use with formality-level filtering.
R049,legacy_accessory_ontology,,Removed or replaced because the row mixes bags with non-bag accessories or uses the retired accessories label.,false,"For an outfit with patterned clothing, recommend accessories in a quieter colour pulled from the pattern rather than adding an unrelated competing colour.",tops,accessories,colour_coordination,"classic, polished, minimal","neutral, tonal, complementary","work, smart casual, casual",all season,general,balanced silhouette,general,"patterned top, quiet accessories, colour from pattern, bag, jewellery",book,Interaction of Color,Josef Albers,1963,"Albers, Josef. Interaction of Color. Yale University Press, 1963.",high,Canonical colour-theory book; not fashion-specific but authoritative for visual colour interaction principles.,The book establishes that colours interact visually; using a related colour helps control contrast and interaction.,Best for pattern-heavy outfits needing accessories.,"Colour theory source is not fashion-specific, so combine with styling evidence where possible.",verified,Use for colour-retrieval when pattern terms appear.
R050,outside_taxonomy,,Removed because the input category is not one of the five frozen categories.,false,"For fashion-item recommendation, treat accessories as complementary items rather than substitutes when completing an outfit around an existing garment.",dresses,accessories,style_consistency,"general, coordinated","neutral, complementary","casual, work, evening",all season,general,not specified,general,"accessories, complementary item, complete the look, outfit compatibility",academic_paper,Bootstrapping Complete the Look at Pinterest,Pinterest Research,2020,https://arxiv.org/abs/2006.10792,high,Industry-scale academic paper on complementary fashion item recommendation and complete-the-look tasks.,The paper studies recommendation of items that complete an outfit rather than replace an existing item.,Best as an academic foundation for accessory retrieval.,Does not specify exact styling types; combine with specific fashion rules.,verified,Use as general RAG evidence for accessory completion.
R051,legacy_accessory_ontology,,Removed or replaced because the row mixes bags with non-bag accessories or uses the retired accessories label.,false,"For a classic menswear outfit, recommend accessories that maintain proportion with tailoring, such as a belt width and tie scale that do not visually overpower the suit.",tops,accessories,proportion_balance,"classic, tailored, formal","black, brown, navy, neutral","work, formal, smart casual",all season,menswear,proportions,business casual,"menswear accessories, tie scale, belt, tailoring, proportion",book,Dressing the Man: Mastering the Art of Permanent Fashion,Alan Flusser,2002,"Flusser, Alan. Dressing the Man: Mastering the Art of Permanent Fashion. HarperCollins, 2002.",high,"Well-known menswear book focused on stable tailoring, proportion and classic dress principles.","The book focuses on permanent menswear principles including tailoring, proportion and harmony.",Best for classic tailored menswear.,Book guidance may be conservative and menswear-specific.,verified,Use for proportion-aware accessory explanations.
R052,legacy_accessory_ontology,,Removed or replaced because the row mixes bags with non-bag accessories or uses the retired accessories label.,false,"For colour-aware outfit generation, recommend accessories whose colour is compatible with the existing clothing palette because colour compatibility is a measurable signal in fashion recommendation.",accessories,accessories,colour_coordination,"general, coordinated","neutral, complementary, tonal, contrast","casual, work, evening",all season,general,not specified,general,"accessory colour, outfit palette, colour compatibility, recommendation",academic_paper,Learning Color Compatibility in Fashion Outfits,"Heming Zhang, Xuewen Yang, Jianchao Tan, Chi-Hao Wu, Jue Wang, C.-C. Jay Kuo",2020,https://arxiv.org/abs/2007.02388,high,Academic paper explicitly modelling colour compatibility as an outfit recommendation signal.,The paper shows that colour compatibility is important for fashion outfit compatibility prediction.,Best for colour-aware accessory-to-accessory or outfit completion.,Needs item metadata or image colour extraction to apply automatically.,verified,Use as academic grounding for colour-score features.
R053,retained_or_rewritten,K001,Reassessed against its source and either conservatively rewritten into the replacement KB or superseded by a stronger rule.,false,"For wide-leg trousers, recommend a fitted or tucked top because reducing volume above the waist helps offset the fullness of the trouser leg.",bottoms,tops,silhouette_balance,"polished, structured, minimal","neutral, tonal","work, smart casual, daytime",all season,womenswear,"fitted, proportions",smart casual,"wide leg trousers, fitted top, tucked top, volume balance, waist definition",retailer_style_guide,How to wear Wide-Leg Pants,Stitch Fix,2021,https://www.stitchfix.com/women/blog/?p=70798,medium,"Established styling service with practical stylist guidance, but commercial retailer context.",The source gives a stylist tip to offset wide-leg fullness by pairing the trousers with fitted tops.,Best for wide-leg trousers and volume balancing.,May not apply to intentionally oversized or relaxed silhouettes.,verified,High-value rule for silhouette-aware top reranking.
R054,retained_or_rewritten,,Reassessed against its source and either conservatively rewritten into the replacement KB or superseded by a stronger rule.,false,"For petite wide-leg jeans, recommend a top that defines the waist, such as a tucked blouse or cropped knit, because the source links high-rise waist emphasis to balancing wide proportions.",bottoms,tops,proportion_balance,"polished, tailored, minimal","neutral, tonal","work, smart casual, daytime",all season,womenswear,proportions,smart casual,"petite wide leg jeans, tucked blouse, cropped knit, waist definition",retailer_style_guide,How to wear wide-leg pants for petites,Stitch Fix,2024,https://www.stitchfix.com/women/blog/?p=20952,medium,"Established styling service with body-proportion guidance, but commercial retailer context.",The source says high-rise wide-leg styles hit near the narrowest waist and can create a tailored feel.,Best for petite or proportion-sensitive wide-leg styling.,May not apply to low-rise trousers or deliberately slouchy styling.,verified,Use when user mentions petite or proportion concerns.
R055,retained_or_rewritten,,Reassessed against its source and either conservatively rewritten into the replacement KB or superseded by a stronger rule.,false,"For straight-leg jeans, recommend tops selected by the intended formality: a tee for casual, a blouse for polish, or a blazer layer for work.",bottoms,tops,formality_matching,"casual, polished, classic","white, black, neutral","casual, work, daytime",all season,womenswear,balanced silhouette,smart casual,"straight leg jeans, tee, blouse, blazer, denim formality",retailer_style_guide,How to Style Straight-Leg Jeans,Stitch Fix,2022,https://www.stitchfix.com/women/blog/?p=76873,medium,"Established styling service guide with explicit shoe/top advice for jeans, but commercial context.",The source states that choosing the right tops and shoes creates a complementary straight-leg jeans outfit.,Best for straight-leg denim top recommendations.,May not apply to formal dress codes where jeans are excluded.,verified,Use for top reranking based on user-request formality.
R056,retained_or_rewritten,,Reassessed against its source and either conservatively rewritten into the replacement KB or superseded by a stronger rule.,false,"For smart-casual trousers, recommend a collared shirt, knit polo or fine-gauge sweater because smart casual balances relaxed clothing with tailored pieces.",bottoms,tops,smart_casual_styling,"smart casual, classic, refined","white, navy, grey, neutral","smart casual, dinner, work",all season,menswear,tailored,smart casual,"smart casual trousers, collared shirt, knit polo, fine gauge sweater",fashion_magazine,"A full, BS-free breakdown of how to do smart-casual",British GQ,2023,https://www.gq-magazine.co.uk/article/how-to-dress-smart-casual,high,Reputable menswear publication giving explicit smart-casual category guidance.,"The source links smart-casual styling to tailored trousers, shirts and pieces smarter than tracksuits but less formal than suits.",Best for menswear smart-casual top selection.,May not apply to formal events requiring a shirt and tie.,verified,Use for smart-casual cross-category retrieval.
R057,retained_or_rewritten,K002,Reassessed against its source and either conservatively rewritten into the replacement KB or superseded by a stronger rule.,false,"For chinos, recommend softer tailoring or knitwear rather than only stiff dress shirts when the goal is modern smart casual.",bottoms,tops,smart_casual_styling,"smart casual, relaxed, refined","neutral, navy, beige","smart casual, date night, daytime","spring, autumn, winter",menswear,relaxed fit,smart casual,"chinos, knitwear, soft tailoring, relaxed smart casual",fashion_magazine,Chinos don't suck - you just suck at styling them,British GQ,2025,https://www.gq-magazine.co.uk/article/what-to-wear-with-chinos,medium,"Reputable menswear editorial source, but the article is practical styling advice rather than academic evidence.",The source suggests swapping stiff shirt-and-blazer combinations for softer tailoring and knits with chinos.,Best for chino-based smart-casual outfits.,May not apply to strict business or formal contexts.,verified,Use to recommend knit tops with chinos.
R058,retained_or_rewritten,,Reassessed against its source and either conservatively rewritten into the replacement KB or superseded by a stronger rule.,false,"For business-casual bottoms, recommend clean shirts, sweaters or simple polished tops because business casual should remain work-appropriate even when relaxed.",bottoms,tops,workwear_styling,"business casual, polished, classic","white, navy, grey, neutral","work, business casual",all season,general,tailored,business casual,"business casual trousers, clean shirt, sweater, office top",fashion_magazine,What Does Business Casual Attire Mean in 2025? A Guide for Men,GQ,2025,https://www.gq.com/story/business-casual-attire-for-men-explained,high,Reputable menswear editorial source giving dress-code guidance for work and business-casual contexts.,"The source frames business casual as clean and simple work dressing with sweaters, blazers and smart-looking items.",Best for workwear top recommendations.,May not apply to uniformed workplaces or formal offices.,verified,Retrieve for office and work user requests.
R059,retained_or_rewritten,,Reassessed against its source and either conservatively rewritten into the replacement KB or superseded by a stronger rule.,false,"For a casual skirt or jeans outfit, recommend a simple tee or casual shirt when the request is daytime rather than evening.",bottoms,tops,casual_daytime_styling,"casual, relaxed, classic","white, neutral, pastel","casual, daytime, travel","spring, summer, autumn",general,relaxed fit,casual,"jeans, skirt, t-shirt, casual shirt, daytime outfit",museum_or_institution,Attire Guide: Dress Codes from Casual to White Tie,Emily Post Institute,unknown,https://emilypost.com/advice/attire-guide-dress-codes-from-casual-to-white-tie,high,Authoritative etiquette institution with stable dress-code guidance.,The attire guide distinguishes casual clothing from business and formal dress-code categories.,Best for casual daytime outfit completion.,May not apply to smart-casual venues or dress-code events.,verified,Use to avoid over-formal top recommendations for casual prompts.
R060,retained_or_rewritten,,Reassessed against its source and either conservatively rewritten into the replacement KB or superseded by a stronger rule.,false,"For formal trousers or a suit, recommend a dress shirt rather than a T-shirt because formal dress codes separate suits from casual dressing.",bottoms,tops,formality_matching,"formal, classic, tailored","white, blue, black","formal, work, wedding",all season,menswear,tailored,formal,"formal trousers, suit, dress shirt, formal top, lounge suit",museum_or_institution,Events and Dress Codes,Debrett's,unknown,https://debretts.com/etiquette-category/events-and-dress-codes/,high,Long-established etiquette authority covering formal and semi-formal dress codes.,The source describes formal and lounge suit dress codes as conventional dressed-up attire.,Best for formal menswear top recommendations.,May not apply to fashion-forward casual suiting.,verified,Use for formal formality-level filtering.
R061,retained_or_rewritten,,Reassessed against its source and either conservatively rewritten into the replacement KB or superseded by a stronger rule.,false,"For a neutral bottom, recommend a top within the same tonal family when the user requests a quiet minimal outfit.",bottoms,tops,colour_coordination,"minimal, tonal, classic","neutral, monochrome, tonal","work, smart casual, casual",all season,general,balanced silhouette,general,"neutral trousers, tonal top, monochrome, minimal palette",fashion_editorial,How To Wear The Street Style Trend for Tonal Colours,British Vogue,2018,https://www.vogue.co.uk/gallery/how-to-wear-tonal-colours,medium,"Reputable editorial styling gallery, but advice is trend-oriented and less formal than academic evidence.",The source describes mixing variations of one hue for tonal dressing.,Best for minimal or monochrome outfits.,May not apply to users requesting contrast or bold colour.,verified,Use colour tags to rerank tonal tops.
R062,retained_or_rewritten,,Reassessed against its source and either conservatively rewritten into the replacement KB or superseded by a stronger rule.,false,"For a bold-colour bottom, recommend either a neutral top for restraint or a colour-wheel-based top when the user explicitly wants colour coordination.",bottoms,tops,colour_coordination,"polished, expressive, casual","bold colour, neutral, complementary","casual, smart casual, evening",all season,general,balanced silhouette,general,"bold trousers, neutral top, complementary colour, colour wheel",fashion_magazine,How to Master Color Theory for Clothing Like a Vogue Fashion Editor,Vogue,2026,https://www.vogue.com/article/color-theory-for-clothing,high,Highly reputable fashion editorial source connecting clothing coordination to colour-theory principles.,The source explains building outfits using colour theory and the colour wheel.,Best for colour-aware top selection.,May not apply where brand-specific colour matching is desired.,verified,Use in retrieval for bold-colour item text.
R063,citation_overreach,,Removed because the cited evidence supports a general method or design concept but not the concrete styling prescription.,false,"For patterned bottoms, recommend a quieter solid top that repeats one colour from the pattern when the goal is a coherent outfit.",bottoms,tops,colour_coordination,"classic, polished, minimal","tonal, neutral, complementary","work, smart casual, casual",all season,general,balanced silhouette,general,"patterned trousers, solid top, colour from pattern, coherent palette",book,Interaction of Color,Josef Albers,1963,"Albers, Josef. Interaction of Color. Yale University Press, 1963.",high,Canonical colour-theory book; not fashion-specific but authoritative for visual colour interaction principles.,"The book explains visual colour interaction, supporting controlled repetition of colour rather than unrelated contrast.",Best for patterned bottoms and conservative styling.,Colour theory is not fashion-specific; combine with fashion-source evidence when possible.,verified,Use pattern keywords to retrieve this rule.
R064,retained_or_rewritten,K004,Reassessed against its source and either conservatively rewritten into the replacement KB or superseded by a stronger rule.,false,"For jeans and loafers, recommend a top that is cleaner than sportswear, such as a button-down, knit or plain tee with an outer layer, to keep the look smart casual.",shoes,tops,smart_casual_styling,"smart casual, classic, relaxed","white, navy, neutral","smart casual, daytime, work",all season,menswear,balanced silhouette,smart casual,"loafers, jeans, button down, knit, plain tee, smart casual",fashion_magazine,How to wear loafers and look like a grownup,British GQ,2026,https://www.gq-magazine.co.uk/article/how-to-wear-loafers,medium,"Reputable menswear editorial source, but loafer styling guidance is contextual and partly trend-sensitive.",The source frames loafers as able to work with denim while their shape shifts the outfit between casual and formal.,Best for loafer-led smart-casual outfits.,May not apply to black-tie shoes or athletic sneakers.,verified,Use when query item is shoes and target is tops.
R065,retained_or_rewritten,K003,Reassessed against its source and either conservatively rewritten into the replacement KB or superseded by a stronger rule.,false,"For clean trainers with chinos, recommend a crisp shirt or unstructured blazer layer over a tee to keep the outfit smart enough for dinner or date-night settings.",shoes,tops,smart_casual_styling,"smart casual, relaxed, refined","white, beige, neutral","date night, smart casual, daytime","spring, summer, autumn",menswear,relaxed fit,smart casual,"clean trainers, chinos, crisp shirt, unstructured blazer, tee",fashion_magazine,How to style chinos and trainers,British GQ,2026,https://www.gq-magazine.co.uk/article/how-to-style-chinos-and-trainers,medium,"Reputable menswear editorial source, but rule is style-editorial rather than formal dress-code evidence.",The source says chinos and trainers can work for dinners or dates when supported by a crisp shirt or unstructured blazer over a tee.,Best for trainer-led smart-casual looks.,May not apply to formal offices or athletic trainers.,verified,Use to connect shoe style to top recommendations.
R066,retained_or_rewritten,,Reassessed against its source and either conservatively rewritten into the replacement KB or superseded by a stronger rule.,false,"For black-tie footwear, recommend a formal shirt or evening top rather than casual knitwear because black-tie footwear belongs to a complete formal evening system.",shoes,tops,formal_evening_styling,"formal, polished, classic","white, black","formal, evening, black tie",all season,menswear,tailored,formal,"black tie shoes, formal shirt, evening top, tuxedo shirt",fashion_magazine,Black tie dress code explained,British GQ,2024,https://www.gq-magazine.co.uk/article/black-tie-guide,high,Highly reputable menswear editorial source explaining formal dress-code conventions.,The source links black-tie shoes with the larger black-tie dress code and formal evening wear components.,Best for formal shoe-to-top recommendations.,May not apply to creative black-tie variants.,verified,Use when shoes indicate black-tie formality.
R067,legacy_accessory_ontology,K007,Removed or replaced because the row mixes bags with non-bag accessories or uses the retired accessories label.,false,"For accessories that are already statement pieces, recommend a simple top so the outfit retains a clear focal point.",accessories,tops,style_consistency,"minimal, polished, refined","neutral, black, white","evening, smart casual, party",all season,general,balanced silhouette,general,"statement jewellery, statement bag, simple top, focal point",retailer_style_guide,"Your Guide To Elegant Date-Night Style, By 5 Fashion Insiders",NET-A-PORTER / PORTER,2026,https://www.net-a-porter.com/en-gb/porter/article-f6421bef33aadc15/fashion/art-of-style/%252Fporter%252Farticle-f6421bef33aadc15,medium,"Established luxury retailer/editorial source with named fashion-insider guidance, but commercial context.",The source advises using statement jewellery or a handbag to complement a minimal outfit.,Best for accessory-led outfits.,May not apply to maximalist styling.,verified,Use to avoid recommending overly busy tops with statement accessories.
R068,legacy_accessory_ontology,,Removed or replaced because the row mixes bags with non-bag accessories or uses the retired accessories label.,false,"For a structured bag or polished accessory, recommend a top with a similarly polished finish, such as a blouse, shirt or fine knit.",accessories,tops,style_consistency,"polished, classic, refined","neutral, navy, black","work, smart casual, evening",all season,general,tailored,smart casual,"structured bag, blouse, shirt, fine knit, polished top",academic_paper,Supporting stylists by recommending fashion style,Tobias Kuhn et al.,2019,https://arxiv.org/abs/1908.09493,high,Industry-authored academic paper describing stylist support and style-fit recommendation using expert practice.,The source discusses style fit as an expert styling concern when selecting items within an outfit.,Best for style-consistent accessory-to-top completion.,Does not prescribe a specific top; combine with category evidence.,verified,Use as academic support for style-fit matching.
R069,legacy_accessory_ontology,,Removed or replaced because the row mixes bags with non-bag accessories or uses the retired accessories label.,false,"For an outfit built around pearl or refined jewellery, recommend classic tops such as a blouse, knit or tailored shirt rather than strongly athletic tops when the user requests polish.",accessories,tops,formality_matching,"classic, elegant, polished","white, black, neutral, metallic","work, evening, smart casual",all season,womenswear,tailored,smart casual,"pearl jewellery, refined jewellery, blouse, tailored shirt, polish",fashion_magazine,The Vogue Guide to Formal Attire,Vogue,2025,https://www.vogue.com/article/the-vogue-guide-to-formal-attire,high,Highly reputable fashion publication with named editorial authority on dress-code guidance.,The source discusses formal attire through polished garments and dress-code logic.,Best for refined accessory-led looks.,May not apply to casual streetwear or intentional contrast styling.,verified,Use when accessory tags imply formal or polished style.
R070,retained_or_rewritten,,Reassessed against its source and either conservatively rewritten into the replacement KB or superseded by a stronger rule.,false,"For a coat or blazer as the query item, recommend a top thin enough to layer cleanly underneath when the user asks for seasonal layering.",outerwear,tops,seasonal_layering,"classic, polished, layered","neutral, tonal","work, smart casual, winter","autumn, winter",general,layering,smart casual,"coat, blazer, thin knit, shirt, layering top",retailer_style_guide,How to Wear Dresses in Winter,Stitch Fix,2021,https://www.stitchfix.com/women/blog/fashion-tips/how-to-wear-dresses-in-winter,medium,"Established styling service with seasonal dressing guidance, but commercial retailer context.","The source discusses cold-weather layering with dresses and coats, supporting layer-compatible clothing choices.",Best for outerwear-to-top layering.,May not apply to oversized outerwear designed for bulky layers.,verified,Use for winter or layering user requests.
R071,retained_or_rewritten,K005,Reassessed against its source and either conservatively rewritten into the replacement KB or superseded by a stronger rule.,false,"For a casual jacket, recommend relaxed base tops such as a tee, polo or casual shirt because casual outerwear should not force formal top choices.",outerwear,tops,casual_daytime_styling,"casual, relaxed, streetwear","white, neutral, bold colour","casual, daytime, travel","spring, autumn",unisex,relaxed fit,casual,"casual jacket, tee, polo, casual shirt, relaxed base layer",fashion_magazine,A Celebrity Guide To Nailing A Smart Casual Dress Code,British Vogue,2023,https://www.vogue.co.uk/article/smart-casual-dress-code-celebrity-guide,high,Highly reputable fashion editorial source discussing smart-casual balance using visible outfit examples.,The source treats smart casual as a balance between relaxed and elegant components.,Best for casual jacket-based recommendations.,May not apply to business jackets or formal coats.,verified,Use formality tags to prevent over-formal tops.
R072,retained_or_rewritten,K006,Reassessed against its source and either conservatively rewritten into the replacement KB or superseded by a stronger rule.,false,"For a tailored blazer, recommend a shirt, blouse or fine knit because tailored outerwear pairs best with a base layer that preserves the structured line.",outerwear,tops,silhouette_balance,"tailored, polished, structured","white, navy, neutral","work, smart casual, dinner",all season,general,tailored,business casual,"tailored blazer, shirt, blouse, fine knit, structured line",fashion_magazine,What Does Business Casual Attire Mean in 2025? A Guide for Men,GQ,2025,https://www.gq.com/story/business-casual-attire-for-men-explained,high,Reputable menswear editorial source giving dress-code guidance for work and business-casual contexts.,The source presents blazers and sweaters as business-casual building blocks.,Best for blazer-to-top recommendations.,May not apply to oversized streetwear blazers.,verified,Use when item category is outerwear and text contains blazer.
R073,retained_or_rewritten,,Reassessed against its source and either conservatively rewritten into the replacement KB or superseded by a stronger rule.,false,"For a winter coat, recommend knitwear or long-sleeved tops that support warmth without breaking the outfit's formality level.",outerwear,tops,seasonal_layering,"classic, relaxed, polished","neutral, earth tones, tonal","winter, work, casual",winter,general,layering,general,"winter coat, knitwear, long sleeved top, warmth, formality",retailer_style_guide,How to Wear Dresses in Winter,Stitch Fix,2021,https://www.stitchfix.com/women/blog/fashion-tips/how-to-wear-dresses-in-winter,medium,"Established styling service with seasonal dressing guidance, but commercial retailer context.",The source explains winter dress styling with coats and long-sleeved alternatives for cold weather.,Best for cold-weather outerwear-to-top recommendations.,May not apply to indoor-only styling or warm climates.,verified,Use season tags to route winter queries.
R074,citation_overreach,,Removed because the cited evidence supports a general method or design concept but not the concrete styling prescription.,false,"For a top recommendation in a complete outfit, enforce type diversity: recommend tops as complementary items only when the existing item is from another category.",bottoms,tops,style_consistency,"general, coordinated","neutral, complementary","casual, work, evening",all season,general,not specified,general,"top recommendation, complementary item, category diversity, complete the look",academic_paper,Learning Type-Aware Embeddings for Fashion Compatibility,Marianna D. Vasileva et al.,2018,https://arxiv.org/abs/1803.09196,high,Academic paper focused on type-aware compatibility between apparel categories in outfit recommendation.,"The paper models compatibility with awareness of item types, supporting cross-category rather than same-category matching.",Best for retrieval architecture and category constraints.,Not a direct styling rule; it supports system design and category filtering.,verified,Use as an academic rule for candidate filtering.
R075,citation_overreach,,Removed because the cited evidence supports a general method or design concept but not the concrete styling prescription.,false,"For occasion-aware recommendation, choose tops whose use case matches the event because fashion knowledge links clothing choices to social activity and convention.",bottoms,tops,occasion_matching,"general, coordinated","neutral, complementary","work, wedding, casual, evening",all season,general,not specified,general,"occasion, top, social convention, workwear, eveningwear",academic_paper,"Who, Where, and What to Wear? Extracting Fashion Knowledge from Social Media","Yunshan Ma, Xun Yang, Lizi Liao, Yixin Cao, Tat-Seng Chua",2019,https://arxiv.org/abs/1908.08985,high,"Academic paper modelling relations between clothing, person and occasion for fashion knowledge extraction.","The paper states that fashion knowledge involves occasion, person and clothing for proper dress in social activities.",Best for occasion-conditioned top retrieval.,Needs user-request occasion or inferred context to apply well.,verified,Use as academic grounding for occasion tags.
R076,retained_or_rewritten,,Reassessed against its source and either conservatively rewritten into the replacement KB or superseded by a stronger rule.,false,"For classic menswear trousers, recommend a top whose scale and structure match the trouser formality, such as a dress shirt for tailored trousers and knitwear for softer chinos.",bottoms,tops,proportion_balance,"classic, tailored, refined","white, blue, neutral","work, smart casual, formal",all season,menswear,proportions,business casual,"tailored trousers, dress shirt, knitwear, proportion, menswear",book,Dressing the Man: Mastering the Art of Permanent Fashion,Alan Flusser,2002,"Flusser, Alan. Dressing the Man: Mastering the Art of Permanent Fashion. HarperCollins, 2002.",high,"Well-known menswear book focused on stable tailoring, proportion and classic dress principles.","The book emphasises classic menswear harmony, proportion and tailoring as stable style principles.",Best for menswear proportion and formality matching.,Conservative menswear guidance may not apply to experimental styling.,verified,Use for paper-level explanation of stable styling heuristics.
R077,retained_or_rewritten,K001,Reassessed against its source and either conservatively rewritten into the replacement KB or superseded by a stronger rule.,false,"For a fitted top, recommend straight-leg, wide-leg or relaxed trousers when the goal is silhouette balance, because volume in the bottom can offset a close-fitting upper half.",tops,bottoms,silhouette_balance,"polished, balanced, classic","neutral, tonal","work, smart casual, daytime",all season,general,balanced silhouette,smart casual,"fitted top, straight trousers, wide leg trousers, silhouette balance",retailer_style_guide,How to wear Wide-Leg Pants,Stitch Fix,2021,https://www.stitchfix.com/women/blog/?p=70798,medium,"Established styling service with practical stylist guidance, but commercial retailer context.","The source's wide-leg guidance uses fit contrast to offset garment fullness, supporting upper-lower volume balancing.",Best for fitted-top outfit completion.,May not apply to bodycon or intentionally narrow silhouettes.,verified,Use for silhouette scoring between top and bottom.
R078,citation_overreach,,Removed because the cited evidence supports a general method or design concept but not the concrete styling prescription.,false,"For an oversized top, recommend slimmer or more structured bottoms when the user requests a balanced silhouette.",tops,bottoms,proportion_balance,"relaxed, structured, casual","neutral, black, denim","casual, smart casual, daytime",all season,general,"oversized, proportions",smart casual,"oversized top, slim trousers, structured bottoms, proportion balance",book,Dressing the Man: Mastering the Art of Permanent Fashion,Alan Flusser,2002,"Flusser, Alan. Dressing the Man: Mastering the Art of Permanent Fashion. HarperCollins, 2002.",high,"Well-known menswear book focused on stable tailoring, proportion and classic dress principles.","The book supports classic proportion and balance as stable menswear principles, which can be generalized carefully to silhouette reasoning.",Best for proportion-balancing recommendations.,May not apply to intentionally oversized streetwear.,verified,Use when item text contains oversized or relaxed fit.
R079,retained_or_rewritten,K008,Reassessed against its source and either conservatively rewritten into the replacement KB or superseded by a stronger rule.,false,"For a cropped top, recommend high-rise trousers, skirts or jeans because the higher waist helps connect the proportions between top and bottom.",tops,bottoms,proportion_balance,"casual, polished, feminine","neutral, denim, black","casual, daytime, party","spring, summer, autumn",womenswear,proportions,casual,"cropped top, high rise trousers, high waist skirt, proportion",retailer_style_guide,How to wear wide-leg pants for petites,Stitch Fix,2024,https://www.stitchfix.com/women/blog/?p=20952,medium,"Established styling service with body-proportion guidance, but commercial retailer context.",The source links high-rise wide-leg styles to waist definition and proportional balance.,Best for cropped or short tops.,May not apply where a low-rise silhouette is intentionally requested.,verified,"Use with text features for cropped, high-rise and waist."
R080,retained_or_rewritten,K009,Reassessed against its source and either conservatively rewritten into the replacement KB or superseded by a stronger rule.,false,"For a button-down shirt in business-casual styling, recommend chinos, tailored trousers or dark jeans only when the workplace permits denim.",tops,bottoms,workwear_styling,"business casual, polished, classic","navy, grey, beige, black","work, business casual",all season,menswear,tailored,business casual,"button down shirt, chinos, tailored trousers, dark jeans, office",fashion_magazine,What Does Business Casual Attire Mean in 2025? A Guide for Men,GQ,2025,https://www.gq.com/story/business-casual-attire-for-men-explained,high,Reputable menswear editorial source giving dress-code guidance for work and business-casual contexts.,"The source discusses business casual around chinos, trousers, dark jeans in some contexts, unstructured blazers and smart shoes.",Best for workwear bottom recommendations.,May not apply to formal offices that prohibit jeans.,verified,Use occasion and formality tags to filter denim.
R081,retained_or_rewritten,,Reassessed against its source and either conservatively rewritten into the replacement KB or superseded by a stronger rule.,false,"For a smart-casual top, recommend chinos, tailored trousers or clean dark denim because the dress code sits between suit-level formality and casual clothing.",tops,bottoms,smart_casual_styling,"smart casual, refined, relaxed","navy, beige, grey, black","smart casual, dinner, work",all season,menswear,tailored,smart casual,"smart casual top, chinos, tailored trousers, dark denim",fashion_magazine,"A full, BS-free breakdown of how to do smart-casual",British GQ,2023,https://www.gq-magazine.co.uk/article/how-to-dress-smart-casual,high,Reputable menswear publication giving explicit smart-casual category guidance.,The source positions smart casual as a mix of tailored and relaxed pieces.,Best for smart-casual bottom selection.,May not apply to events that explicitly exclude jeans.,verified,Use for broad smart-casual prompts.
R082,retained_or_rewritten,K002,Reassessed against its source and either conservatively rewritten into the replacement KB or superseded by a stronger rule.,false,"For a fine knit or soft tailored top, recommend chinos when the user wants relaxed smart casual because chinos support the less formal side of tailoring.",tops,bottoms,smart_casual_styling,"smart casual, relaxed, refined","beige, navy, brown, neutral","smart casual, date night, daytime","spring, autumn, winter",menswear,relaxed fit,smart casual,"fine knit, soft tailoring, chinos, relaxed smart casual",fashion_magazine,Chinos don't suck - you just suck at styling them,British GQ,2025,https://www.gq-magazine.co.uk/article/what-to-wear-with-chinos,medium,"Reputable menswear editorial source, but the article is practical styling advice rather than academic evidence.",The source advises styling chinos with softer tailoring and knits.,Best for knitwear-to-chino recommendations.,May not apply to strict business formal settings.,verified,"Use when top text contains knit, sweater or polo."
R083,retained_or_rewritten,,Reassessed against its source and either conservatively rewritten into the replacement KB or superseded by a stronger rule.,false,"For a polished blouse, recommend tailored trousers or a midi skirt when the user request is workwear or business casual.",tops,bottoms,workwear_styling,"business casual, polished, tailored","black, navy, grey, neutral","work, business casual",all season,womenswear,tailored,business casual,"blouse, tailored trousers, midi skirt, workwear, business casual",retailer_style_guide,Business Casual Clothing And Styling,Stitch Fix,unknown,https://www.stitchfix.com/women/business-casual,medium,"Established styling service category guide, but publication date and evidence detail are limited.","The source places structured work dresses, blazers and black pants in business-casual styling.",Best for blouse-based office outfits.,May not apply to casual workplaces or evening styling.,verified,Use to recommend bottoms for office context.
R084,retained_or_rewritten,K010,Reassessed against its source and either conservatively rewritten into the replacement KB or superseded by a stronger rule.,false,"For a casual T-shirt, recommend jeans, relaxed trousers or casual skirts when the request is daytime casual.",tops,bottoms,casual_daytime_styling,"casual, relaxed, classic","denim, neutral, black","casual, daytime, travel",all season,general,relaxed fit,casual,"t-shirt, jeans, casual skirt, relaxed trousers, daytime",museum_or_institution,Attire Guide: Dress Codes from Casual to White Tie,Emily Post Institute,unknown,https://emilypost.com/advice/attire-guide-dress-codes-from-casual-to-white-tie,high,Authoritative etiquette institution with stable dress-code guidance.,The attire guide defines casual dress as informal compared with business and formal attire.,Best for casual top-to-bottom completion.,May not apply to smart-casual or formal event requests.,verified,Use for casual formality filtering.
R085,retained_or_rewritten,,Reassessed against its source and either conservatively rewritten into the replacement KB or superseded by a stronger rule.,false,"For a formal shirt, recommend dress trousers rather than jeans because formal attire guidance excludes jeans from formal menswear.",tops,bottoms,formality_matching,"formal, tailored, classic","black, navy, charcoal, grey","formal, wedding, evening",all season,menswear,tailored,formal,"formal shirt, dress trousers, suit trousers, no jeans, formal attire",fashion_magazine,The Vogue Guide to Formal Attire,Vogue,2025,https://www.vogue.com/article/the-vogue-guide-to-formal-attire,high,Highly reputable fashion publication with named editorial authority on dress-code guidance.,"The source states formal menswear usually requires tuxedo or dinner suit and that dress trousers, not jeans, should be worn.",Best for formal shirt-to-trouser recommendations.,May not apply to casual suiting or fashion-editorial looks.,verified,Use to prevent denim recommendations in formal prompts.
R086,retained_or_rewritten,,Reassessed against its source and either conservatively rewritten into the replacement KB or superseded by a stronger rule.,false,"For a black-tie shirt or evening top, recommend tuxedo trousers or formal evening trousers because black tie requires a formal evening ensemble.",tops,bottoms,formal_evening_styling,"formal, polished, classic","black, white","formal, evening, black tie",all season,menswear,tailored,formal,"black tie shirt, tuxedo trousers, evening trousers, formal ensemble",museum_or_institution,Black Tie Dress Code,Emily Post Institute,unknown,https://emilypost.com/advice/black-tie-dress-code,high,Authoritative etiquette institution explaining black-tie formalwear conventions.,The source explains black tie as a formal evening dress code with conventional attire components.,Best for black-tie bottom recommendations.,May not apply to creative black tie or non-Western formalwear.,verified,Use with high formality filtering.
R087,retained_or_rewritten,,Reassessed against its source and either conservatively rewritten into the replacement KB or superseded by a stronger rule.,false,"For a neutral top, recommend bottoms in a tonal or monochrome palette when the user requests a minimal outfit.",tops,bottoms,colour_coordination,"minimal, tonal, polished","neutral, monochrome, tonal","work, smart casual, casual",all season,general,balanced silhouette,general,"neutral top, tonal bottoms, monochrome, minimal outfit",fashion_editorial,How To Wear The Street Style Trend for Tonal Colours,British Vogue,2018,https://www.vogue.co.uk/gallery/how-to-wear-tonal-colours,medium,"Reputable editorial styling gallery, but advice is trend-oriented and less formal than academic evidence.",The source describes tonal dressing as mixing variations of the same hue.,Best for minimal colour-coordinated outfits.,May not apply when the user asks for bold contrast.,verified,Use colour tags to rerank bottoms.
R088,retained_or_rewritten,,Reassessed against its source and either conservatively rewritten into the replacement KB or superseded by a stronger rule.,false,"For a bold-colour top, recommend neutral bottoms for a conservative result or a complementary-colour bottom only when the user asks for a stronger colour statement.",tops,bottoms,colour_coordination,"polished, expressive, casual","bold colour, neutral, complementary","casual, smart casual, evening",all season,general,balanced silhouette,general,"bold top, neutral bottoms, complementary colour, colour wheel",fashion_magazine,How to Master Color Theory for Clothing Like a Vogue Fashion Editor,Vogue,2026,https://www.vogue.com/article/color-theory-for-clothing,high,Highly reputable fashion editorial source connecting clothing coordination to colour-theory principles.,The source discusses using the colour wheel to build outfits with colour theory.,Best for colour-aware top-to-bottom matching.,May not apply to print-heavy garments where the dominant colour is unclear.,verified,Use extracted colour features for retrieval.
R089,citation_overreach,,Removed because the cited evidence supports a general method or design concept but not the concrete styling prescription.,false,"For patterned tops, recommend solid bottoms in a colour already present in the pattern to keep the outfit visually connected.",tops,bottoms,colour_coordination,"classic, polished, minimal","tonal, neutral, complementary","work, casual, smart casual",all season,general,balanced silhouette,general,"patterned top, solid bottoms, colour repetition, visual connection",book,Interaction of Color,Josef Albers,1963,"Albers, Josef. Interaction of Color. Yale University Press, 1963.",high,Canonical colour-theory book; not fashion-specific but authoritative for visual colour interaction principles.,"The source establishes that colour perception depends on interaction, supporting controlled colour repetition.",Best for patterned tops and conservative styling.,Book is colour-theory not fashion-specific; combine with fashion sources when possible.,verified,Use pattern and colour keywords in RAG retrieval.
R090,retained_or_rewritten,,Reassessed against its source and either conservatively rewritten into the replacement KB or superseded by a stronger rule.,false,"For a structured blazer as the top layer, recommend trousers or dark denim that maintain polish rather than casual shorts.",tops,bottoms,smart_casual_styling,"smart casual, structured, polished","navy, grey, black, beige","work, smart casual, dinner",all season,menswear,tailored,smart casual,"structured blazer, trousers, dark denim, polished bottoms",fashion_magazine,"A full, BS-free breakdown of how to do smart-casual",British GQ,2023,https://www.gq-magazine.co.uk/article/how-to-dress-smart-casual,high,Reputable menswear publication giving explicit smart-casual category guidance.,"The source includes blazers, trousers and shirts within smart-casual dressing and differentiates them from casual athletic pieces.",Best for blazer-led smart casual.,May not apply to warm-weather casual settings where shorts are explicitly requested.,verified,Use to complete blazer outfits.
R091,retained_or_rewritten,,Reassessed against its source and either conservatively rewritten into the replacement KB or superseded by a stronger rule.,false,"For a tank top or simple summer top, recommend relaxed trousers, shorts or skirts only when the occasion is casual daytime.",tops,bottoms,casual_daytime_styling,"casual, relaxed, summer","white, beige, denim, pastel","summer, casual, daytime, travel",summer,general,relaxed fit,casual,"tank top, summer top, shorts, relaxed trousers, casual skirt",fashion_magazine,A Celebrity Guide To Nailing A Smart Casual Dress Code,British Vogue,2023,https://www.vogue.co.uk/article/smart-casual-dress-code-celebrity-guide,high,Highly reputable fashion editorial source discussing smart-casual balance using visible outfit examples.,The source frames relaxed pieces as part of casual-to-smart-casual celebrity looks but not formalwear.,Best for summer daytime top recommendations.,May not apply to business casual or formal venues.,verified,Use season and occasion filtering.
R092,legacy_accessory_ontology,K014,Removed or replaced because the row mixes bags with non-bag accessories or uses the retired accessories label.,false,"For a refined accessory-led top outfit, recommend simple bottoms so the accessory remains the focal point.",accessories,bottoms,accessory_coordination,"minimal, polished, refined","neutral, black, white","evening, smart casual, party",all season,general,balanced silhouette,general,"statement accessory, simple bottoms, focal point, minimal outfit",retailer_style_guide,"Your Guide To Elegant Date-Night Style, By 5 Fashion Insiders",NET-A-PORTER / PORTER,2026,https://www.net-a-porter.com/en-gb/porter/article-f6421bef33aadc15/fashion/art-of-style/%252Fporter%252Farticle-f6421bef33aadc15,medium,"Established luxury retailer/editorial source with named fashion-insider guidance, but commercial context.",The source advises complementing minimal outfits with statement accessories such as jewellery or handbags.,Best for accessory-led outfit completion.,May not apply to maximalist styling.,verified,Use when accessories have high visual salience.
R093,retained_or_rewritten,K018,Reassessed against its source and either conservatively rewritten into the replacement KB or superseded by a stronger rule.,false,"For formal shoes as the query item, recommend formal trousers or tailored bottoms because footwear formality should match the rest of the outfit.",shoes,bottoms,formality_matching,"formal, classic, polished","black, navy, grey","formal, evening, wedding",all season,general,tailored,formal,"formal shoes, tailored trousers, dress trousers, formality match",fashion_magazine,Black tie dress code explained,British GQ,2024,https://www.gq-magazine.co.uk/article/black-tie-guide,high,Highly reputable menswear editorial source explaining formal dress-code conventions.,The source treats formal shoes as part of the black-tie system rather than casual dressing.,Best for shoe-to-bottom formal matching.,May not apply to creative high-low styling.,verified,Use shoe formality to constrain bottom candidates.
R094,retained_or_rewritten,K012,Reassessed against its source and either conservatively rewritten into the replacement KB or superseded by a stronger rule.,false,"For casual trainers as the query item, recommend casual or smart-casual bottoms such as chinos or clean jeans, not formal evening trousers.",shoes,bottoms,formality_matching,"casual, smart casual, relaxed","denim, beige, navy, neutral","casual, daytime, smart casual",all season,general,relaxed fit,casual,"trainers, chinos, clean jeans, casual bottoms, formality",fashion_magazine,How to style chinos and trainers,British GQ,2026,https://www.gq-magazine.co.uk/article/how-to-style-chinos-and-trainers,medium,"Reputable menswear editorial source, but rule is style-editorial rather than formal dress-code evidence.",The source explains how chinos and trainers can work when the rest of the outfit is kept refined enough.,Best for trainer-led casual and smart-casual outfits.,May not apply to athletic outfits or strict offices.,verified,Use shoe type for bottom formality filtering.
R095,retained_or_rewritten,K011,Reassessed against its source and either conservatively rewritten into the replacement KB or superseded by a stronger rule.,false,"For loafers, recommend denim, chinos or tailored trousers according to the loafer shape, because chunkier loafers suit denim while cleaner shapes read more formal.",shoes,bottoms,style_consistency,"smart casual, classic, polished","black, brown, denim, neutral","work, smart casual, daytime",all season,menswear,proportions,smart casual,"loafers, denim, chinos, tailored trousers, chunky loafer, clean loafer",fashion_magazine,How to wear loafers and look like a grownup,British GQ,2026,https://www.gq-magazine.co.uk/article/how-to-wear-loafers,medium,"Reputable menswear editorial source, but loafer styling guidance is contextual and partly trend-sensitive.",The source says chunkier loafers balance denim and that loafer vamp/shape affects casual or formal reading.,Best for loafer-to-bottom recommendations.,May not apply to highly decorative loafers.,verified,"Use shoe metadata such as chunky, suede, patent, or high vamp."
R096,citation_overreach,,Removed because the cited evidence supports a general method or design concept but not the concrete styling prescription.,false,"For an outerwear-led casual outfit, recommend bottoms that match the jacket's relaxed formality, such as jeans or casual trousers.",outerwear,bottoms,casual_daytime_styling,"casual, relaxed, streetwear","denim, neutral, earth tones","casual, daytime, travel","spring, autumn, winter",unisex,relaxed fit,casual,"casual jacket, jeans, casual trousers, relaxed bottoms",academic_paper,Learning Type-Aware Embeddings for Fashion Compatibility,Marianna D. Vasileva et al.,2018,https://arxiv.org/abs/1803.09196,high,Academic paper focused on type-aware compatibility between apparel categories in outfit recommendation.,"The paper supports modelling compatibility across item types such as tops, bottoms and shoes.",Best for casual outerwear-to-bottom completion.,Needs fashion-specific evidence for exact item type choice.,verified,Use as academic support for cross-category retrieval.
R097,retained_or_rewritten,K013,Reassessed against its source and either conservatively rewritten into the replacement KB or superseded by a stronger rule.,false,"For a tailored coat or blazer, recommend tailored trousers when the user request is work or formal smart casual.",outerwear,bottoms,workwear_styling,"tailored, polished, structured","black, navy, grey, neutral","work, smart casual, business casual","autumn, winter, all season",general,tailored,business casual,"tailored coat, blazer, tailored trousers, workwear, structured outfit",fashion_magazine,What Does Business Casual Attire Mean in 2025? A Guide for Men,GQ,2025,https://www.gq.com/story/business-casual-attire-for-men-explained,high,Reputable menswear editorial source giving dress-code guidance for work and business-casual contexts.,"The source identifies blazers, sweaters and smart-looking pieces as business-casual building blocks.",Best for tailored outerwear and workwear.,May not apply to casual oversized blazers.,verified,"Use when outerwear text contains blazer, coat, tailored."
R098,citation_overreach,,Removed because the cited evidence supports a general method or design concept but not the concrete styling prescription.,false,"For long outerwear, recommend bottoms with a clean line when the user wants polish because bulky or heavily detailed bottoms can compete with the outer layer.",outerwear,bottoms,silhouette_balance,"polished, classic, tailored","neutral, black, navy","work, winter, smart casual","autumn, winter",general,balanced silhouette,smart casual,"long coat, clean trousers, simple bottoms, outerwear proportion",museum_or_institution,Fashion - Explore the Collections,Victoria and Albert Museum,unknown,https://www.vam.ac.uk/collections/fashion,high,Major museum institution with authoritative fashion collection and material/design context.,"The museum source supports garment analysis by construction, material and design, useful for reasoning about outerwear silhouette.",Best for long coat and silhouette-aware bottom selection.,Museum source is not direct styling advice and should be combined with other evidence.,needs_manual_check,Keep manual check due indirect evidence basis.
R099,citation_overreach,,Removed because the cited evidence supports a general method or design concept but not the concrete styling prescription.,false,"For outfit compatibility systems, recommend bottoms as complementary items from a different apparel type rather than substitutes for tops.",tops,bottoms,style_consistency,"general, coordinated","neutral, complementary","casual, work, evening",all season,general,not specified,general,"bottom recommendation, complementary item, apparel type, outfit compatibility",academic_paper,Learning Fashion Compatibility with Bidirectional LSTMs,"Xintong Han, Zuxuan Wu, Yu-Gang Jiang, Larry S. Davis",2017,https://arxiv.org/abs/1707.05691,high,Peer-reviewed ACM Multimedia fashion compatibility paper using Polyvore outfits and multimodal item relationships.,The paper models outfits as sequences of fashion items and learns compatibility relationships among item categories.,Best as academic grounding for top-to-bottom candidate retrieval.,Does not provide a direct human styling rule.,verified,Use for method justification and retrieval design.
R100,citation_overreach,,Removed because the cited evidence supports a general method or design concept but not the concrete styling prescription.,false,"For occasion-aware bottom selection, use the user's occasion tag because fashion knowledge includes the relation between clothing and social activities.",tops,bottoms,occasion_matching,"general, coordinated","neutral, complementary","work, wedding, casual, evening",all season,general,not specified,general,"occasion, bottoms, workwear, eveningwear, social convention",academic_paper,"Who, Where, and What to Wear? Extracting Fashion Knowledge from Social Media","Yunshan Ma, Xun Yang, Lizi Liao, Yixin Cao, Tat-Seng Chua",2019,https://arxiv.org/abs/1908.08985,high,"Academic paper modelling relations between clothing, person and occasion for fashion knowledge extraction.","The paper states fashion knowledge involves occasion, person and clothing.",Best for occasion-conditioned bottom retrieval.,Requires explicit or inferred occasion metadata.,verified,Use to justify occasion_tags as retriever features.
R101,citation_overreach,,Removed because the cited evidence supports a general method or design concept but not the concrete styling prescription.,false,"For colour-compatible outfit completion, recommend bottoms whose dominant colour is compatible with the existing top and accessories.",tops,bottoms,colour_coordination,"general, coordinated","neutral, tonal, complementary, contrast","casual, work, evening",all season,general,not specified,general,"dominant colour, top, bottoms, colour compatibility, outfit completion",academic_paper,Learning Color Compatibility in Fashion Outfits,"Heming Zhang, Xuewen Yang, Jianchao Tan, Chi-Hao Wu, Jue Wang, C.-C. Jay Kuo",2020,https://arxiv.org/abs/2007.02388,high,Academic paper explicitly modelling colour compatibility as an outfit recommendation signal.,The paper finds colour compatibility to be an important signal for fashion outfit compatibility.,Best for colour-score integration.,Requires reliable colour extraction from image or metadata.,verified,Use as academic evidence for colour-aware reranking.
R102,outside_taxonomy,,Removed because the input category is not one of the five frozen categories.,false,"For a winter dress, recommend a simple overcoat or structured coat because winter dress styling uses outerwear to add warmth while preserving polish.",dresses,outerwear,seasonal_layering,"classic, polished, elegant","camel, black, navy, neutral","winter, work, evening",winter,womenswear,layering,smart casual,"winter dress, overcoat, structured coat, warmth, polish",retailer_style_guide,How to Wear Dresses in Winter,Stitch Fix,2021,https://www.stitchfix.com/women/blog/fashion-tips/how-to-wear-dresses-in-winter,medium,"Established styling service with seasonal dressing guidance, but commercial retailer context.",The source advises using a simple overcoat or long-sleeved dress to keep warm in winter dress outfits.,Best for winter dress-to-outerwear recommendations.,May not apply to very casual puffer-focused outfits.,verified,"Retrieve for winter, dress and coat keywords."
R103,outside_taxonomy,,Removed because the input category is not one of the five frozen categories.,false,"For a formal dress, recommend refined outerwear such as a tailored coat or evening wrap because formal dress-code styling should not make the outfit read casual.",dresses,outerwear,formal_evening_styling,"formal, elegant, polished","black, navy, neutral","formal, evening, wedding","autumn, winter, all season",womenswear,layering,formal,"formal dress, tailored coat, evening wrap, black tie outerwear",fashion_magazine,Vogue’s Guide to the Black-Tie Dress Code,Vogue,2025,https://www.vogue.com/article/black-tie-dress-code,high,Highly reputable fashion publication covering black-tie attire and formal styling conventions.,The source frames black-tie as formal eveningwear requiring a clear sense of occasion.,Best for formal dress and evening outerwear.,May not apply to outdoor cold-weather events requiring practical insulation.,verified,Use formality constraints to avoid casual jackets.
R104,outside_taxonomy,,Removed because the input category is not one of the five frozen categories.,false,"For a cocktail dress, recommend a polished blazer, cropped jacket or tailored coat that keeps the semi-formal tone.",dresses,outerwear,formality_matching,"semi formal, polished, elegant","black, neutral, metallic","cocktail, evening, party","autumn, winter, all season",womenswear,layering,evening,"cocktail dress, polished blazer, cropped jacket, tailored coat",fashion_magazine,A Definitive Guide To Cocktail Attire,British Vogue,2025,https://www.vogue.co.uk/article/cocktail-attire-dress-code-guide,high,Highly reputable fashion editorial source on semi-formal cocktail dressing and dress-code caution.,The source describes cocktail attire as semi-formal and advises dressing up more than usual.,Best for semi-formal dress-to-outerwear recommendations.,May not apply to black-tie gowns requiring more formal cover-ups.,verified,Use when event is cocktail or party.
R105,outside_taxonomy,,Removed because the input category is not one of the five frozen categories.,false,"For a wedding guest dress, recommend outerwear that respects the dress code, such as a tailored coat for formal weddings or lighter polished layer for daytime weddings.",dresses,outerwear,occasion_matching,"elegant, polished, classic","neutral, pastel, metallic","wedding, formal, daytime, evening","spring, autumn, winter",womenswear,layering,smart casual,"wedding guest dress, tailored coat, polished layer, dress code",fashion_magazine,What To Wear To A Wedding,British Vogue,2019,https://www.vogue.co.uk/article/what-to-wear-to-a-wedding,high,Highly reputable fashion editorial source on occasion-appropriate wedding guest styling.,The source stresses dressing in line with the wedding context and dress code.,Best for wedding guest outerwear.,May not apply to beach weddings or cultural dress requirements.,verified,Use occasion tags to route wedding-related queries.
R106,outside_taxonomy,,Removed because the input category is not one of the five frozen categories.,false,"For a summer dress, recommend lightweight outerwear only when needed, such as a linen blazer or light cardigan, because warm-weather styling should not overpower the dress.",dresses,outerwear,seasonal_layering,"casual, relaxed, minimal","white, beige, pastel, neutral","summer, travel, daytime",summer,womenswear,layering,casual,"summer dress, linen blazer, light cardigan, lightweight layer",retailer_style_guide,How to Accessorize Dresses,Stitch Fix,2022,https://www.stitchfix.com/women/blog/fashion-tips/how-to-accessorize-dresses/,medium,"Established styling service guide focused on accessories, but commercial retailer context.",The source frames resort wear and dress accessorising around simple warm-weather styling.,Best for summer dress layering.,May not apply to formal summer events with strict dress codes.,verified,Use season tags for lightweight outerwear retrieval.
R107,outside_taxonomy,,Removed because the input category is not one of the five frozen categories.,false,"For a slip or minimalist dress, recommend a structured blazer or tailored coat when the user wants smart-casual polish.",dresses,outerwear,smart_casual_styling,"smart casual, polished, minimal","black, neutral, tonal","smart casual, date night, evening","spring, autumn, winter",womenswear,balanced silhouette,smart casual,"minimal dress, slip dress, structured blazer, tailored coat, polish",fashion_magazine,A Celebrity Guide To Nailing A Smart Casual Dress Code,British Vogue,2023,https://www.vogue.co.uk/article/smart-casual-dress-code-celebrity-guide,high,Highly reputable fashion editorial source discussing smart-casual balance using visible outfit examples.,The source presents smart casual as mixing elegance and relaxed ease.,Best for minimal dresses needing outerwear polish.,May not apply to beach or athleisure dress styling.,verified,Use for smart-casual target outerwear recommendations.
R108,retained_or_rewritten,K022,Reassessed against its source and either conservatively rewritten into the replacement KB or superseded by a stronger rule.,false,"For jeans and a casual top, recommend a blazer when the user wants to elevate the outfit because blazer-and-jeans is a recognised high-low smart-casual formula.",bottoms,outerwear,smart_casual_styling,"smart casual, polished, classic","navy, black, grey, neutral","smart casual, work, dinner",all season,menswear,tailored,smart casual,"jeans, blazer, high low, smart casual, tailored outerwear",fashion_magazine,What Does Business Casual Attire Mean in 2025? A Guide for Men,GQ,2025,https://www.gq.com/story/business-casual-attire-for-men-explained,high,Reputable menswear editorial source giving dress-code guidance for work and business-casual contexts.,"The source describes dark jeans, unstructured blazers, sweaters and smart-looking shoes as business-casual-adjacent elements.",Best for denim outfits needing polish.,May not apply to offices where denim is prohibited.,verified,Use for elevating casual bottoms.
R109,retained_or_rewritten,K023,Reassessed against its source and either conservatively rewritten into the replacement KB or superseded by a stronger rule.,false,"For chinos, recommend an unstructured blazer or casual jacket when the outfit should read smart casual rather than formal.",bottoms,outerwear,smart_casual_styling,"smart casual, relaxed, refined","navy, beige, brown, neutral","smart casual, date night, work","spring, autumn",menswear,tailored,smart casual,"chinos, unstructured blazer, casual jacket, smart casual",fashion_magazine,How to style chinos and trainers,British GQ,2026,https://www.gq-magazine.co.uk/article/how-to-style-chinos-and-trainers,medium,"Reputable menswear editorial source, but rule is style-editorial rather than formal dress-code evidence.",The source says chinos with refined trainers can be made dinner-ready with a crisp shirt or unstructured blazer.,Best for chinos and smart-casual layering.,May not apply to formal business suits.,verified,Use when item text contains chinos.
R110,retained_or_rewritten,K024,Reassessed against its source and either conservatively rewritten into the replacement KB or superseded by a stronger rule.,false,"For tailored trousers, recommend a blazer or tailored coat when the user request is business casual or formal.",bottoms,outerwear,workwear_styling,"business casual, tailored, polished","black, navy, grey, neutral","work, business casual, formal",all season,general,tailored,business casual,"tailored trousers, blazer, tailored coat, workwear outerwear",fashion_magazine,What Does Business Casual Attire Mean in 2025? A Guide for Men,GQ,2025,https://www.gq.com/story/business-casual-attire-for-men-explained,high,Reputable menswear editorial source giving dress-code guidance for work and business-casual contexts.,The source positions blazers and smart pieces as core business-casual components.,Best for office bottoms to outerwear.,May not apply to casual trousers or creative styling.,verified,Use with workwear tags.
R111,retained_or_rewritten,,Reassessed against its source and either conservatively rewritten into the replacement KB or superseded by a stronger rule.,false,"For wide-leg trousers, recommend cropped or structured outerwear when the user wants balanced proportions, so the top layer does not add uncontrolled volume.",bottoms,outerwear,proportion_balance,"structured, polished, tailored","neutral, black, camel","work, smart casual, daytime","autumn, winter",womenswear,proportions,smart casual,"wide leg trousers, cropped jacket, structured coat, volume balance",retailer_style_guide,How to wear Wide-Leg Pants,Stitch Fix,2021,https://www.stitchfix.com/women/blog/?p=70798,medium,"Established styling service with practical stylist guidance, but commercial retailer context.",The source explains that wide-leg volume should be offset elsewhere in the outfit.,Best for wide-leg trouser outerwear.,May not apply to intentional oversized silhouettes.,verified,Use for silhouette scoring.
R112,retained_or_rewritten,,Reassessed against its source and either conservatively rewritten into the replacement KB or superseded by a stronger rule.,false,"For straight-leg jeans, recommend a blazer for polish or a casual jacket for daytime because straight-leg denim can be styled across several formality levels.",bottoms,outerwear,formality_matching,"casual, polished, classic","black, navy, denim, neutral","casual, work, daytime",all season,womenswear,balanced silhouette,smart casual,"straight leg jeans, blazer, casual jacket, denim formality",retailer_style_guide,How to Style Straight-Leg Jeans,Stitch Fix,2022,https://www.stitchfix.com/women/blog/?p=76873,medium,"Established styling service guide with explicit shoe/top advice for jeans, but commercial context.",The source shows straight-leg jeans styled with pieces such as a blazer and discusses adjusting shoes and tops by season.,Best for denim-to-outerwear recommendations.,May not apply to formal dress codes excluding denim.,verified,Use user_request formality to select blazer or casual jacket.
R113,retained_or_rewritten,K025,Reassessed against its source and either conservatively rewritten into the replacement KB or superseded by a stronger rule.,false,"For business-casual tops, recommend a blazer, structured cardigan or tailored coat when the outfit needs workplace polish.",tops,outerwear,workwear_styling,"business casual, polished, structured","black, navy, grey, neutral","work, business casual",all season,general,tailored,business casual,"business casual top, blazer, structured cardigan, tailored coat",retailer_style_guide,Business Casual Clothing And Styling,Stitch Fix,unknown,https://www.stitchfix.com/women/business-casual,medium,"Established styling service category guide, but publication date and evidence detail are limited.","The source uses structured work dresses, black pants and blazers in business-casual styling.",Best for office top-to-outerwear completion.,May not apply to casual offices or hot-weather contexts.,verified,Use when occasion_tags include work.
R114,retained_or_rewritten,K026,Reassessed against its source and either conservatively rewritten into the replacement KB or superseded by a stronger rule.,false,"For a casual tee, recommend a denim jacket, bomber or relaxed jacket when the target occasion is casual daytime.",tops,outerwear,casual_daytime_styling,"casual, relaxed, streetwear","denim, black, neutral, earth tones","casual, daytime, travel","spring, autumn",unisex,relaxed fit,casual,"casual tee, denim jacket, bomber jacket, relaxed outerwear",fashion_magazine,A Celebrity Guide To Nailing A Smart Casual Dress Code,British Vogue,2023,https://www.vogue.co.uk/article/smart-casual-dress-code-celebrity-guide,high,Highly reputable fashion editorial source discussing smart-casual balance using visible outfit examples.,The source frames relaxed pieces as part of casual/smart-casual dressing rather than formalwear.,Best for daytime casual layering.,May not apply to workwear or formal settings.,verified,Use to keep casual top recommendations coherent.
R115,citation_overreach,,Removed because the cited evidence supports a general method or design concept but not the concrete styling prescription.,false,"For a fitted top, recommend an outerwear layer with enough structure or length to balance the close-fitting upper garment.",tops,outerwear,silhouette_balance,"structured, polished, classic","neutral, black, camel","work, smart casual, daytime","autumn, winter, all season",general,balanced silhouette,smart casual,"fitted top, structured jacket, long coat, silhouette balance",book,Dressing the Man: Mastering the Art of Permanent Fashion,Alan Flusser,2002,"Flusser, Alan. Dressing the Man: Mastering the Art of Permanent Fashion. HarperCollins, 2002.",high,"Well-known menswear book focused on stable tailoring, proportion and classic dress principles.",The book supports proportion and balance as stable clothing principles.,Best for silhouette-aware top-to-outerwear recommendations.,Conservative proportion logic may not apply to experimental styling.,verified,Use when top fit metadata says fitted.
R116,citation_overreach,,Removed because the cited evidence supports a general method or design concept but not the concrete styling prescription.,false,"For an oversized top, recommend a straighter or relaxed outerwear layer only when the outfit intentionally uses a relaxed silhouette; otherwise choose cleaner structure.",tops,outerwear,proportion_balance,"relaxed, structured, casual","neutral, black, grey","casual, streetwear, daytime","autumn, winter",unisex,"oversized, proportions",casual,"oversized top, relaxed jacket, structured coat, proportion",academic_paper,Recommendation of Compatible Outfits Conditioned on Style,Debopriyo Banerjee et al.,2022,https://arxiv.org/abs/2203.16161,high,Academic recommender-system paper treating style conditioning as an explicit factor in outfit generation.,"The paper supports style-conditioned outfit generation, so oversized styling should follow the intended style theme.",Best for oversized or streetwear top outfits.,Needs user style preference to avoid over-correcting intentional volume.,verified,Use with style_tags such as relaxed or streetwear.
R117,retained_or_rewritten,,Reassessed against its source and either conservatively rewritten into the replacement KB or superseded by a stronger rule.,false,"For a formal shirt or evening top, recommend a dinner jacket, tuxedo jacket or tailored formal layer when the request is black tie.",tops,outerwear,formal_evening_styling,"formal, polished, classic","black, white, navy","formal, evening, black tie",all season,menswear,tailored,formal,"formal shirt, dinner jacket, tuxedo jacket, black tie outerwear",fashion_magazine,Black tie dress code explained,British GQ,2024,https://www.gq-magazine.co.uk/article/black-tie-guide,high,Highly reputable menswear editorial source explaining formal dress-code conventions.,"The source explains black tie through dinner jacket, formal shirt and black patent shoes.",Best for black-tie top-to-outerwear matching.,May not apply to black-tie optional or creative variants.,verified,Use with high formality filter.
R118,retained_or_rewritten,K006|K025,Reassessed against its source and either conservatively rewritten into the replacement KB or superseded by a stronger rule.,false,"For a work shirt or blouse, recommend a blazer or tailored jacket because workwear styling benefits from structured outerwear.",tops,outerwear,workwear_styling,"business casual, polished, tailored","black, navy, grey, neutral","work, business casual",all season,general,tailored,business casual,"work shirt, blouse, blazer, tailored jacket, office outfit",fashion_magazine,What Does Business Casual Attire Mean in 2025? A Guide for Men,GQ,2025,https://www.gq.com/story/business-casual-attire-for-men-explained,high,Reputable menswear editorial source giving dress-code guidance for work and business-casual contexts.,The source includes blazers and smart-looking pieces as business-casual staples.,Best for workwear outerwear recommendations.,May not apply to casual workplaces.,verified,"Retrieve when user request includes office, work, business casual."
R119,retained_or_rewritten,K027,Reassessed against its source and either conservatively rewritten into the replacement KB or superseded by a stronger rule.,false,"For shoes that signal formal eveningwear, recommend outerwear that preserves formal tone, such as a tailored coat rather than a casual puffer.",shoes,outerwear,formality_matching,"formal, polished, classic","black, navy, neutral","formal, evening, black tie","autumn, winter",general,layering,formal,"formal shoes, tailored coat, evening outerwear, formality match",fashion_magazine,The Vogue Guide To A Black-Tie Dress Code,British Vogue,2025,https://www.vogue.co.uk/article/black-tie-dress-code,high,Highly reputable fashion editorial source explaining formal evening dress-code conventions.,The source frames black tie as formal eveningwear with a clear sense of occasion.,Best for formal shoe-to-outerwear matching.,May not apply to outdoor events requiring technical warmth.,verified,Use shoe formality to constrain outerwear.
R120,retained_or_rewritten,,Reassessed against its source and either conservatively rewritten into the replacement KB or superseded by a stronger rule.,false,"For casual trainers, recommend casual outerwear such as a bomber, denim jacket or relaxed coat when the request is daytime casual.",shoes,outerwear,casual_daytime_styling,"casual, relaxed, streetwear","denim, black, neutral","casual, daytime, travel","spring, autumn, winter",unisex,relaxed fit,casual,"trainers, bomber jacket, denim jacket, casual outerwear",fashion_magazine,How to style chinos and trainers,British GQ,2026,https://www.gq-magazine.co.uk/article/how-to-style-chinos-and-trainers,medium,"Reputable menswear editorial source, but rule is style-editorial rather than formal dress-code evidence.",The source discusses trainers within smart-casual styling rather than formal codes.,Best for casual shoe-to-outerwear completion.,May not apply to dressy trainers used in smart-casual outfits.,verified,Use formality and style tags together.
R121,retained_or_rewritten,,Reassessed against its source and either conservatively rewritten into the replacement KB or superseded by a stronger rule.,false,"For loafers, recommend outerwear that matches the intended reading: blazer for polished smart casual or casual jacket for relaxed denim outfits.",shoes,outerwear,smart_casual_styling,"smart casual, classic, relaxed","black, brown, navy, neutral","smart casual, work, daytime",all season,menswear,balanced silhouette,smart casual,"loafers, blazer, casual jacket, denim outfit, polished outerwear",fashion_magazine,How to wear loafers and look like a grownup,British GQ,2026,https://www.gq-magazine.co.uk/article/how-to-wear-loafers,medium,"Reputable menswear editorial source, but loafer styling guidance is contextual and partly trend-sensitive.",The source explains that loafer shape and styling can read more casual or more formal.,Best for loafer-based smart-casual outfits.,May not apply to black-tie shoes or sandals.,verified,Use shoe style and desired formality to pick outerwear.
R122,legacy_accessory_ontology,K028,Removed or replaced because the row mixes bags with non-bag accessories or uses the retired accessories label.,false,"For refined accessories such as a structured bag or evening jewellery, recommend outerwear with equivalent polish, such as a tailored coat or blazer.",accessories,outerwear,style_consistency,"polished, elegant, structured","black, neutral, metallic","work, evening, smart casual","autumn, winter, all season",womenswear,tailored,smart casual,"structured bag, evening jewellery, tailored coat, blazer, polish",academic_paper,Supporting stylists by recommending fashion style,Tobias Kuhn et al.,2019,https://arxiv.org/abs/1908.09493,high,Industry-authored academic paper describing stylist support and style-fit recommendation using expert practice.,The source treats style fit as a key concern for stylist-supported item recommendation.,Best for accessory-to-outerwear style consistency.,Does not specify exact outerwear; combine with dress-code evidence.,verified,Use to justify style-fit scoring.
R123,legacy_accessory_ontology,,Removed or replaced because the row mixes bags with non-bag accessories or uses the retired accessories label.,false,"For winter accessories such as scarves or gloves, recommend outerwear that supports layering and seasonal warmth.",accessories,outerwear,seasonal_layering,"classic, relaxed, practical","neutral, earth tones, tonal","winter, travel, daytime",winter,general,layering,general,"scarf, gloves, winter coat, seasonal layering, warmth",retailer_style_guide,How to Wear Dresses in Winter,Stitch Fix,2021,https://www.stitchfix.com/women/blog/fashion-tips/how-to-wear-dresses-in-winter,medium,"Established styling service with seasonal dressing guidance, but commercial retailer context.",The source discusses winter outfits using coats and layering for warmth.,Best for winter accessory-to-outerwear recommendations.,May not apply to mild climates or indoor-only looks.,verified,Use with season_tags winter.
R124,legacy_accessory_ontology,K037,Removed or replaced because the row mixes bags with non-bag accessories or uses the retired accessories label.,false,"For an evening clutch or metallic accessory, recommend formal outerwear such as a tailored coat or wrap because the accessory already signals elevated occasion dressing.",accessories,outerwear,formal_evening_styling,"formal, elegant, polished","metallic, black, neutral","evening, party, formal","autumn, winter, all season",womenswear,layering,evening,"evening clutch, metallic accessory, tailored coat, evening wrap",retailer_style_guide,The Harrods Guide to Women’s Black-Tie Dress Codes,Harrods,unknown,https://www.harrods.com/en-gb/c/stories/women/black-tie-dress-code-guide,medium,"Established luxury retailer with expert style guidance, but commercial context and limited date clarity.",The source discusses black-tie shoes and accessories as part of evening dress-code styling.,Best for evening accessory-to-outerwear recommendations.,May not apply to casual metallic accessories.,verified,Use accessory formality to select outerwear.
R125,citation_overreach,,Removed because the cited evidence supports a general method or design concept but not the concrete styling prescription.,false,"For outerwear recommendation in a complete-look system, select outerwear as a complementary category item rather than treating it as a substitute for tops or dresses.",tops,outerwear,style_consistency,"general, coordinated","neutral, complementary","casual, work, evening",all season,general,layering,general,"outerwear recommendation, complementary item, complete the look, category diversity",academic_paper,Bootstrapping Complete the Look at Pinterest,Pinterest Research,2020,https://arxiv.org/abs/2006.10792,high,Industry-scale academic paper on complementary fashion item recommendation and complete-the-look tasks.,The paper studies complete-the-look recommendation of complementary fashion items.,Best for academic justification of target outerwear retrieval.,Does not prescribe exact jacket or coat type.,verified,Use as system-level evidence for category-aware retrieval.
R126,citation_overreach,,Removed because the cited evidence supports a general method or design concept but not the concrete styling prescription.,false,"For colour-compatible outerwear, recommend coats or jackets whose dominant colour harmonises with the existing outfit palette because colour compatibility contributes to outfit compatibility.",tops,outerwear,colour_coordination,"general, coordinated","neutral, tonal, complementary, contrast","casual, work, evening",all season,general,layering,general,"outerwear colour, coat colour, palette, colour compatibility",academic_paper,Learning Color Compatibility in Fashion Outfits,"Heming Zhang, Xuewen Yang, Jianchao Tan, Chi-Hao Wu, Jue Wang, C.-C. Jay Kuo",2020,https://arxiv.org/abs/2007.02388,high,Academic paper explicitly modelling colour compatibility as an outfit recommendation signal.,The paper shows colour compatibility is a useful signal for evaluating outfit compatibility.,Best for colour-aware outerwear reranking.,Requires reliable colour extraction or metadata.,verified,Use as academic grounding for colour feature integration.
