rule_id,rule_version,rule_text,input_category,recommended_category,applicable_query_categories,required_context,query_terms,candidate_terms,scenario_label,gender_context,formality_level,occasion_tags,season_tags,source_type,source_title,source_author_or_org,source_year,source_url_or_reference,source_locator,source_access_date,source_validation_status,source_reliability,evidence_summary,rule_scope,rule_limitations,audit_status,supersedes_rule_ids
K001,2,"When jeans are the anchor, change the top to suit the setting rather than treating denim as one fixed look. For warm-weather holidays or relaxed daytime wear, use a breathable linen or cotton shirt, light knit, tank, or simple tee in white, pale blue, soft green, or another easy neutral; for city-casual or streetwear, a clean white tee, graphic tee, or fitted knit can sit under a leather or bomber jacket. The contrast between relaxed denim and a cleaner or lighter top keeps the outfit intentional without over-styling it.",bottoms,tops,bottoms,none,jeans|denim|straight leg jean|straight-leg jean|wide leg jean|wide-leg jean|skinny jean|baggy jean,linen shirt|linen blouse|button-down|button down|t-shirt|t shirt|tee|tank|knit|sweater|blouse|top,denim_multi_occasion,general,casual to smart casual,holiday|weekend|streetwear|daytime,all,fashion_editorial,The Wardrobe Essentials We’re Wearing in 2026,Vogue,2026,https://www.vogue.com/article/vogue-wardrobe-essentials-guide,lines 305-369 show tops combined with pants skirts and jeans,2026-08-21,verified_reachable_2026-08-21_plus_bounded_model_enrichment,medium,"The source treats jeans as a versatile wardrobe essential that works across casual and dressed-up styling; the occasion, colour and layering alternatives are bounded model enrichment.",Jeans or denim as the explicit lower-body anchor; recommends versatile casual-to-polished tops.,"The cited source supports the core styling direction; contextual alternatives, rationale, and transfer to closely related item types are bounded model-enriched fashion guidance. Do not infer hidden item attributes that are not explicit in the case or rule.",rebuilt_v2_substantive_expert_rule,R053|R077
K002,2,"With wide-leg or palazzo trousers, keep at least one point of definition on the upper body. A fitted knit, ribbed tank, tucked button-down, neat blouse, or cropped cardigan works well for office and smart-casual settings; a relaxed tee can also work at weekends if it is tucked or deliberately cropped. Showing the waist or using a cleaner shoulder line prevents the volume of the trousers from overwhelming the silhouette.",bottoms,tops,bottoms,none,wide leg trouser|wide-leg trouser|wide leg pant|wide-leg pant|palazzo|loose trouser|baggy trouser,fitted top|fitted knit|cardigan|ribbed top|tank|button-down|button down|shirt|blouse|crop top|cropped top|top,wide_leg_proportion,general,casual to business casual,office|daytime|dinner|weekend,all,fashion_editorial,Wide-Leg Trousers Are a Vogue Office Favorite—7 Street Style-Approved Ways to Wear Them,Vogue,2026,https://www.vogue.com/article/how-to-style-wide-leg-trousers,The Classic Black section,2026-08-21,verified_reachable_2026-08-21_plus_bounded_model_enrichment,medium,"The source repeatedly pairs wide trousers with fitted, tucked, cropped, or otherwise controlled tops; the occasion framing and rationale are bounded enrichment.","Wide-leg, palazzo, loose or baggy trousers; focuses on proportion-balanced tops.","The cited source supports the core styling direction; contextual alternatives, rationale, and transfer to closely related item types are bounded model-enriched fashion guidance. Do not infer hidden item attributes that are not explicit in the case or rule.",rebuilt_v2_substantive_expert_rule,R057|R082
K003,2,"For leggings or very close-fitting bottoms, choose the top according to how polished you want the outfit to feel. A longline shirt, relaxed knit, sweatshirt, or clean oversized tee gives easy coverage for travel and casual wear, while a fitted tank or cropped top can work for athleisure when balanced with an outer layer. Mixing one close-fitting piece with one looser or more structured piece creates clearer proportion than making the entire outfit equally tight.",bottoms,tops,bottoms,none,legging|leggings|skinny pant|skinny pants|jeggings,longline shirt|oversized shirt|sweater|sweatshirt|hoodie|tank|t-shirt|t shirt|tee|blouse|knit|top,legging_balance,general,casual to athleisure,travel|weekend|gym-to-street|daytime,all,fashion_editorial,Outfit Formulas,Vogue,2026,https://www.vogue.com/outfit-formulas,editorial formulas include knitwear and bags as outfit components,2026-08-21,verified_reachable_2026-08-21_plus_bounded_model_enrichment,medium,The source shows modern outfit formulas built around leggings and close-fitting casual pieces; the proportion and use-case guidance is bounded model enrichment.,"Leggings, jeggings and similarly fitted bottoms; recommends balanced casual or athleisure tops.","The cited source supports the core styling direction; contextual alternatives, rationale, and transfer to closely related item types are bounded model-enriched fashion guidance. Do not infer hidden item attributes that are not explicit in the case or rule.",rebuilt_v2_substantive_expert_rule,R065
K004,2,"With a skirt, let the skirt's shape and texture determine the top. A simple tee, tank, or fine knit relaxes a satin, pleated, embellished, or leather skirt; a crisp shirt or blouse makes a denim or simple skirt more polished; and a cropped or tucked top helps when a midi or maxi skirt has a fuller shape. Keeping one half of the outfit visually quieter makes the silhouette and texture feel deliberate rather than busy.",bottoms,tops,bottoms,none,mini skirt|midi skirt|maxi skirt|skirt|pleated skirt|slip skirt|denim skirt,t-shirt|t shirt|tee|tank|blouse|shirt|button-down|button down|knit|sweater|cardigan|crop top|top,skirt_top_balance,general,casual to dressy,work|date|weekend|evening,all,fashion_editorial,These 6 T-Shirt Outfits That Are Chic Enough to Go Out In,Who What Wear,2023,https://www.whowhatwear.com/best-t-shirt-outfits,opening outfit formulas pairing tees with shoulder bags and bright bags,2026-08-21,verified_reachable_2026-08-21_plus_bounded_model_enrichment,medium,The source demonstrates T-shirts and simple tops used to balance skirts of different textures and formality; broader skirt categories and rationale are bounded enrichment.,"Mini, midi, maxi, slip, pleated or denim skirts; recommends tops that balance texture and volume.","The cited source supports the core styling direction; contextual alternatives, rationale, and transfer to closely related item types are bounded model-enriched fashion guidance. Do not infer hidden item attributes that are not explicit in the case or rule.",rebuilt_v2_substantive_expert_rule,R064
K005,2,"For shorts, especially in warm weather, use the top to control formality. Linen or cotton shirts, polos, tanks, and clean tees keep beach, holiday, and daytime outfits breathable; tailored Bermuda shorts can take a tucked blouse, ribbed knit, or crisp button-down for brunch or smart-casual use. Light colours and natural fabrics keep the outfit seasonally coherent, while a sharper collar or tucked waist stops longer shorts from looking shapeless.",bottoms,tops,bottoms,none,shorts|bermuda short|bermuda shorts|tailored shorts|denim shorts,linen shirt|button-down|button down|shirt|tank|t-shirt|t shirt|tee|polo|wrap top|blouse|knit|top,shorts_warm_weather,general,casual to smart casual,holiday|beach|daytime|brunch|summer dinner,spring|summer,fashion_editorial,How to Build the Perfect Warm-Weather Wardrobe,GQ,2026,https://www.gq.com/story/ultimate-wardrobe-spring-summer-edition,lines 64-73 describe wardrobe pieces selected to work together including a denim jacket,2026-08-21,verified_reachable_2026-08-21_plus_bounded_model_enrichment,medium,"The source supports breathable warm-weather shirting and relaxed summer dressing; the shorts-specific alternatives, colour and proportion guidance are bounded enrichment.","Denim, tailored and Bermuda shorts; warm-weather top recommendations.","The cited source supports the core styling direction; contextual alternatives, rationale, and transfer to closely related item types are bounded model-enriched fashion guidance. Do not infer hidden item attributes that are not explicit in the case or rule.",rebuilt_v2_substantive_expert_rule,R071
K006,2,"When the trousers are already the statement—leather, metallic, checked, heavily detailed, or brightly patterned—keep the top relatively calm. A white or black tank, plain tee, fine knit, or simple shirt lets texture and hardware stay concentrated below the waist; for evening, a refined blouse or fitted knit can raise the formality without adding another competing motif. This one-focal-point approach gives strong trousers room to read clearly.",bottoms,tops,bottoms,none,leather trouser|leather trousers|leather pant|leather pants|statement trouser|checked trouser|printed trouser|metallic pant,white tank|tank|plain t-shirt|plain tee|shirt|button-down|button down|fine knit|sweater|blouse|top,statement_bottom_restraint,general,casual to evening,dinner|evening|streetwear|daytime,autumn|winter|spring,fashion_editorial,How Vogue's Shopping Editor Is Styling Trousers For Autumn,British Vogue,2024,https://www.vogue.co.uk/article/how-to-style-trousers-for-autumn,Leather bomber jacket + statement trousers + kitten heels section,2026-08-21,verified_reachable_2026-08-21_plus_bounded_model_enrichment,medium,The source styles statement and leather trousers with comparatively simple tops and controlled layering; the broader one-focal-point principle is bounded enrichment.,"Leather, checked, metallic or otherwise statement trousers; recommends restrained tops.","The cited source supports the core styling direction; contextual alternatives, rationale, and transfer to closely related item types are bounded model-enriched fashion guidance. Do not infer hidden item attributes that are not explicit in the case or rule.",rebuilt_v2_substantive_expert_rule,R072|R118
K007,2,"Sneakers work best when the top matches their level of refinement. With sporty or chunky trainers, use a clean tee, sweatshirt, knit, or casual shirt; with minimal leather or low-profile sneakers, a polo, Oxford shirt, fine knit, or tucked tee can move the outfit into smart-casual territory. Repeating one colour from the shoes in the top is optional, but keeping the upper half clean prevents casual footwear from making the whole outfit look accidental.",shoes,tops,shoes,none,sneaker|sneakers|trainer|trainers|low profile sneaker|low-profile sneaker,t-shirt|t shirt|tee|polo|knit|sweater|shirt|button-down|button down|tank|top,sneaker_top_formality,general,casual to smart casual,weekend|travel|daytime|smart casual,all,fashion_editorial,Guys can still get jeans and trainers wrong. Here's how to get it right,British GQ,2025,https://www.gq-magazine.co.uk/article/how-to-wear-jeans-and-trainers,wide-leg and baggy jeans sections,2026-08-21,verified_reachable_2026-08-21_plus_bounded_model_enrichment,medium,The source explains how jean-and-trainer outfits depend on sneaker shape and surrounding casual pieces; the top alternatives and colour echo are bounded enrichment.,Sneakers or trainers as the explicit footwear anchor; tops scaled to sneaker formality.,"The cited source supports the core styling direction; contextual alternatives, rationale, and transfer to closely related item types are bounded model-enriched fashion guidance. Do not infer hidden item attributes that are not explicit in the case or rule.",rebuilt_v2_substantive_expert_rule,R067
K008,2,"A T-shirt can move from very casual to polished depending on the bottom. For everyday wear, pair it with straight or relaxed jeans, denim shorts, or a simple skirt; for smart-casual dressing, tuck a clean tee into pleated or tailored trousers; for streetwear, looser denim can work if the tee is intentionally oversized or cropped. Using either a defined waist or a deliberate volume relationship keeps the combination from looking like two unrelated basics.",tops,bottoms,tops,none,t-shirt|t shirt|tee|graphic tee|white tee,jeans|denim|trouser|trousers|pants|skirt|shorts|chino|chinos|bottom,tee_bottoms_multi_occasion,general,casual to smart casual,weekend|streetwear|brunch|daytime,all,fashion_editorial,The Best T-Shirt and Trouser Pairings for This Season’s Most Laidback Trend,Vogue,2021,https://www.vogue.com/article/t-shirt-outfits,opening paragraphs on classic T-shirts with tailored and loose trousers,2026-08-21,verified_reachable_2026-08-21_plus_bounded_model_enrichment,medium,"The source presents T-shirts with jeans, skirts and tailored trousers across casual and polished outfits; the volume and occasion framework is bounded enrichment.",T-shirts and tees; bottoms ranging from denim to tailored trousers and skirts.,"The cited source supports the core styling direction; contextual alternatives, rationale, and transfer to closely related item types are bounded model-enriched fashion guidance. Do not infer hidden item attributes that are not explicit in the case or rule.",rebuilt_v2_substantive_expert_rule,R079
K009,2,"With a cropped top, high-rise bottoms create the cleanest proportion because they reduce the visual gap at the waist. High-waisted trousers, jeans, midi skirts, or tailored shorts work for casual wear; for office or smart-casual settings, choose a crop that offers more coverage and pair it with high-rise tailored trousers or a longer skirt. The higher waist anchors the short top and makes the silhouette feel intentional rather than simply exposed.",tops,bottoms,tops,none,crop top|cropped top|cropped shirt|bralette|short top,high waist trouser|high-waist trouser|high waisted trouser|high-waisted trouser|high waist skirt|high-waist skirt|high waisted skirt|high-waisted skirt|high rise jeans|high-rise jeans|bottom,crop_top_high_rise,general,casual to business casual,weekend|office|daytime|summer,spring|summer|all,fashion_editorial,Does an Office-Appropriate Crop Top Exist?,Vogue,2019,https://www.vogue.com/vogueworld/article/how-to-wear-crop-tops-to-the-office-summer-fashion,Hide in High-Waisted section,2026-08-21,verified_reachable_2026-08-21_plus_bounded_model_enrichment,medium,"The source explicitly supports crop tops with high-waisted pants and office layering; jeans, skirts and shorts are bounded extensions of the same proportion principle.","Cropped tops; prioritizes high-rise trousers, jeans, skirts and tailored shorts.","The cited source supports the core styling direction; contextual alternatives, rationale, and transfer to closely related item types are bounded model-enriched fashion guidance. Do not infer hidden item attributes that are not explicit in the case or rule.",rebuilt_v2_substantive_expert_rule,R080
K010,2,"A button-down or dress shirt is versatile enough to move between denim and tailoring. Use chinos or tailored trousers for work and smart casual, dark or straight-leg jeans for a relaxed polished outfit, and wider trousers when the shirt is tucked or lightly bloused at the waist; a simple midi skirt also works in womenswear. The cleaner the shirt, the more texture or volume the bottom can carry without the outfit becoming visually noisy.",tops,bottoms,tops,none,button-down|button down|button-up|button up|dress shirt|oxford shirt|white shirt,chino|chinos|tailored trouser|tailored trousers|jeans|denim|wide leg trouser|wide-leg trouser|skirt|bottom,shirt_bottoms_formality,general,casual to business casual,office|smart casual|weekend|dinner,all,fashion_editorial,What Is Business Casual? The GQ Guide to Dressing for Work and Beyond,GQ,2025,https://www.gq.com/story/business-casual-attire-for-men-explained,business-casual wardrobe sections on blazers shirts and knitwear,2026-08-21,verified_reachable_2026-08-21_plus_bounded_model_enrichment,medium,"The source supports shirts with chinos, trousers and workplace-appropriate denim; wide-leg and skirt alternatives are bounded enrichment.","Button-down, Oxford and dress shirts; smart-casual bottoms.","The cited source supports the core styling direction; contextual alternatives, rationale, and transfer to closely related item types are bounded model-enriched fashion guidance. Do not infer hidden item attributes that are not explicit in the case or rule.",rebuilt_v2_substantive_expert_rule,R084
K011,2,"A tank or camisole works best with bottoms that give it either structure or deliberate ease. Wide-leg or tailored trousers make a simple tank look polished, denim keeps it casual, and a midi skirt can move the same top toward dinner; for hot-weather daytime dressing, tailored or relaxed shorts are practical. Because the upper body is visually minimal, the bottom can carry more volume, texture, or colour without overwhelming the outfit.",tops,bottoms,tops,none,tank|tank top|camisole|silk tank|sleeveless top,wide leg trouser|wide-leg trouser|tailored trouser|tailored trousers|midi skirt|maxi skirt|jeans|shorts|bottom,tank_bottom_balance,general,casual to evening,summer|holiday|dinner|daytime,spring|summer,fashion_editorial,11 Heeled Sandal Outfits Perfect for Spring and Summer,Vogue,2026,https://www.vogue.com/article/heeled-sandal-outfits,sections pairing heeled sandals with clutch crossbody tote and shoulder bags,2026-08-21,verified_reachable_2026-08-21_plus_bounded_model_enrichment,medium,"The source repeatedly pairs tanks and camisoles with trousers, skirts and summer footwear; the proportion and occasion guidance is bounded enrichment.","Tanks and camisoles; bottoms that add structure, volume or polish.","The cited source supports the core styling direction; contextual alternatives, rationale, and transfer to closely related item types are bounded model-enriched fashion guidance. Do not infer hidden item attributes that are not explicit in the case or rule.",rebuilt_v2_substantive_expert_rule,R095
K012,2,"With knitwear, use the bottom to control texture and bulk. A fine knit works with tailored trousers, skirts, or straight jeans for office and smart casual; a chunky sweater is better balanced by straighter jeans, leather trousers, or a simpler skirt rather than equally bulky bottoms. Tucking only the front or choosing a higher-rise waist can restore shape when the knit is loose, while smooth bottoms create a useful contrast against heavy texture.",tops,bottoms,tops,none,sweater|knit|knitwear|cardigan|jumper|crewneck knit|turtleneck,jeans|denim|trouser|trousers|leather trouser|leather trousers|skirt|midi skirt|wide leg trouser|bottom,knit_bottom_texture,general,casual to smart casual,office|weekend|autumn day|dinner,autumn|winter|spring,fashion_editorial,How Vogue's Shopping Editor Is Styling Trousers For Autumn,British Vogue,2024,https://www.vogue.co.uk/article/how-to-style-trousers-for-autumn,Leather bomber jacket + statement trousers + kitten heels section,2026-08-21,verified_reachable_2026-08-21_plus_bounded_model_enrichment,medium,The source styles knitwear with leather and tailored trousers and discusses autumn layering; the bulk-management guidance is bounded enrichment.,"Sweaters, cardigans and knitwear; bottoms selected by knit thickness and texture.","The cited source supports the core styling direction; contextual alternatives, rationale, and transfer to closely related item types are bounded model-enriched fashion guidance. Do not infer hidden item attributes that are not explicit in the case or rule.",rebuilt_v2_substantive_expert_rule,R094
K013,2,"When the top is already patterned, embellished, or strongly coloured, keep the bottom calmer unless intentional print mixing is the goal. Straight jeans, black or neutral trousers, a solid skirt, or simple shorts let the top remain the focal point; for evening, use a smooth satin or tailored bottom in one colour pulled from the print. A quieter lower half reduces visual competition and makes colour relationships easier to control.",tops,bottoms,tops,none,printed top|patterned top|floral top|embellished top|statement blouse|graphic top,plain trouser|plain trousers|jeans|denim|solid skirt|black skirt|neutral trouser|bottom,statement_top_bottom_restraint,general,casual to evening,daytime|date|event|streetwear,all,education_editorial,How to Match Clothes Using the Color Wheel,MasterClass,2021,https://www.masterclass.com/articles/how-to-match-clothes-using-the-color-wheel,sections on neutrals and colour-wheel schemes,2026-08-21,verified_reachable_2026-08-21_plus_bounded_model_enrichment,medium,The source explains controlled colour relationships and avoiding chaotic combinations; the garment-specific styling guidance is bounded enrichment.,"Patterned, embellished or strongly coloured tops; restrained bottoms.","The cited source supports the core styling direction; contextual alternatives, rationale, and transfer to closely related item types are bounded model-enriched fashion guidance. Do not infer hidden item attributes that are not explicit in the case or rule.",rebuilt_v2_substantive_expert_rule,R097
K014,2,"Sneakers can support several bottom shapes, but the silhouette should acknowledge the shoe. Straight or relaxed jeans and shorts are easy casual choices; low-profile sneakers work well with pleated or wide-leg trousers when the hem does not swallow the shoe; refined leather trainers can also sit with chinos for smart casual. If the sneaker is very chunky, slightly fuller denim or a straighter leg usually looks more proportional than an extremely narrow hem.",shoes,bottoms,shoes,none,sneaker|sneakers|trainer|trainers|chunky sneaker|low profile sneaker|low-profile sneaker,jeans|denim|chino|chinos|wide leg trouser|wide-leg trouser|pleated trouser|shorts|skirt|bottom,sneaker_bottoms,general,casual to smart casual,weekend|travel|smart casual|daytime,all,fashion_editorial,9 Summer Sneaker Outfits to Wear All Season Long,Vogue,2026,https://www.vogue.com/article/summer-sneaker-outfits,sections With a Mini Dress and Basket Bag and Baggy Jeans with a Cool-Girl Button-Up,2026-08-21,verified_reachable_2026-08-21_plus_bounded_model_enrichment,medium,"The source shows sneakers with skirts, jeans and tailored separates; the shoe-volume rationale and chinos extension are bounded enrichment.",Sneakers and trainers; bottoms chosen to expose or balance footwear volume.,"The cited source supports the core styling direction; contextual alternatives, rationale, and transfer to closely related item types are bounded model-enriched fashion guidance. Do not infer hidden item attributes that are not explicit in the case or rule.",rebuilt_v2_substantive_expert_rule,R092
K015,2,"A T-shirt can support almost any casual shoe, so choose footwear to set the outfit's level of polish. Sneakers keep it relaxed, loafers or ballet flats make it cleaner, ankle boots add weight for cooler weather, and pumps or kitten heels can deliberately dress up a simple tee. The shoe should usually be the stronger formality signal, while the T-shirt remains the neutral base that lets the rest of the outfit change context.",tops,shoes,tops,none,t-shirt|t shirt|tee|white tee|graphic tee,sneaker|sneakers|trainer|trainers|loafer|loafers|flat|flats|pump|pumps|heel|heels|boot|boots|shoe|shoes,tee_shoe_formality,general,casual to smart casual,weekend|streetwear|brunch|daytime,all,fashion_editorial,The Best T-Shirt and Trouser Pairings for This Season’s Most Laidback Trend,Vogue,2021,https://www.vogue.com/article/t-shirt-outfits,opening paragraphs on classic T-shirts with tailored and loose trousers,2026-08-21,verified_reachable_2026-08-21_plus_bounded_model_enrichment,medium,"The source shows T-shirts styled with sneakers, heels and polished separates; the explicit shoe-by-occasion framework is bounded enrichment.",T-shirts and tees; footwear used to move the outfit between casual and polished.,"The cited source supports the core styling direction; contextual alternatives, rationale, and transfer to closely related item types are bounded model-enriched fashion guidance. Do not infer hidden item attributes that are not explicit in the case or rule.",rebuilt_v2_substantive_expert_rule,R007
K016,2,"With a crop top, let the shoes reinforce the occasion rather than exaggerating the exposure. Sneakers, flats, or sandals work for daytime and casual wear; wedges or low heels can make the outfit feel more intentional for brunch or evening; ankle boots add balance in cooler weather. If the top is very minimal, a shoe with some structure or texture helps anchor the outfit, while extremely ornate footwear can make a revealing top feel over-styled.",tops,shoes,tops,none,crop top|cropped top|cropped shirt|bralette,sneaker|sneakers|sandal|sandals|wedge|wedges|pump|pumps|heel|heels|boot|boots|flat|flats|shoe|shoes|trainer|trainers,crop_top_shoes,general,casual to smart casual,weekend|summer|night out|daytime,spring|summer|all,fashion_editorial,Does an Office-Appropriate Crop Top Exist?,Vogue,2019,https://www.vogue.com/vogueworld/article/how-to-wear-crop-tops-to-the-office-summer-fashion,Hide in High-Waisted section,2026-08-21,verified_reachable_2026-08-21_plus_bounded_model_enrichment,medium,The source treats crop tops across off-duty and office-adjacent styling; footwear choices and anchoring rationale are bounded enrichment.,Cropped tops; shoes chosen to anchor formality and season.,"The cited source supports the core styling direction; contextual alternatives, rationale, and transfer to closely related item types are bounded model-enriched fashion guidance. Do not infer hidden item attributes that are not explicit in the case or rule.",rebuilt_v2_substantive_expert_rule,R009|R010
K017,2,"A button-down can shift from casual to business simply by changing the shoes. Minimal sneakers keep it relaxed, loafers or Derbys create smart casual, polished boots work in cooler months, and pumps or slingbacks give womenswear a sharper office or dinner finish. Keep sports footwear clean and low-key when the shirt is tailored; the more formal the shoe, the less the rest of the outfit needs extra decoration.",tops,shoes,tops,none,button-down|button down|button-up|button up|dress shirt|oxford shirt|white shirt,loafer|loafers|oxford|oxfords|brogue|brogues|sneaker|sneakers|trainer|trainers|pump|pumps|boot|boots|shoe|shoes,shirt_shoe_formality,general,smart casual to business,office|smart casual|dinner|weekend,all,fashion_editorial,What Is Business Casual? The GQ Guide to Dressing for Work and Beyond,GQ,2025,https://www.gq.com/story/business-casual-attire-for-men-explained,business-casual wardrobe sections on blazers shirts and knitwear,2026-08-21,verified_reachable_2026-08-21_plus_bounded_model_enrichment,medium,The source supports shirts with smart casual and business footwear; the gender-inclusive shoe alternatives and formality ladder are bounded enrichment.,Button-down and dress shirts; shoes determine smart-casual to business level.,"The cited source supports the core styling direction; contextual alternatives, rationale, and transfer to closely related item types are bounded model-enriched fashion guidance. Do not infer hidden item attributes that are not explicit in the case or rule.",rebuilt_v2_substantive_expert_rule,R013
K018,2,"Knitwear works with both soft and structured shoes, so use texture and silhouette to choose. Sneakers or chunky boots suit relaxed sweaters, loafers and ballet flats sharpen fine knits, and ankle boots or pumps can move a fitted knit toward work or dinner. When the knit is very heavy, a shoe with some visual substance prevents the lower half from looking too delicate; with fine-gauge knitwear, cleaner low-profile shoes usually feel more balanced.",tops,shoes,tops,none,sweater|knit|knitwear|cardigan|jumper|turtleneck,loafer|loafers|flat|flats|sneaker|sneakers|boot|boots|ankle boot|ankle boots|pump|pumps|shoe|shoes,knit_shoes,general,casual to smart casual,office|weekend|autumn day|dinner,autumn|winter|spring,fashion_editorial,The Wardrobe Essentials We’re Wearing in 2026,Vogue,2026,https://www.vogue.com/article/vogue-wardrobe-essentials-guide,lines 305-369 show tops combined with pants skirts and jeans,2026-08-21,verified_reachable_2026-08-21_plus_bounded_model_enrichment,medium,The source treats knitwear and classic footwear as wardrobe staples; the texture-weight matching principle is bounded enrichment.,"Sweaters, cardigans and knitwear; shoes matched to knit weight and occasion.","The cited source supports the core styling direction; contextual alternatives, rationale, and transfer to closely related item types are bounded model-enriched fashion guidance. Do not infer hidden item attributes that are not explicit in the case or rule.",rebuilt_v2_substantive_expert_rule,R015|R093
K019,2,"A tank or camisole leaves the outfit visually light, so shoes can set the tone clearly. Flat sandals and sneakers suit daytime, wedges and espadrilles work for holiday or brunch, and pumps or heeled sandals take a silk or refined tank into evening. Because the top is minimal, footwear with texture, colour, or a strong shape can add interest without competing with another major statement piece.",tops,shoes,tops,none,tank|tank top|camisole|silk tank|sleeveless top,sandal|sandals|wedge|wedges|flat|flats|sneaker|sneakers|pump|pumps|heel|heels|shoe|shoes,tank_shoes,general,casual to evening,summer|holiday|brunch|dinner,spring|summer,fashion_editorial,11 Heeled Sandal Outfits Perfect for Spring and Summer,Vogue,2026,https://www.vogue.com/article/heeled-sandal-outfits,sections pairing heeled sandals with clutch crossbody tote and shoulder bags,2026-08-21,verified_reachable_2026-08-21_plus_bounded_model_enrichment,medium,"The source repeatedly pairs tanks with sandals, wedges and summer separates; the day-to-evening shoe ladder is bounded enrichment.",Tanks and camisoles; footwear establishes daytime versus evening tone.,"The cited source supports the core styling direction; contextual alternatives, rationale, and transfer to closely related item types are bounded model-enriched fashion guidance. Do not infer hidden item attributes that are not explicit in the case or rule.",rebuilt_v2_substantive_expert_rule,R018
K020,2,"When the top is explicitly formal, the shoes should preserve that dress code. Patent or highly polished formal shoes suit black-tie menswear; pumps, stilettos, elegant kitten heels, or refined flats work with formal womenswear separates; sleek loafers can suit less rigid cocktail or formal-daytime settings. Avoid athletic trainers or heavily distressed casual footwear unless the event itself permits a deliberate high-low styling choice.",tops,shoes,tops,none,formal shirt|evening shirt|silk blouse|dress blouse|tuxedo shirt,formal shoe|formal shoes|patent shoe|patent shoes|pump|pumps|stiletto|stilettos|kitten heel|kitten heels|loafer|loafers|shoe|shoes,formal_top_shoes,general,formal to black tie,wedding|formal dinner|black tie|evening,all,fashion_editorial,The Vogue Guide To A Black-Tie Dress Code,British Vogue,2025,https://www.vogue.co.uk/article/black-tie-dress-code,lines 71-77 and 244-250 on formal evening expectations,2026-08-21,verified_reachable_2026-08-21_plus_bounded_model_enrichment,medium,The source explains black-tie and formal dress expectations; less rigid cocktail alternatives are bounded enrichment.,Formal shirts and blouses; footwear that respects formal dress codes.,"The cited source supports the core styling direction; contextual alternatives, rationale, and transfer to closely related item types are bounded model-enriched fashion guidance. Do not infer hidden item attributes that are not explicit in the case or rule.",rebuilt_v2_substantive_expert_rule,R014
K021,2,"Jeans can move through several shoe categories, but the cut matters. Straight or relaxed denim works with sneakers, loafers, boots, or pumps; baggy jeans need enough shoe presence that the hem does not swallow the footwear; skinny jeans integrate easily with knee-high boots; and cropped denim is especially useful with flats or ankle boots. Choose sneakers for casual wear, loafers for polish, and heels or pointed boots when you want denim to feel dressed up.",bottoms,shoes,bottoms,none,jeans|denim|straight jean|straight-leg jean|wide leg jean|wide-leg jean|baggy jean|skinny jean,sneaker|sneakers|trainer|trainers|loafer|loafers|boot|boots|pump|pumps|heel|heels|flat|flats|shoe|shoes,denim_shoes_multi_occasion,general,casual to smart casual,weekend|streetwear|dinner|daytime,all,fashion_editorial,The Wardrobe Essentials We’re Wearing in 2026,Vogue,2026,https://www.vogue.com/article/vogue-wardrobe-essentials-guide,lines 305-369 show tops combined with pants skirts and jeans,2026-08-21,verified_reachable_2026-08-21_plus_bounded_model_enrichment,medium,"The source explicitly notes jeans working with white sneakers, heels and heeled boots; fit-specific shoe guidance is bounded enrichment.",Jeans and denim; shoes chosen by denim cut and desired formality.,"The cited source supports the core styling direction; contextual alternatives, rationale, and transfer to closely related item types are bounded model-enriched fashion guidance. Do not infer hidden item attributes that are not explicit in the case or rule.",rebuilt_v2_substantive_expert_rule,R005|R029
K022,2,"A T-shirt is neutral enough to support several outerwear directions. Use a denim jacket or bomber for casual weekends, a leather jacket for stronger streetwear, and a blazer to make a plain tee smart-casual; in colder weather, a clean long coat can sit over the same base. The simpler the tee, the more formal or textured the outer layer can be, which makes the jacket—not the T-shirt—the deliberate styling signal.",tops,outerwear,tops,none,t-shirt|t shirt|tee|white tee|graphic tee,denim jacket|jean jacket|bomber|bomber jacket|leather jacket|blazer|coat|outerwear|jacket,tee_outerwear,general,casual to smart casual,weekend|streetwear|smart casual|daytime,all,fashion_editorial,The Best T-Shirt and Trouser Pairings for This Season’s Most Laidback Trend,Vogue,2021,https://www.vogue.com/article/t-shirt-outfits,opening paragraphs on classic T-shirts with tailored and loose trousers,2026-08-21,verified_reachable_2026-08-21_plus_bounded_model_enrichment,medium,"The source shows T-shirts under leather, tailoring and casual layers; the full outerwear ladder and rationale are bounded enrichment.",T-shirts and tees; outerwear determines final formality.,"The cited source supports the core styling direction; contextual alternatives, rationale, and transfer to closely related item types are bounded model-enriched fashion guidance. Do not infer hidden item attributes that are not explicit in the case or rule.",rebuilt_v2_substantive_expert_rule,R108
K023,2,"A cropped top benefits from outerwear that adds coverage or structure when the setting requires it. An oversized blazer can make the look office-adjacent or dinner-ready, a denim jacket or bomber keeps it casual, and a leather jacket adds evening edge; a light cardigan works when you want softer layering. The outer layer should either cover more of the torso or clearly frame the waist so the short top feels intentional rather than unfinished.",tops,outerwear,tops,none,crop top|cropped top|cropped shirt|bralette,blazer|oversized blazer|denim jacket|bomber|leather jacket|cardigan|jacket|outerwear,crop_top_outerwear,general,casual to business casual,weekend|office|summer evening|daytime,spring|summer|autumn,fashion_editorial,Does an Office-Appropriate Crop Top Exist?,Vogue,2019,https://www.vogue.com/vogueworld/article/how-to-wear-crop-tops-to-the-office-summer-fashion,Hide in High-Waisted section,2026-08-21,verified_reachable_2026-08-21_plus_bounded_model_enrichment,medium,The source explicitly demonstrates crop tops hidden or framed by blazers for more polished settings; casual outerwear alternatives are bounded enrichment.,"Cropped tops; outerwear adds coverage, structure or context.","The cited source supports the core styling direction; contextual alternatives, rationale, and transfer to closely related item types are bounded model-enriched fashion guidance. Do not infer hidden item attributes that are not explicit in the case or rule.",rebuilt_v2_substantive_expert_rule,R109
K024,2,"Button-down shirts naturally work with structured outerwear. A blazer or sport coat is the safest office choice, a trench or tailored coat adds commuting polish, and a leather jacket creates a sharper smart-casual contrast; on relaxed days, a cardigan or unstructured jacket keeps the shirt from feeling too formal. Keep collars and lapels from fighting each other by avoiding excessive bulk at the neckline.",tops,outerwear,tops,none,button-down|button down|button-up|button up|dress shirt|oxford shirt|white shirt,blazer|sport coat|trench|trench coat|coat|leather jacket|cardigan|jacket|outerwear,shirt_outerwear,general,smart casual to business,office|commute|dinner|weekend,all,fashion_editorial,What Is Business Casual? The GQ Guide to Dressing for Work and Beyond,GQ,2025,https://www.gq.com/story/business-casual-attire-for-men-explained,business-casual wardrobe sections on blazers shirts and knitwear,2026-08-21,verified_reachable_2026-08-21_plus_bounded_model_enrichment,medium,"The source supports shirts with blazers, coats and smart-casual layers; leather and neckline guidance are bounded enrichment.",Button-down and dress shirts; structured outerwear for work and smart casual.,"The cited source supports the core styling direction; contextual alternatives, rationale, and transfer to closely related item types are bounded model-enriched fashion guidance. Do not infer hidden item attributes that are not explicit in the case or rule.",rebuilt_v2_substantive_expert_rule,R110
K025,2,"A tank or camisole is a useful light base under outerwear because it leaves room for structure without adding bulk. Pair a simple tank with a blazer for work or dinner, a denim jacket for daytime, a leather or suede jacket for evening contrast, or a cardigan for softer casual layering. If the outerwear is oversized, a fitted tank helps define the body line; if the jacket is fitted, the tank can be slightly looser.",tops,outerwear,tops,none,tank|tank top|camisole|silk tank|sleeveless top,blazer|oversized blazer|denim jacket|cardigan|leather jacket|suede jacket|jacket|outerwear,tank_outerwear,general,casual to evening,summer office|brunch|dinner|daytime,spring|summer|autumn,fashion_editorial,How To Style A Suit In 2024 According To The Street-Style Set,British Vogue,2024,https://www.vogue.co.uk/article/how-to-style-a-suit,Monochrome section,2026-08-21,verified_reachable_2026-08-21_plus_bounded_model_enrichment,medium,The source shows simple tanks under tailoring; casual and texture-based alternatives are bounded enrichment.,Tanks and camisoles; light base layers under casual-to-tailored outerwear.,"The cited source supports the core styling direction; contextual alternatives, rationale, and transfer to closely related item types are bounded model-enriched fashion guidance. Do not infer hidden item attributes that are not explicit in the case or rule.",rebuilt_v2_substantive_expert_rule,R113|R118
K026,2,"Knitwear should be layered under outerwear with enough room for its thickness. Fine knits and turtlenecks sit neatly under blazers, trenches, and tailored coats; chunky sweaters work better under roomier coats, puffers, or relaxed leather jackets. Matching the bulk of the knit to the cut of the jacket avoids pulling at shoulders and keeps the outer silhouette clean, while texture contrast—soft knit against leather or smooth wool—adds depth without needing print.",tops,outerwear,tops,none,sweater|knit|knitwear|cardigan|jumper|turtleneck,coat|overcoat|trench|trench coat|blazer|leather jacket|puffer|jacket|outerwear,knit_outerwear,general,casual to smart casual,office|weekend|winter day|commute,autumn|winter|spring,fashion_editorial,The Wardrobe Essentials We’re Wearing in 2026,Vogue,2026,https://www.vogue.com/article/vogue-wardrobe-essentials-guide,lines 305-369 show tops combined with pants skirts and jeans,2026-08-21,verified_reachable_2026-08-21_plus_bounded_model_enrichment,medium,"The source treats knitwear, coats and leather jackets as core layering pieces; thickness and texture guidance are bounded enrichment.",Knitwear and sweaters; outerwear matched to layer thickness.,"The cited source supports the core styling direction; contextual alternatives, rationale, and transfer to closely related item types are bounded model-enriched fashion guidance. Do not infer hidden item attributes that are not explicit in the case or rule.",rebuilt_v2_substantive_expert_rule,R114
K027,2,"Formal shirts and evening blouses need outerwear that preserves the event's dress code. Tailored coats, formal blazers, tuxedo jackets, or refined capes work; highly casual denim, varsity, or technical outerwear usually breaks the tone unless the event is explicitly relaxed. For black tie, the outer layer should be dark, clean, and elegant enough that arriving in it does not undercut the formality of the clothes beneath.",tops,outerwear,tops,none,formal shirt|evening shirt|silk blouse|dress blouse|tuxedo shirt,tailored coat|formal coat|blazer|tuxedo jacket|cape|outerwear|jacket,formal_top_outerwear,general,formal to black tie,wedding|formal dinner|black tie|evening,all,fashion_editorial,The Vogue Guide To A Black-Tie Dress Code,British Vogue,2025,https://www.vogue.co.uk/article/black-tie-dress-code,lines 71-77 and 244-250 on formal evening expectations,2026-08-21,verified_reachable_2026-08-21_plus_bounded_model_enrichment,medium,The source defines black-tie and formal outerwear expectations; the garment-family alternatives are bounded enrichment.,Formal shirts and blouses; evening-appropriate outerwear.,"The cited source supports the core styling direction; contextual alternatives, rationale, and transfer to closely related item types are bounded model-enriched fashion guidance. Do not infer hidden item attributes that are not explicit in the case or rule.",rebuilt_v2_substantive_expert_rule,R119
K028,2,"Jeans can take almost any casual or smart-casual outer layer, but choose the jacket to set the tone. A denim jacket or bomber keeps weekends relaxed, a leather jacket adds edge, a blazer makes dark or straight denim office- or dinner-ready, and a trench or long coat adds polish in cooler weather. With baggy jeans, a shorter or more structured jacket helps restore shape; with skinny jeans, a roomier coat can create useful contrast.",bottoms,outerwear,bottoms,none,jeans|denim|straight jean|straight-leg jean|wide leg jean|wide-leg jean|baggy jean|skinny jean,blazer|leather jacket|denim jacket|trench|coat|bomber|jacket|outerwear,denim_outerwear_multi_occasion,general,casual to smart casual,weekend|streetwear|office|dinner,all,fashion_editorial,How to Pull Off a Blazer With Jeans in 2026,GQ,2026,https://www.gq.com/story/how-to-pull-off-a-blazer-and-jeans,The Neo-Prep Look section,2026-08-21,verified_reachable_2026-08-21_plus_bounded_model_enrichment,medium,The source directly supports blazer-and-jeans styling; the broader outerwear matrix and silhouette contrast are bounded enrichment.,Jeans and denim; outerwear selected by occasion and denim cut.,"The cited source supports the core styling direction; contextual alternatives, rationale, and transfer to closely related item types are bounded model-enriched fashion guidance. Do not infer hidden item attributes that are not explicit in the case or rule.",rebuilt_v2_substantive_expert_rule,R044|R122
K029,2,"With a T-shirt, choose a bag that reinforces the outfit's purpose rather than making the accessory feel random. A crossbody or simple shoulder bag works for city days, a canvas tote suits errands and travel, and a basket or woven bag works in warm weather; for a polished tee-and-trouser outfit, use a cleaner leather shoulder bag. Because the top is visually simple, the bag can carry texture or colour without overwhelming the look.",tops,bags,tops,none,t-shirt|t shirt|tee|white tee|graphic tee,shoulder bag|crossbody|cross body|tote|canvas tote|basket bag|bag|handbag,tee_bag_casual,general,casual,weekend|streetwear|travel|daytime,all,fashion_editorial,These 6 T-Shirt Outfits That Are Chic Enough to Go Out In,Who What Wear,2023,https://www.whowhatwear.com/best-t-shirt-outfits,opening outfit formulas pairing tees with shoulder bags and bright bags,2026-08-21,verified_reachable_2026-08-21_plus_bounded_model_enrichment,medium,The source shows T-shirt outfits finished with shoulder and tote-style bags; the use-case and material alternatives are bounded enrichment.,T-shirts and tees; casual-to-polished everyday bag choices.,"The cited source supports the core styling direction; contextual alternatives, rationale, and transfer to closely related item types are bounded model-enriched fashion guidance. Do not infer hidden item attributes that are not explicit in the case or rule.",rebuilt_v2_substantive_expert_rule,R027
K030,2,"With a crop top, tank, or camisole, bags can either stay light and practical or add the main visual interest. Crossbodies and mini shoulder bags suit festivals and city days, raffia or basket bags fit holiday dressing, and a sleek small shoulder bag works for dinner. If the top is very minimal, a textured or coloured bag adds interest; if the top is embellished, keep the bag simpler so the two small statement areas do not compete.",tops,bags,tops,none,crop top|cropped top|tank|tank top|camisole|sleeveless top,crossbody|cross body|shoulder bag|mini bag|tote|raffia bag|basket bag|bag|handbag,minimal_top_bag,general,casual to dressy,summer|festival|brunch|holiday|evening,spring|summer,fashion_editorial,10 Chic Ways to Style Summer's Hero Handbags,Vogue,2023,https://www.vogue.com/article/summer-handbag-outfits,opening styling paragraph pairing understated bags with button-ups and tanks,2026-08-21,verified_reachable_2026-08-21_plus_bounded_model_enrichment,medium,The source styles summer handbags with tanks and light tops; festival/evening distinctions and focal-point rationale are bounded enrichment.,"Cropped, sleeveless and minimal tops; small or seasonal bags.","The cited source supports the core styling direction; contextual alternatives, rationale, and transfer to closely related item types are bounded model-enriched fashion guidance. Do not infer hidden item attributes that are not explicit in the case or rule.",rebuilt_v2_substantive_expert_rule,R029
K031,2,"A button-down or Oxford shirt pairs naturally with bags that have some structure. Use a work tote, satchel, or clean shoulder bag for office and commuting; a compact crossbody relaxes the shirt for weekends; a woven or softer tote can make it feel more summery. Matching exact leather colour is unnecessary—clean shape, practical scale, and similar formality create a more useful relationship than forced colour coordination.",tops,bags,tops,none,button-down|button down|button-up|button up|dress shirt|oxford shirt|white shirt,structured bag|work bag|tote|shoulder bag|satchel|crossbody|bag|handbag,shirt_bag_polish,general,smart casual to business,office|commute|smart casual|weekend,all,fashion_editorial,The Summer Work Bags Vogue Editors Use Everyday,Vogue,2025,https://www.vogue.com/article/editors-summer-work-bags,opening paragraph naming workwear shoes trousers and bags,2026-08-21,verified_reachable_2026-08-21_plus_bounded_model_enrichment,medium,The source discusses practical polished work bags; casual and summer alternatives plus the non-matching principle are bounded enrichment.,Button-down and dress shirts; structured or practical bags by occasion.,"The cited source supports the core styling direction; contextual alternatives, rationale, and transfer to closely related item types are bounded model-enriched fashion guidance. Do not infer hidden item attributes that are not explicit in the case or rule.",rebuilt_v2_substantive_expert_rule,R032
K032,2,"Knitwear pairs well with bags that either echo its softness or provide a clean structural contrast. A shoulder bag or hobo works with relaxed sweaters, a structured top-handle or tote sharpens fine knits for work, and a crossbody keeps layered weekend outfits practical. If the knit is chunky or heavily textured, choose a smoother bag surface; if the knit is plain, suede, woven leather, or another textured bag can add depth.",tops,bags,tops,none,sweater|knit|knitwear|cardigan|jumper|turtleneck,shoulder bag|tote|hobo|crossbody|top handle|bag|handbag,knit_bag_texture,general,casual to smart casual,office|weekend|autumn day|travel,autumn|winter|spring,fashion_editorial,Outfit Formulas,Vogue,2026,https://www.vogue.com/outfit-formulas,editorial formulas include knitwear and bags as outfit components,2026-08-21,verified_reachable_2026-08-21_plus_bounded_model_enrichment,medium,The source uses knitwear with a range of shoulder and tote bags in layered outfits; the texture-contrast principle is bounded enrichment.,"Sweaters, cardigans and knits; bag structure and texture matched to knit weight.","The cited source supports the core styling direction; contextual alternatives, rationale, and transfer to closely related item types are bounded model-enriched fashion guidance. Do not infer hidden item attributes that are not explicit in the case or rule.",rebuilt_v2_substantive_expert_rule,R033
K033,2,"With a blouse or dressy top, use the bag to control whether the outfit feels daytime-polished or evening-ready. A structured shoulder or top-handle bag works for work and lunch, while a clutch or small shoulder bag suits dinner and events. If the blouse has lace, ruffles, shine, or a strong print, choose a cleaner bag; a plain blouse can support a more decorative or colourful accessory.",tops,bags,tops,none,blouse|silk blouse|wrap top|dressy top|ruffle top|lace top,shoulder bag|top handle|clutch|mini bag|structured bag|bag|handbag,blouse_bag_dressy,general,smart casual to evening,date|dinner|wedding|event,all,fashion_editorial,The Vogue Guide to Formal Attire,Vogue,2025,https://www.vogue.com/article/the-vogue-guide-to-formal-attire,Formal attire shoes and accessories for women section,2026-08-21,verified_reachable_2026-08-21_plus_bounded_model_enrichment,medium,The source supports refined bags within formal and polished dressing; day-to-evening distinctions and embellishment balance are bounded enrichment.,Dressy blouses and refined tops; structured day bags or compact evening bags.,"The cited source supports the core styling direction; contextual alternatives, rationale, and transfer to closely related item types are bounded model-enriched fashion guidance. Do not infer hidden item attributes that are not explicit in the case or rule.",rebuilt_v2_substantive_expert_rule,R044
K034,2,"When the top is already patterned, graphic, floral, or embellished, let the bag act as a supporting piece. A solid shoulder bag, simple crossbody, clean tote, or minimally detailed structured bag avoids creating a second competing focal point; if you want colour coordination, repeat one colour from the top rather than matching every tone. Neutral leather is the safest option, while a single contrasting colour can work when the rest of the outfit stays controlled.",tops,bags,tops,none,printed top|patterned top|floral top|graphic top|embellished top|statement top,plain shoulder bag|solid bag|crossbody|tote|structured bag|bag|handbag,statement_top_bag_restraint,general,casual to evening,daytime|streetwear|date|event,all,education_editorial,How to Match Clothes Using the Color Wheel,MasterClass,2021,https://www.masterclass.com/articles/how-to-match-clothes-using-the-color-wheel,sections on neutrals and colour-wheel schemes,2026-08-21,verified_reachable_2026-08-21_plus_bounded_model_enrichment,medium,The source explains controlled colour relationships; the bag-specific single-focal-point guidance is bounded enrichment.,Patterned and statement tops; quieter bags with optional single-colour echo.,"The cited source supports the core styling direction; contextual alternatives, rationale, and transfer to closely related item types are bounded model-enriched fashion guidance. Do not infer hidden item attributes that are not explicit in the case or rule.",rebuilt_v2_substantive_expert_rule,none
K035,2,"Jeans can support many bag styles, so choose by occasion. A crossbody or soft shoulder bag keeps denim casual, a structured leather bag or tote makes straight or dark jeans more polished, and a woven bag works for warm-weather denim; denim bags can also work if the wash or texture differs clearly from the jeans. The bag is a useful way to shift denim from weekend to city-polished without changing the entire outfit.",bottoms,bags,bottoms,none,jeans|denim|straight jean|wide leg jean|skinny jean|baggy jean,shoulder bag|crossbody|tote|structured bag|woven bag|bag|handbag,denim_bags_multi_occasion,general,casual to smart casual,weekend|office|streetwear|daytime,all,fashion_editorial,6 Perfect Spring Outfits to Wear With This Chic Denim Trend,Who What Wear,2026,https://www.whowhatwear.com/fashion/outfit-ideas/indigo-denim-outfits-2026,lines 209-211 248-251 287-290,2026-08-21,verified_reachable_2026-08-21_plus_bounded_model_enrichment,medium,"The source shows denim with structured, shoulder and seasonal accessories; the denim-on-denim distinction and occasion framing are bounded enrichment.",Jeans and denim; bag choice shifts casual-to-polished tone.,"The cited source supports the core styling direction; contextual alternatives, rationale, and transfer to closely related item types are bounded model-enriched fashion guidance. Do not infer hidden item attributes that are not explicit in the case or rule.",rebuilt_v2_substantive_expert_rule,none
K036,2,"Wide-leg, tailored, and pleated trousers pair well with bags that give the outfit a clear finish. Structured shoulder bags and top handles suit office wear, totes add practical scale for commuting, and a clutch can move the same trousers into dinner or evening. With very wide trousers, avoid an excessively slouchy oversized bag unless volume is deliberately repeated; a cleaner bag shape usually sharpens the lower-body silhouette.",bottoms,bags,bottoms,none,wide leg trouser|wide-leg trouser|tailored trouser|tailored trousers|pleated trouser|palazzo,structured bag|shoulder bag|tote|clutch|top handle|bag|handbag,trouser_bag_polish,general,smart casual to business,office|dinner|commute|smart casual,all,fashion_editorial,Wide-Leg Trousers Are a Vogue Office Favorite—7 Street Style-Approved Ways to Wear Them,Vogue,2026,https://www.vogue.com/article/how-to-style-wide-leg-trousers,The Classic Black section,2026-08-21,verified_reachable_2026-08-21_plus_bounded_model_enrichment,medium,The source presents wide trousers in polished outfits with structured accessories; bag-shape and commuting alternatives are bounded enrichment.,Wide-leg and tailored trousers; structured bags by occasion and trouser volume.,"The cited source supports the core styling direction; contextual alternatives, rationale, and transfer to closely related item types are bounded model-enriched fashion guidance. Do not infer hidden item attributes that are not explicit in the case or rule.",rebuilt_v2_substantive_expert_rule,none
K037,2,"Leggings and very slim bottoms usually belong to practical or streamlined outfits, so bags should support that simplicity. Crossbodies, sling bags, compact backpacks, totes, and soft shoulder bags work well for travel and casual city wear; a structured tote can make the outfit feel more polished. Because the lower silhouette is narrow, a very large slouchy bag becomes a major visual element, so balance it with a substantial top or outer layer.",bottoms,bags,bottoms,none,legging|leggings|skinny pant|skinny pants|jeggings,crossbody|sling bag|tote|hobo|shoulder bag|backpack|bag|handbag,legging_bag_practical,general,casual,travel|athleisure|weekend|city day,all,fashion_editorial,Outfit Formulas,Vogue,2026,https://www.vogue.com/outfit-formulas,editorial formulas include knitwear and bags as outfit components,2026-08-21,verified_reachable_2026-08-21_plus_bounded_model_enrichment,medium,The source uses leggings and practical bags within casual outfit formulas; scale-balancing guidance is bounded enrichment.,Leggings and very slim bottoms; practical bags with attention to scale.,"The cited source supports the core styling direction; contextual alternatives, rationale, and transfer to closely related item types are bounded model-enriched fashion guidance. Do not infer hidden item attributes that are not explicit in the case or rule.",rebuilt_v2_substantive_expert_rule,R046|R124
K038,2,"With loafers, ballet flats, Mary Janes, or other refined flats, build upward with a clean top rather than athletic performance wear. A button-down, polo, fine knit, cardigan, or simple tee works for daytime; for office or dinner, use a blouse or sharper shirt and keep logos minimal. Refined flat shoes already provide a polished base, so the top can stay understated while still looking intentional.",shoes,tops,shoes,none,loafer|loafers|ballet flat|ballet flats|flat|flats|mary jane|mary janes|oxford|oxfords,button-down|button down|shirt|polo|fine knit|sweater|cardigan|t-shirt|t shirt|tee|blouse|top,flat_shoe_polish,general,casual to smart casual,office|weekend|daytime|dinner,all,fashion_editorial,How to wear loafers and look like a grownup,British GQ,2026,https://www.gq-magazine.co.uk/article/how-to-wear-loafers,sections describing loafers with denim and casual-to-formal shape,2026-08-21,verified_reachable_2026-08-21_plus_bounded_model_enrichment,medium,"The source supports loafers with denim, trousers and clean casual-to-smart tops; the broader flat-shoe family and occasion guidance are bounded enrichment.","Refined flats, loafers, Oxfords and Mary Janes; recommends clean tops.","The cited source supports the core styling direction; contextual alternatives, rationale, and transfer to closely related item types are bounded model-enriched fashion guidance. Do not infer hidden item attributes that are not explicit in the case or rule.",rebuilt_v2_substantive_expert_rule,none
K039,2,"Pumps and low heels can either sharpen a casual outfit or support a dressier one, so the top should decide which direction you want. Pair them with a fine knit, crisp shirt, or minimal tee for daytime polish; use a silk blouse, camisole, or elegant fitted top for dinner or events. Because the shoes already add refinement, the top does not need excessive embellishment unless the rest of the outfit is deliberately evening-focused.",shoes,tops,shoes,none,pump|pumps|heel|heels|kitten heel|kitten heels|stiletto|stilettos,blouse|silk top|camisole|tank|shirt|button-down|button down|fine knit|t-shirt|t shirt|tee|top,heel_top_balance,general,smart casual to evening,work|date|dinner|event,all,fashion_editorial,How to Style Low-Heel Pumps for Spring 2026,Vogue,2026,https://www.vogue.com/article/how-to-style-low-heel-pumps,Netted Style and Soirée Staple sections pairing pumps skirts or dresses and bags,2026-08-21,verified_reachable_2026-08-21_plus_bounded_model_enrichment,medium,The source styles pumps across polished daytime and dressier outfits; the top alternatives and restraint rationale are bounded enrichment.,"Pumps, stilettos and kitten heels; tops for polished daytime through evening.","The cited source supports the core styling direction; contextual alternatives, rationale, and transfer to closely related item types are bounded model-enriched fashion guidance. Do not infer hidden item attributes that are not explicit in the case or rule.",rebuilt_v2_substantive_expert_rule,none
K040,2,"Boots bring visual weight, so use the top to either echo or soften that character. Chunky, biker, or studded boots pair well with a plain tee, striped top, denim shirt, or relaxed knit for streetwear; sleek ankle or knee-high boots can take a blouse, button-down, or fine sweater for a cleaner city look. Keeping the top simpler than heavily detailed boots prevents hardware, texture, and print from competing.",shoes,tops,shoes,none,ankle boot|ankle boots|bootie|booties|chunky boot|biker boot|knee high boot|knee-high boot|studded boot,knit|sweater|t-shirt|t shirt|tee|shirt|button-down|button down|blouse|tank|top,boot_top_contrast,general,casual to smart casual,autumn|winter weekend|streetwear|daytime,autumn|winter|spring,fashion_editorial,What to Wear With Brown Boots: 20 Chic Brown-Boot Outfits,Who What Wear,2026,https://www.whowhatwear.com/what-to-wear-with-brown-boots,lines 127-129 171-172 225-230 257-259 272-273 326-331,2026-08-21,verified_reachable_2026-08-21_plus_bounded_model_enrichment,medium,"The source presents multiple brown-boot outfits across denim, knitwear and tailoring; the rugged-versus-sleek boot distinction and rationale are bounded enrichment.","Ankle, knee-high, chunky, biker or studded boots; tops that balance footwear weight.","The cited source supports the core styling direction; contextual alternatives, rationale, and transfer to closely related item types are bounded model-enriched fashion guidance. Do not infer hidden item attributes that are not explicit in the case or rule.",rebuilt_v2_substantive_expert_rule,none
K041,2,"With sandals, wedges, espadrilles, or clogs, keep the upper half seasonally light. Linen or cotton shirts, tanks, wrap tops, simple tees, and light blouses suit holiday and daytime wear; a silk camisole or refined sleeveless top works for a summer dinner. Natural textures and lighter colours usually make the outfit feel coherent, while a more structured top can stop platform or chunky sandals from reading too beachy.",shoes,tops,shoes,none,sandal|sandals|wedge|wedges|espadrille|espadrilles|clog|clogs,linen shirt|cotton shirt|tank|camisole|wrap top|blouse|t-shirt|t shirt|tee|knit|top,open_shoe_warm_weather,general,casual to dressy,holiday|beach|brunch|summer dinner,spring|summer,fashion_editorial,How to Style the Wedge Sandal—10 Outfits to Recreate Now,Vogue,2026,https://www.vogue.com/article/wedge-sandal-outfits,sections pairing trousers pants and shorts with shoulder tote bowling and other bags,2026-08-21,verified_reachable_2026-08-21_plus_bounded_model_enrichment,medium,"The source shows wedge sandals with tanks, wrap tops and summer separates; the broader warm-weather fabric and formality guidance is bounded enrichment.",Open warm-weather shoes; breathable tops with casual-to-dressy alternatives.,"The cited source supports the core styling direction; contextual alternatives, rationale, and transfer to closely related item types are bounded model-enriched fashion guidance. Do not infer hidden item attributes that are not explicit in the case or rule.",rebuilt_v2_substantive_expert_rule,none
K042,2,"When the footwear is explicitly formal—patent shoes, polished dress shoes, or evening heels—the top should preserve that level of formality. For black-tie menswear, use a proper white evening shirt rather than a casual tee or polo; for womenswear and formal separates, use a refined blouse, silk top, or clean evening camisole. Casual jersey, sportswear graphics, and distressed tops usually break the visual logic of formal footwear.",shoes,tops,shoes,none,patent shoe|patent shoes|formal shoe|formal shoes|dress shoe|dress shoes|tuxedo shoe|evening shoe,formal shirt|white shirt|dress shirt|silk blouse|blouse|camisole|fine knit|top,formal_footwear_top,general,formal to black tie,wedding|formal dinner|black tie|evening,all,fashion_editorial,Black tie dress code explained,British GQ,2024,https://www.gq-magazine.co.uk/article/black-tie-guide,footwear section recommending patent formal shoes,2026-08-21,verified_reachable_2026-08-21_plus_bounded_model_enrichment,medium,The source directly defines formal and black-tie shirt-and-shoe expectations; womenswear alternatives and the general formality-consistency principle are bounded enrichment.,"Formal, patent or evening shoes; tops that maintain formal dress code.","The cited source supports the core styling direction; contextual alternatives, rationale, and transfer to closely related item types are bounded model-enriched fashion guidance. Do not infer hidden item attributes that are not explicit in the case or rule.",rebuilt_v2_substantive_expert_rule,none
K043,2,"A blazer does not always require a formal shirt; choose the base layer by occasion. For work, use a button-down, blouse, fine knit, or turtleneck; for dinner or smart casual, a clean polo or fitted knit works; for relaxed weekends, a plain tee or tank can deliberately soften the tailoring. The key is that the base layer should be cleaner and less bulky than the blazer so the jacket keeps its shape.",outerwear,tops,outerwear,none,blazer|sport coat|sportcoat|tailored jacket,button-down|button down|shirt|blouse|fine knit|turtleneck|tank|t-shirt|t shirt|tee|polo|top,blazer_base_layer,general,casual to business casual,office|dinner|smart casual|weekend,all,fashion_editorial,What Is Business Casual? The GQ Guide to Dressing for Work and Beyond,GQ,2025,https://www.gq.com/story/business-casual-attire-for-men-explained,business-casual wardrobe sections on blazers shirts and knitwear,2026-08-21,verified_reachable_2026-08-21_plus_bounded_model_enrichment,medium,"The source supports shirts, knitwear and relaxed tailoring in business-casual dressing; tee/tank alternatives and bulk rationale are bounded enrichment.","Blazers, sport coats and tailored jackets; base-layer tops by occasion.","The cited source supports the core styling direction; contextual alternatives, rationale, and transfer to closely related item types are bounded model-enriched fashion guidance. Do not infer hidden item attributes that are not explicit in the case or rule.",rebuilt_v2_substantive_expert_rule,none
K044,2,"Leather jackets and bombers already carry texture and attitude, so the top can either stay simple or deliberately contrast. A white or black tee, tank, hoodie, or fine knit gives easy streetwear; a silk blouse or clean shirt makes the jacket suitable for dinner; with a heavily detailed or oversized jacket, avoid another loud print directly underneath. Simpler base layers let leather texture and hardware remain the focus.",outerwear,tops,outerwear,none,leather jacket|leather blazer|bomber|bomber jacket|motorcycle jacket|moto jacket,t-shirt|t shirt|tee|tank|knit|sweater|shirt|blouse|hoodie|top,leather_bomber_base,general,casual to evening,streetwear|weekend|date|concert,autumn|winter|spring,fashion_editorial,The Wardrobe Essentials We’re Wearing in 2026,Vogue,2026,https://www.vogue.com/article/vogue-wardrobe-essentials-guide,lines 305-369 show tops combined with pants skirts and jeans,2026-08-21,verified_reachable_2026-08-21_plus_bounded_model_enrichment,medium,The source identifies the leather jacket as a versatile wardrobe piece that adds effortless cool; detailed layering alternatives are bounded enrichment.,"Leather jackets, leather blazers and bombers; simple or polished base layers.","The cited source supports the core styling direction; contextual alternatives, rationale, and transfer to closely related item types are bounded model-enriched fashion guidance. Do not infer hidden item attributes that are not explicit in the case or rule.",rebuilt_v2_substantive_expert_rule,none
K045,2,"With a denim jacket, keep the base layer easy and relatively thin: a plain tee, tank, hoodie, light sweater, or casual shirt all work. For double denim, separate the jacket and bottom with a contrasting wash or a neutral top so the outfit does not read as one undifferentiated block; for warmer weather, a white tank or light cotton tee keeps the layering breathable. Denim outerwear is casual by nature, so the base does not need to imitate tailoring.",outerwear,tops,outerwear,none,denim jacket|jean jacket|truck er jacket|trucker jacket,t-shirt|t shirt|tee|tank|hoodie|sweater|knit|shirt|blouse|top,denim_jacket_layering,general,casual,weekend|travel|daytime|streetwear,spring|summer|autumn,fashion_editorial,Outfit Formulas,Vogue,2026,https://www.vogue.com/outfit-formulas,editorial formulas include knitwear and bags as outfit components,2026-08-21,verified_reachable_2026-08-21_plus_bounded_model_enrichment,medium,The source uses denim repeatedly in casual outfit formulas; the double-denim and warm-weather layering guidance is bounded model enrichment.,"Denim and trucker jackets; casual, layer-friendly tops.","The cited source supports the core styling direction; contextual alternatives, rationale, and transfer to closely related item types are bounded model-enriched fashion guidance. Do not infer hidden item attributes that are not explicit in the case or rule.",rebuilt_v2_substantive_expert_rule,none
K046,2,"Loafers, Oxfords, brogues, and Derbys are strongest with bottoms that echo their polished character without becoming overly formal. Chinos, pleated or tailored trousers suit work and smart casual; straight or relaxed denim creates a useful high-low contrast; a midi or mini skirt can work in womenswear when the rest of the outfit stays clean. Chunkier shoes tolerate wider hems, while sleek loafers look sharper with straighter or slightly cropped bottoms.",shoes,bottoms,shoes,none,loafer|loafers|oxford|oxfords|brogue|brogues|derby|derbys,chino|chinos|tailored trouser|tailored trousers|jeans|denim|pleated trouser|skirt|bottom,loafer_bottoms,general,smart casual,office|daytime|dinner|weekend,all,fashion_editorial,How to wear loafers and look like a grownup,British GQ,2026,https://www.gq-magazine.co.uk/article/how-to-wear-loafers,sections describing loafers with denim and casual-to-formal shape,2026-08-21,verified_reachable_2026-08-21_plus_bounded_model_enrichment,medium,The source supports loafers with denim and tailored trousers across casual-to-smart settings; skirt and hem-shape guidance are bounded enrichment.,"Loafers, Oxfords, brogues and Derbys; polished bottoms and hem proportions.","The cited source supports the core styling direction; contextual alternatives, rationale, and transfer to closely related item types are bounded model-enriched fashion guidance. Do not infer hidden item attributes that are not explicit in the case or rule.",rebuilt_v2_substantive_expert_rule,none
K047,2,"Boots can change the balance of the lower half, so choose bottoms that reveal or intentionally integrate the shaft. Ankle boots work with cropped or straight jeans and trousers; knee-high boots pair naturally with slim jeans, mini skirts, or midi skirts with enough movement; biker and chunky boots can ground a softer skirt or relaxed denim. Avoid awkward bunching at the ankle unless the slouch is deliberate, because clean contact between hem and boot makes the outfit read more considered.",shoes,bottoms,shoes,none,ankle boot|ankle boots|bootie|booties|knee high boot|knee-high boot|biker boot|chunky boot|studded boot,jeans|denim|skinny jean|straight jean|midi skirt|mini skirt|trouser|trousers|bottom,boot_bottoms,general,casual to smart casual,autumn|winter|streetwear|daytime,autumn|winter|spring,fashion_editorial,What to Wear With Brown Boots: 20 Chic Brown-Boot Outfits,Who What Wear,2026,https://www.whowhatwear.com/what-to-wear-with-brown-boots,lines 127-129 171-172 225-230 257-259 272-273 326-331,2026-08-21,verified_reachable_2026-08-21_plus_bounded_model_enrichment,medium,"The source documents boots with denim, skirts and tailored pieces; shaft/hem interaction and chunky-boot balance are bounded enrichment.","Ankle, knee-high, biker, chunky and studded boots; bottoms based on shaft and hem relationship.","The cited source supports the core styling direction; contextual alternatives, rationale, and transfer to closely related item types are bounded model-enriched fashion guidance. Do not infer hidden item attributes that are not explicit in the case or rule.",rebuilt_v2_substantive_expert_rule,none
K048,2,"Pumps and heels can either sharpen denim or complete a dressier bottom. Tailored or wide-leg trousers work well when the hem is long enough to skim rather than hide the shoe; straight jeans become more polished with a pointed or kitten heel; midi and mini skirts suit work, dinner, or events depending on fabric. Because the heel adds refinement, the bottom can stay comparatively simple and still look dressed.",shoes,bottoms,shoes,none,pump|pumps|heel|heels|kitten heel|kitten heels|stiletto|stilettos,tailored trouser|tailored trousers|wide leg trouser|wide-leg trouser|straight jean|jeans|midi skirt|mini skirt|bottom,heel_bottoms,general,smart casual to formal,office|date|dinner|event,all,fashion_editorial,How to Style Low-Heel Pumps for Spring 2026,Vogue,2026,https://www.vogue.com/article/how-to-style-low-heel-pumps,Netted Style and Soirée Staple sections pairing pumps skirts or dresses and bags,2026-08-21,verified_reachable_2026-08-21_plus_bounded_model_enrichment,medium,"The source styles pumps with denim, trousers and skirts; hem-length and formality rationale are bounded enrichment.","Pumps, kitten heels and stilettos; bottoms from denim to tailoring and skirts.","The cited source supports the core styling direction; contextual alternatives, rationale, and transfer to closely related item types are bounded model-enriched fashion guidance. Do not infer hidden item attributes that are not explicit in the case or rule.",rebuilt_v2_substantive_expert_rule,none
K049,2,"Sandals, wedges, espadrilles, and clogs work best with warm-weather bottoms that leave the shoe visible. Bermuda or tailored shorts suit daytime, linen or wide-leg trousers give a relaxed resort line, and midi or maxi skirts can move the same footwear toward dinner; cropped jeans are a practical city option. Use lighter fabrics and avoid hems that completely cover a detailed sandal, because open footwear contributes texture and proportion to the lower silhouette.",shoes,bottoms,shoes,none,sandal|sandals|wedge|wedges|espadrille|espadrilles|clog|clogs,shorts|bermuda shorts|wide leg trouser|wide-leg trouser|linen trouser|midi skirt|maxi skirt|jeans|bottom,open_shoe_bottoms,general,casual to dressy,holiday|beach|brunch|summer dinner,spring|summer,fashion_editorial,How to Style the Wedge Sandal—10 Outfits to Recreate Now,Vogue,2026,https://www.vogue.com/article/wedge-sandal-outfits,sections pairing trousers pants and shorts with shoulder tote bowling and other bags,2026-08-21,verified_reachable_2026-08-21_plus_bounded_model_enrichment,medium,"The source shows wedges with shorts, trousers and skirts in warm-weather outfits; linen, visibility and city-denim guidance are bounded enrichment.","Warm-weather open shoes; shorts, trousers, skirts and cropped denim.","The cited source supports the core styling direction; contextual alternatives, rationale, and transfer to closely related item types are bounded model-enriched fashion guidance. Do not infer hidden item attributes that are not explicit in the case or rule.",rebuilt_v2_substantive_expert_rule,none
K050,2,"Refined flats need a clean hem so they remain visible. Straight or cropped jeans, ankle-length tailored trousers, mini or midi skirts, and tailored shorts all work; ballet flats and Mary Janes can soften structured trousers, while simpler slippers suit more relaxed denim. If the bottom is very wide, consider a slightly shorter hem or a shoe with a stronger toe shape so the footwear does not disappear beneath the fabric.",shoes,bottoms,shoes,none,flat|flats|ballet flat|ballet flats|mary jane|mary janes|slipper|slippers,straight jean|jeans|denim|cropped trouser|tailored trouser|midi skirt|mini skirt|shorts|bottom,flat_bottoms,general,casual to smart casual,office|daytime|travel|weekend,spring|summer|autumn,fashion_editorial,5 Chic Biker Boot Outfits the Fashion Set Is Leaning Towards This Autumn,Who What Wear,2026,https://www.whowhatwear.com/fashion/shoes/biker-boots-outfits,lines 144-149 238-244,2026-08-21,verified_reachable_2026-08-21_plus_bounded_model_enrichment,medium,"Fashion editorials regularly pair flats with denim, skirts and cropped trousers; the visibility and hem-shape guidance is bounded enrichment.","Ballet flats, Mary Janes and slippers; bottoms that keep low-profile shoes visible.","The cited source supports the core styling direction; contextual alternatives, rationale, and transfer to closely related item types are bounded model-enriched fashion guidance. Do not infer hidden item attributes that are not explicit in the case or rule.",rebuilt_v2_substantive_expert_rule,none
K051,2,"A blazer can be matched or contrasted with the bottom depending on the setting. Tailored or pleated trousers create office polish; straight or dark jeans give a reliable smart-casual contrast; wider trousers make the outfit more fashion-forward when the jacket is shorter or clearly structured; a simple skirt works well in womenswear. Avoid making both jacket and trousers excessively oversized unless the silhouette is deliberate, because one defined element keeps tailoring sharp.",outerwear,bottoms,outerwear,none,blazer|sport coat|sportcoat|tailored jacket,tailored trouser|tailored trousers|jeans|denim|wide leg trouser|wide-leg trouser|pleated trouser|skirt|bottom,blazer_bottoms,general,smart casual to business,office|dinner|smart casual|weekend,all,fashion_editorial,How to Pull Off a Blazer With Jeans in 2026,GQ,2026,https://www.gq.com/story/how-to-pull-off-a-blazer-and-jeans,The Neo-Prep Look section,2026-08-21,verified_reachable_2026-08-21_plus_bounded_model_enrichment,medium,"The source directly covers blazer-and-jeans styling and contemporary tailoring; matched-trouser, skirt and volume guidance are bounded enrichment.",Blazers and tailored jackets; bottoms from denim to tailoring.,"The cited source supports the core styling direction; contextual alternatives, rationale, and transfer to closely related item types are bounded model-enriched fashion guidance. Do not infer hidden item attributes that are not explicit in the case or rule.",rebuilt_v2_substantive_expert_rule,none
K052,2,"With leather outerwear, decide whether you want texture contrast or a stronger monochrome effect. Straight or relaxed jeans keep the jacket casual, tailored trousers make it city-polished, and a satin or simple skirt softens the leather for dinner; leather trousers can work too, but keep the cut and colour controlled so the outfit does not become costume-like. Mixing one smooth or soft fabric with leather usually gives the clearest visual balance.",outerwear,bottoms,outerwear,none,leather jacket|leather blazer|moto jacket|motorcycle jacket,jeans|denim|leather trouser|leather trousers|midi skirt|mini skirt|tailored trouser|bottom,leather_outerwear_bottoms,general,casual to evening,streetwear|date|dinner|weekend,autumn|winter|spring,fashion_editorial,The Wardrobe Essentials We’re Wearing in 2026,Vogue,2026,https://www.vogue.com/article/vogue-wardrobe-essentials-guide,lines 305-369 show tops combined with pants skirts and jeans,2026-08-21,verified_reachable_2026-08-21_plus_bounded_model_enrichment,medium,"The source identifies leather jackets as versatile styling pieces; the denim, tailoring and texture-contrast alternatives are bounded enrichment.","Leather jackets and blazers; denim, tailoring and skirts with texture control.","The cited source supports the core styling direction; contextual alternatives, rationale, and transfer to closely related item types are bounded model-enriched fashion guidance. Do not infer hidden item attributes that are not explicit in the case or rule.",rebuilt_v2_substantive_expert_rule,none
K053,2,"Bombers, puffers, and varsity jackets already create casual volume on top, so bottoms should either continue that streetwear language deliberately or provide a cleaner counterpoint. Straight jeans, cargos, and relaxed trousers work for streetwear; leggings or a slim skirt reduce bulk for travel and everyday wear; a mini or midi skirt can create a softer contrast. If the jacket is very oversized, avoid adding equally bulky bottoms unless the full-volume silhouette is intentional.",outerwear,bottoms,outerwear,none,bomber|bomber jacket|puffer|puffer jacket|varsity jacket,jeans|denim|cargo pant|cargo pants|straight trouser|mini skirt|midi skirt|legging|leggings|bottom,casual_outerwear_bottoms,general,casual to streetwear,travel|streetwear|weekend|daytime,autumn|winter|spring,fashion_editorial,Outfit Formulas,Vogue,2026,https://www.vogue.com/outfit-formulas,editorial formulas include knitwear and bags as outfit components,2026-08-21,verified_reachable_2026-08-21_plus_bounded_model_enrichment,medium,"The source contains modern casual outfit formulas using bombers, puffers and denim; the volume-control alternatives are bounded enrichment.","Bombers, puffers and varsity jackets; casual and streetwear bottoms.","The cited source supports the core styling direction; contextual alternatives, rationale, and transfer to closely related item types are bounded model-enriched fashion guidance. Do not infer hidden item attributes that are not explicit in the case or rule.",rebuilt_v2_substantive_expert_rule,none
K054,2,"With wide-leg trousers, think about whether the shoe should disappear under the hem or remain visible. Low-profile sneakers and loafers work for casual or tailored daytime outfits; pumps, slingbacks, mules, or pointed boots sharpen office and dinner looks; chunkier shoes can support very baggy trousers if the hem is long. Cropped wide-leg styles are ideal for showcasing refined footwear, while full-length trousers need enough toe shape or height to avoid looking visually heavy.",bottoms,shoes,bottoms,none,wide leg trouser|wide-leg trouser|wide leg pant|wide-leg pant|palazzo|loose trouser|baggy trouser,sneaker|sneakers|loafer|loafers|pump|pumps|heel|heels|slingback|slingbacks|mule|mules|boot|boots|shoe|shoes,wide_leg_shoes,general,casual to smart casual,office|weekend|dinner|daytime,all,fashion_editorial,Wide-Leg Trousers Are a Vogue Office Favorite—7 Street Style-Approved Ways to Wear Them,Vogue,2026,https://www.vogue.com/article/how-to-style-wide-leg-trousers,The Classic Black section,2026-08-21,verified_reachable_2026-08-21_plus_bounded_model_enrichment,medium,"The source documents wide trousers with sneakers, pumps and visible-footwear styling; hem and shoe-presence rationale is bounded enrichment.",Wide-leg and palazzo trousers; footwear based on hem length and volume.,"The cited source supports the core styling direction; contextual alternatives, rationale, and transfer to closely related item types are bounded model-enriched fashion guidance. Do not infer hidden item attributes that are not explicit in the case or rule.",rebuilt_v2_substantive_expert_rule,none
K055,2,"Leggings and very slim bottoms expose the whole shoe, so footwear has a stronger visual effect. Sneakers are the natural athleisure choice, ankle boots add structure for everyday dressing, knee-high boots create a continuous winter line, and loafers or ballet flats can make a simple legging outfit more city-polished. Very bulky shoes can work, but they usually need a more substantial top or outer layer so the lower half does not feel disproportionately heavy.",bottoms,shoes,bottoms,none,legging|leggings|skinny pant|skinny pants|jeggings,sneaker|sneakers|trainer|trainers|ankle boot|ankle boots|knee high boot|knee-high boot|flat|flats|loafer|loafers|shoe|shoes,legging_shoes,general,casual to smart casual,travel|athleisure|weekend|daytime,all,fashion_editorial,Outfit Formulas,Vogue,2026,https://www.vogue.com/outfit-formulas,editorial formulas include knitwear and bags as outfit components,2026-08-21,verified_reachable_2026-08-21_plus_bounded_model_enrichment,medium,The source uses leggings within contemporary casual outfit formulas; the shoe-weight and winter-line guidance is bounded enrichment.,Leggings and very slim bottoms; footwear fully visible and visually influential.,"The cited source supports the core styling direction; contextual alternatives, rationale, and transfer to closely related item types are bounded model-enriched fashion guidance. Do not infer hidden item attributes that are not explicit in the case or rule.",rebuilt_v2_substantive_expert_rule,none
K056,2,"Skirts change character dramatically with shoes. Sneakers or flats make denim, pleated, and many midi skirts casual; loafers add preppy polish; ankle or knee-high boots suit cooler weather and can ground mini skirts; pumps and heeled sandals work for office, date, or evening looks. The most reliable rule is to keep the shoe visible and let its level of refinement match the fabric of the skirt rather than assuming every skirt requires heels.",bottoms,shoes,bottoms,none,mini skirt|midi skirt|maxi skirt|skirt|slip skirt|denim skirt|pleated skirt,sneaker|sneakers|flat|flats|loafer|loafers|boot|boots|pump|pumps|heel|heels|sandal|sandals|shoe|shoes,skirt_shoes,general,casual to dressy,office|weekend|date|event,all,fashion_editorial,How to Style Low-Heel Pumps for Spring 2026,Vogue,2026,https://www.vogue.com/article/how-to-style-low-heel-pumps,Netted Style and Soirée Staple sections pairing pumps skirts or dresses and bags,2026-08-21,verified_reachable_2026-08-21_plus_bounded_model_enrichment,medium,The source styles pumps with skirts and other editorials pair skirts with flats and sneakers; the broader shoe matrix is bounded enrichment.,"Mini, midi, maxi, slip and denim skirts; shoes by season and formality.","The cited source supports the core styling direction; contextual alternatives, rationale, and transfer to closely related item types are bounded model-enriched fashion guidance. Do not infer hidden item attributes that are not explicit in the case or rule.",rebuilt_v2_substantive_expert_rule,none
K057,2,"Shorts expose the footwear completely, so choose shoes that fit the setting. Sneakers, flat sandals, and espadrilles suit casual or holiday outfits; loafers and refined flats work with tailored Bermuda shorts; wedges or heeled sandals can dress shorts up for brunch or a summer dinner. Because the leg line is already open, extremely heavy winter shoes can look disconnected unless the rest of the outfit deliberately creates a strong seasonal contrast.",bottoms,shoes,bottoms,none,shorts|bermuda shorts|tailored shorts|denim shorts,sneaker|sneakers|sandal|sandals|wedge|wedges|loafer|loafers|flat|flats|espadrille|espadrilles|shoe|shoes,shorts_shoes,general,casual to smart casual,holiday|beach|brunch|city day,spring|summer,fashion_editorial,How to Style the Wedge Sandal—10 Outfits to Recreate Now,Vogue,2026,https://www.vogue.com/article/wedge-sandal-outfits,sections pairing trousers pants and shorts with shoulder tote bowling and other bags,2026-08-21,verified_reachable_2026-08-21_plus_bounded_model_enrichment,medium,The source pairs wedges with Bermuda shorts and warm-weather separates; the broader shorts-to-shoe formality ladder is bounded enrichment.,"Denim, tailored and Bermuda shorts; fully visible warm-weather shoes.","The cited source supports the core styling direction; contextual alternatives, rationale, and transfer to closely related item types are bounded model-enriched fashion guidance. Do not infer hidden item attributes that are not explicit in the case or rule.",rebuilt_v2_substantive_expert_rule,none
K058,2,"Tailored trousers and chinos can be relaxed or sharpened through footwear. Loafers, Derbys, Oxfords, pumps, and sleek boots preserve a smarter line; minimal sneakers can modernize business-casual or weekend tailoring when they are clean and low-profile. Wider pleated trousers tolerate slightly heavier shoes, while narrow or cropped tailoring benefits from a slimmer shoe shape. The shoe should support the trouser break rather than creating bunching at the hem.",bottoms,shoes,bottoms,none,tailored trouser|tailored trousers|pleated trouser|pleated trousers|chino|chinos|suit trouser|suit trousers,loafer|loafers|derby|derbys|oxford|oxfords|sneaker|sneakers|pump|pumps|heel|heels|boot|boots|shoe|shoes,tailored_bottom_shoes,general,smart casual to business,office|smart casual|dinner|commute,all,fashion_editorial,"A full, BS-free breakdown of how to do smart-casual",British GQ,2023,https://www.gq-magazine.co.uk/article/how-to-dress-smart-casual,sections listing leather shoes within smart casual,2026-08-21,verified_reachable_2026-08-21_plus_bounded_model_enrichment,medium,The source explains smart-casual footwear with chinos and tailoring; trouser-break guidance and womenswear heels are bounded enrichment.,"Tailored trousers, pleats and chinos; smart-casual to business footwear.","The cited source supports the core styling direction; contextual alternatives, rationale, and transfer to closely related item types are bounded model-enriched fashion guidance. Do not infer hidden item attributes that are not explicit in the case or rule.",rebuilt_v2_substantive_expert_rule,none
K059,2,"A blazer can work with sneakers, loafers, boots, or heels, but the shoe should clarify the intended level of formality. Minimal sneakers keep jeans-and-blazer outfits relaxed, loafers or sleek boots suit smart casual, and pumps or pointed heels sharpen office or dinner dressing. If the blazer is highly tailored, avoid very technical athletic footwear unless the contrast is deliberate; if the blazer is soft and unstructured, casual shoes integrate more naturally.",outerwear,shoes,outerwear,none,blazer|sport coat|sportcoat|tailored jacket,loafer|loafers|sneaker|sneakers|trainer|trainers|pump|pumps|heel|heels|boot|boots|shoe|shoes,blazer_shoes,general,smart casual to business,office|dinner|weekend|smart casual,all,fashion_editorial,How to Pull Off a Blazer With Jeans in 2026,GQ,2026,https://www.gq.com/story/how-to-pull-off-a-blazer-and-jeans,The Neo-Prep Look section,2026-08-21,verified_reachable_2026-08-21_plus_bounded_model_enrichment,medium,The source directly discusses blazer-and-jeans styling and footwear choices; the structured-versus-unstructured distinction is bounded enrichment.,Blazers and tailored jackets; footwear used to set final formality.,"The cited source supports the core styling direction; contextual alternatives, rationale, and transfer to closely related item types are bounded model-enriched fashion guidance. Do not infer hidden item attributes that are not explicit in the case or rule.",rebuilt_v2_substantive_expert_rule,none
K060,2,"Leather jackets and bombers can support rugged or polished footwear. Biker and ankle boots reinforce the jacket's edge, sneakers make it casual, loafers create an unexpected polished contrast, and pumps or kitten heels can soften a leather jacket for dinner. If both jacket and shoes are heavily studded or hardware-rich, keep the rest of the outfit restrained so the two strong textures do not turn into visual clutter.",outerwear,shoes,outerwear,none,leather jacket|leather blazer|bomber|bomber jacket|moto jacket|motorcycle jacket,boot|boots|ankle boot|ankle boots|sneaker|sneakers|trainer|trainers|loafer|loafers|pump|pumps|heel|heels|shoe|shoes,leather_outerwear_shoes,general,casual to evening,streetwear|weekend|date|concert,autumn|winter|spring,fashion_editorial,5 Chic Biker Boot Outfits the Fashion Set Is Leaning Towards This Autumn,Who What Wear,2026,https://www.whowhatwear.com/fashion/shoes/biker-boots-outfits,lines 144-149 238-244,2026-08-21,verified_reachable_2026-08-21_plus_bounded_model_enrichment,medium,The source styles biker boots within leather-heavy and contrasting outfits; polished-shoe alternatives and hardware restraint are bounded enrichment.,Leather jackets and bombers; rugged-to-polished shoe options.,"The cited source supports the core styling direction; contextual alternatives, rationale, and transfer to closely related item types are bounded model-enriched fashion guidance. Do not infer hidden item attributes that are not explicit in the case or rule.",rebuilt_v2_substantive_expert_rule,none
K061,2,"Long coats and trenches need footwear that makes sense for both weather and hem length. Boots are the most natural cold-weather choice, loafers and flats work in mild conditions, clean sneakers make a trench feel relaxed, and pumps can suit a polished coat for evening. Very delicate shoes can look seasonally disconnected under a heavy winter coat, while overly bulky boots may need a straighter or roomier coat to maintain proportion.",outerwear,shoes,outerwear,none,coat|overcoat|long coat|wool coat|trench|trench coat,boot|boots|ankle boot|ankle boots|loafer|loafers|sneaker|sneakers|flat|flats|pump|pumps|shoe|shoes,coat_shoes,general,casual to smart casual,commute|office|travel|winter dinner,autumn|winter|spring,fashion_editorial,5 Chunky Boots Outfit Ideas to Copy This Winter,Who What Wear,2026,https://www.whowhatwear.com/fashion/outfit-ideas/chunky-boots-outfit-ideas,lines 230-236 278-283 306-310,2026-08-21,verified_reachable_2026-08-21_plus_bounded_model_enrichment,medium,The source shows long coats with substantial winter footwear; the weather and delicacy contrast are bounded enrichment.,"Coats and trenches; footwear matched to season, hem and outerwear weight.","The cited source supports the core styling direction; contextual alternatives, rationale, and transfer to closely related item types are bounded model-enriched fashion guidance. Do not infer hidden item attributes that are not explicit in the case or rule.",rebuilt_v2_substantive_expert_rule,none
K062,2,"Wide-leg or baggy trousers work best with outerwear that either defines the waist or intentionally continues the volume. A structured or slightly cropped blazer gives office polish, a leather jacket or bomber creates streetwear contrast, and a long coat can work if the line stays clean; oversized blazer-plus-baggy-trouser combinations are viable when the inner top is controlled. The key is to make the volume relationship deliberate rather than letting every layer expand independently.",bottoms,outerwear,bottoms,none,wide leg trouser|wide-leg trouser|baggy trouser|loose trouser|palazzo|pleated trouser,blazer|cropped jacket|leather jacket|bomber|trench|coat|jacket|outerwear,wide_leg_outerwear,general,casual to business casual,office|streetwear|dinner|daytime,all,fashion_editorial,Baggy Trousers And A Blazer Is Spring's Easiest Outfit Formula,British Vogue,2026,https://www.vogue.co.uk/article/baggy-trousers-blazer-spring-outfit,opening paragraphs and coordinated-look formulas,2026-08-21,verified_reachable_2026-08-21_plus_bounded_model_enrichment,medium,The source explicitly supports baggy trousers with blazers; broader jacket alternatives and volume logic are bounded enrichment.,"Wide-leg, baggy and pleated trousers; outerwear manages or extends volume.","The cited source supports the core styling direction; contextual alternatives, rationale, and transfer to closely related item types are bounded model-enriched fashion guidance. Do not infer hidden item attributes that are not explicit in the case or rule.",rebuilt_v2_substantive_expert_rule,none
K063,2,"Leggings and very slim bottoms benefit from outerwear that adds shape or coverage. Oversized blazers, long coats, trenches, bombers, and puffers all work depending on formality; a denim jacket gives an easy casual option. Because the lower half is narrow, slightly roomier outerwear usually creates a balanced silhouette, but the jacket should still end at a purposeful point—hip, mid-thigh, or longline—rather than an awkward in-between length.",bottoms,outerwear,bottoms,none,legging|leggings|skinny pant|skinny pants|jeggings,oversized blazer|blazer|long coat|trench|bomber|puffer|denim jacket|jacket|outerwear,legging_outerwear,general,casual to smart casual,travel|weekend|city day|athleisure,all,fashion_editorial,Outfit Formulas,Vogue,2026,https://www.vogue.com/outfit-formulas,editorial formulas include knitwear and bags as outfit components,2026-08-21,verified_reachable_2026-08-21_plus_bounded_model_enrichment,medium,The source uses leggings and slim bottoms with layered casual outerwear; length and silhouette guidance are bounded enrichment.,Leggings and slim bottoms; outerwear adds coverage and proportion.,"The cited source supports the core styling direction; contextual alternatives, rationale, and transfer to closely related item types are bounded model-enriched fashion guidance. Do not infer hidden item attributes that are not explicit in the case or rule.",rebuilt_v2_substantive_expert_rule,none
K064,2,"Skirts can move from casual to polished through outerwear. A denim jacket or cardigan relaxes a skirt, a leather jacket or bomber adds edge, and a blazer or tailored coat makes midi and simple skirts more office- or dinner-ready. With fuller midi or maxi skirts, shorter jackets often keep the waist visible; with mini skirts, longer coats can provide useful proportion and seasonal balance.",bottoms,outerwear,bottoms,none,mini skirt|midi skirt|maxi skirt|skirt|slip skirt|denim skirt,blazer|bomber|leather jacket|denim jacket|coat|trench|cardigan|jacket|outerwear|zipper|zip jacket|zip jacket,skirt_outerwear,general,casual to dressy,office|weekend|date|evening,all,fashion_editorial,These 6 T-Shirt Outfits That Are Chic Enough to Go Out In,Who What Wear,2023,https://www.whowhatwear.com/best-t-shirt-outfits,opening outfit formulas pairing tees with shoulder bags and bright bags,2026-08-21,verified_reachable_2026-08-21_plus_bounded_model_enrichment,medium,The source demonstrates skirts styled with casual and polished layers; jacket-length guidance is bounded enrichment.,"Mini, midi and maxi skirts; outerwear selected by formality and skirt length.","The cited source supports the core styling direction; contextual alternatives, rationale, and transfer to closely related item types are bounded model-enriched fashion guidance. Do not infer hidden item attributes that are not explicit in the case or rule.",rebuilt_v2_substantive_expert_rule,none
K065,2,"Shorts need lightweight outerwear that respects the season. A denim jacket, overshirt, cardigan, or light utility jacket works casually; tailored Bermuda shorts can take an unstructured or linen blazer for brunch and smart-casual evenings. Heavy winter coats usually feel disconnected from bare legs, so choose breathable fabrics and shorter or unlined jackets unless weather genuinely requires more protection.",bottoms,outerwear,bottoms,none,shorts|bermuda shorts|tailored shorts|denim shorts,blazer|linen blazer|denim jacket|light jacket|cardigan|overshirt|jacket|outerwear,shorts_outerwear,general,casual to smart casual,holiday|brunch|summer evening|city day,spring|summer,fashion_editorial,How to Build the Perfect Warm-Weather Wardrobe,GQ,2026,https://www.gq.com/story/ultimate-wardrobe-spring-summer-edition,lines 64-73 describe wardrobe pieces selected to work together including a denim jacket,2026-08-21,verified_reachable_2026-08-21_plus_bounded_model_enrichment,medium,The source supports light warm-weather tailoring and field jackets; shorts-specific combinations are bounded enrichment.,"Denim, tailored and Bermuda shorts; lightweight seasonal outerwear.","The cited source supports the core styling direction; contextual alternatives, rationale, and transfer to closely related item types are bounded model-enriched fashion guidance. Do not infer hidden item attributes that are not explicit in the case or rule.",rebuilt_v2_substantive_expert_rule,none
K066,2,"When the bottoms are already textural or statement-making, use outerwear to frame rather than compete. A simple blazer, clean bomber, trench, or solid coat works with checked, metallic, or embellished trousers; leather-on-leather can work if the colours and finishes are controlled, but a contrasting wool or denim layer is usually easier. Restrained outerwear lets strong trousers remain the focal point while still giving the outfit structure.",bottoms,outerwear,bottoms,none,leather trouser|leather trousers|statement trouser|checked trouser|metallic trouser|printed trouser,blazer|bomber|leather jacket|coat|trench|simple jacket|outerwear,statement_bottom_outerwear,general,casual to evening,streetwear|dinner|event|daytime,autumn|winter|spring,fashion_editorial,How Vogue's Shopping Editor Is Styling Trousers For Autumn,British Vogue,2024,https://www.vogue.co.uk/article/how-to-style-trousers-for-autumn,Leather bomber jacket + statement trousers + kitten heels section,2026-08-21,verified_reachable_2026-08-21_plus_bounded_model_enrichment,medium,The source styles statement trousers with leather bombers and controlled layers; the broader restraint principle is bounded enrichment.,"Leather, checked, metallic and statement trousers; outerwear that frames the focal bottom.","The cited source supports the core styling direction; contextual alternatives, rationale, and transfer to closely related item types are bounded model-enriched fashion guidance. Do not infer hidden item attributes that are not explicit in the case or rule.",rebuilt_v2_substantive_expert_rule,none
K067,2,"Sneakers naturally support casual outerwear, but refined pairs can also work with tailoring. Denim jackets, bombers, field jackets, and light coats are easy daytime options; a soft blazer or trench can make minimal sneakers feel smart-casual. The cleaner and lower-profile the sneaker, the easier it is to pair with structured outerwear; heavily technical or bulky trainers usually look more coherent with sportier jackets.",shoes,outerwear,shoes,none,sneaker|sneakers|trainer|trainers|low profile sneaker|low-profile sneaker,denim jacket|bomber|blazer|trench|field jacket|light coat|jacket|outerwear,sneaker_outerwear,general,casual to smart casual,weekend|travel|city day|smart casual,all,fashion_editorial,9 Summer Sneaker Outfits to Wear All Season Long,Vogue,2026,https://www.vogue.com/article/summer-sneaker-outfits,sections With a Mini Dress and Basket Bag and Baggy Jeans with a Cool-Girl Button-Up,2026-08-21,verified_reachable_2026-08-21_plus_bounded_model_enrichment,medium,The source shows sneakers with both casual and tailored summer outfits; sneaker-refinement guidance is bounded enrichment.,Sneakers and trainers; outerwear scaled to sneaker refinement.,"The cited source supports the core styling direction; contextual alternatives, rationale, and transfer to closely related item types are bounded model-enriched fashion guidance. Do not infer hidden item attributes that are not explicit in the case or rule.",rebuilt_v2_substantive_expert_rule,none
K068,2,"Loafers, Oxfords, brogues, and refined flats pair most naturally with outerwear that has some polish: blazers, trenches, tailored coats, or clean leather jackets. For relaxed weekends, an unstructured jacket works; for office use, keep the outer layer crisp and avoid overly sporty puffers unless weather requires them. Refined low shoes create a tidy base, so the outerwear can carry texture or pattern without making the outfit feel too casual.",shoes,outerwear,shoes,none,loafer|loafers|oxford|oxfords|brogue|brogues|derby|derbys|flat|flats,blazer|trench|coat|cardigan jacket|leather jacket|jacket|outerwear,refined_flat_outerwear,general,smart casual to business,office|dinner|daytime|weekend,all,fashion_editorial,How to wear loafers and look like a grownup,British GQ,2026,https://www.gq-magazine.co.uk/article/how-to-wear-loafers,sections describing loafers with denim and casual-to-formal shape,2026-08-21,verified_reachable_2026-08-21_plus_bounded_model_enrichment,medium,The source supports loafers across denim and tailoring; outerwear-specific guidance is bounded enrichment.,"Loafers, Oxfords, brogues and refined flats; polished outerwear.","The cited source supports the core styling direction; contextual alternatives, rationale, and transfer to closely related item types are bounded model-enriched fashion guidance. Do not infer hidden item attributes that are not explicit in the case or rule.",rebuilt_v2_substantive_expert_rule,none
K069,2,"Pumps and heels pair well with outerwear that keeps a clean line. Blazers, trenches, and tailored coats suit office and dinner dressing; leather or suede jackets can create a high-low contrast for evening. Because heels already add refinement, the outerwear does not need decorative trim to feel dressed; if the shoes are highly embellished, a simpler jacket usually creates a more sophisticated balance.",shoes,outerwear,shoes,none,pump|pumps|heel|heels|kitten heel|stiletto|stilettos,blazer|trench|tailored coat|leather jacket|suede jacket|jacket|outerwear,heel_outerwear,general,smart casual to evening,office|date|dinner|event,all,fashion_editorial,How to Style Low-Heel Pumps for Spring 2026,Vogue,2026,https://www.vogue.com/article/how-to-style-low-heel-pumps,Netted Style and Soirée Staple sections pairing pumps skirts or dresses and bags,2026-08-21,verified_reachable_2026-08-21_plus_bounded_model_enrichment,medium,The source styles pumps with polished day-to-evening outfits; outerwear and embellishment guidance are bounded enrichment.,Pumps and heels; structured or contrasting outerwear for polished settings.,"The cited source supports the core styling direction; contextual alternatives, rationale, and transfer to closely related item types are bounded model-enriched fashion guidance. Do not infer hidden item attributes that are not explicit in the case or rule.",rebuilt_v2_substantive_expert_rule,none
K070,2,"Skirts can take different bags depending on fabric and formality. A crossbody or tote works with denim and casual skirts, a shoulder bag suits midi and pleated skirts for city wear, a mini bag or clutch works for evening, and a basket bag can relax a summer skirt. If the skirt has strong pleats, sequins, fringe, or print, choose a simpler bag so the movement and texture remain the main lower-body feature.",bottoms,bags,bottoms,none,mini skirt|midi skirt|maxi skirt|skirt|slip skirt|denim skirt,shoulder bag|crossbody|clutch|mini bag|tote|basket bag|bag|handbag,skirt_bag_options,general,casual to dressy,weekend|office|date|event,all,fashion_editorial,5 Chic Biker Boot Outfits the Fashion Set Is Leaning Towards This Autumn,Who What Wear,2026,https://www.whowhatwear.com/fashion/shoes/biker-boots-outfits,lines 144-149 238-244,2026-08-21,verified_reachable_2026-08-21_plus_bounded_model_enrichment,medium,The source shows skirt-led outfits finished with shoulder bags and fashion accessories; broader bag options and texture restraint are bounded enrichment.,"Mini, midi, maxi and denim skirts; bags selected by formality and skirt texture.","The cited source supports the core styling direction; contextual alternatives, rationale, and transfer to closely related item types are bounded model-enriched fashion guidance. Do not infer hidden item attributes that are not explicit in the case or rule.",rebuilt_v2_substantive_expert_rule,none
K071,2,"Shorts pair best with bags that feel seasonally light and proportionate. Crossbodies and canvas totes suit casual days, raffia or basket bags work for beach and holidays, and a neat shoulder or mini bag can dress tailored Bermuda shorts for brunch or dinner. Heavy, highly formal bags can look disconnected from very casual shorts, so use material and scale to keep the accessory in the same seasonal story.",bottoms,bags,bottoms,none,shorts|bermuda shorts|tailored shorts|denim shorts,crossbody|tote|basket bag|raffia bag|shoulder bag|mini bag|bag|handbag,shorts_bag_warm_weather,general,casual to smart casual,beach|holiday|brunch|city day,spring|summer,fashion_editorial,10 Chic Ways to Style Summer's Hero Handbags,Vogue,2023,https://www.vogue.com/article/summer-handbag-outfits,opening styling paragraph pairing understated bags with button-ups and tanks,2026-08-21,verified_reachable_2026-08-21_plus_bounded_model_enrichment,medium,The source focuses on summer bags and warm-weather dressing; shorts-specific scale and formality guidance are bounded enrichment.,"Denim, tailored and Bermuda shorts; warm-weather bags.","The cited source supports the core styling direction; contextual alternatives, rationale, and transfer to closely related item types are bounded model-enriched fashion guidance. Do not infer hidden item attributes that are not explicit in the case or rule.",rebuilt_v2_substantive_expert_rule,none
K072,2,"When the trousers are leather, metallic, checked, or otherwise statement-making, use a bag that gives the eye somewhere to rest. A plain shoulder bag, structured top handle, simple clutch, or clean crossbody works well; for evening, a restrained metallic detail can echo hardware without duplicating the whole trouser texture. Keeping one accessory quieter makes strong bottoms feel styled rather than overloaded.",bottoms,bags,bottoms,none,leather trouser|leather trousers|statement trouser|printed trouser|checked trouser|metallic trouser|leather pant|leather pants|faux leather pant|faux leather pants|pants|trouser|trousers,plain shoulder bag|structured bag|clutch|top handle|crossbody|bag|handbag,statement_bottom_bag_restraint,general,casual to evening,streetwear|dinner|event|daytime,autumn|winter|spring,fashion_editorial,How Vogue's Shopping Editor Is Styling Trousers For Autumn,British Vogue,2024,https://www.vogue.co.uk/article/how-to-style-trousers-for-autumn,Leather bomber jacket + statement trousers + kitten heels section,2026-08-21,verified_reachable_2026-08-21_plus_bounded_model_enrichment,medium,The source styles statement trousers with a controlled shoulder bag; the broader single-focal-point rule is bounded enrichment.,"Leather, metallic and patterned trousers; restrained bags.","The cited source supports the core styling direction; contextual alternatives, rationale, and transfer to closely related item types are bounded model-enriched fashion guidance. Do not infer hidden item attributes that are not explicit in the case or rule.",rebuilt_v2_substantive_expert_rule,none
K073,2,"Sneakers suit bags that keep the outfit practical and relaxed. Crossbodies, shoulder bags, canvas totes, and basket bags all work; a structured leather bag can deliberately elevate clean low-profile sneakers for city wear. Sporty footwear does not require a sporty bag, but if the sneakers are bulky or highly technical, a simple bag prevents the outfit from accumulating too many performance details.",shoes,bags,shoes,none,sneaker|sneakers|trainer|trainers|low profile sneaker|low-profile sneaker,crossbody|shoulder bag|tote|basket bag|canvas tote|bag|handbag,sneaker_bags,general,casual,weekend|travel|city day|summer,all,fashion_editorial,9 Summer Sneaker Outfits to Wear All Season Long,Vogue,2026,https://www.vogue.com/article/summer-sneaker-outfits,sections With a Mini Dress and Basket Bag and Baggy Jeans with a Cool-Girl Button-Up,2026-08-21,verified_reachable_2026-08-21_plus_bounded_model_enrichment,medium,"The source styles sneakers with basket totes, shoulder bags and casual accessories; structure contrast and technical-detail restraint are bounded enrichment.",Sneakers and trainers; practical casual bags with optional polished contrast.,"The cited source supports the core styling direction; contextual alternatives, rationale, and transfer to closely related item types are bounded model-enriched fashion guidance. Do not infer hidden item attributes that are not explicit in the case or rule.",rebuilt_v2_substantive_expert_rule,none
K074,2,"Refined flats and loafers pair well with bags that share their tidy, low-key polish. Shoulder bags, satchels, top handles, and crossbodies suit city wear; basket or raffia bags soften flats for summer. Exact leather matching is optional—similar formality and a repeated neutral or accent colour are enough. If the shoes are very delicate, avoid a bag so oversized that it makes the footwear feel visually insignificant.",shoes,bags,shoes,none,flat|flats|ballet flat|ballet flats|loafer|loafers|mary jane|mary janes|oxford|oxfords,shoulder bag|satchel|top handle|basket bag|crossbody|bag|handbag,flat_bags,general,casual to smart casual,office|weekend|daytime|summer,all,fashion_editorial,What to Wear With Brown Boots: 20 Chic Brown-Boot Outfits,Who What Wear,2026,https://www.whowhatwear.com/what-to-wear-with-brown-boots,lines 127-129 171-172 225-230 257-259 272-273 326-331,2026-08-21,verified_reachable_2026-08-21_plus_bounded_model_enrichment,medium,Fashion editorials pair flats and loafers with shoulder and seasonal bags; the scale and non-matching guidance are bounded enrichment.,Refined flats and loafers; tidy city or summer bags.,"The cited source supports the core styling direction; contextual alternatives, rationale, and transfer to closely related item types are bounded model-enriched fashion guidance. Do not infer hidden item attributes that are not explicit in the case or rule.",rebuilt_v2_substantive_expert_rule,none
K075,2,"Pumps, heels, and wedges work naturally with bags that carry some polish. Shoulder bags and structured top handles suit office or daytime, while clutches and mini bags move the outfit toward dinner and events. The bag does not need to match the shoes exactly; a shared material family, metal tone, or one repeated colour is enough. If the heel is highly embellished, keep the bag cleaner so the accessories do not compete.",shoes,bags,shoes,none,pump|pumps|heel|heels|kitten heel|stiletto|stilettos|wedge|wedges,shoulder bag|clutch|top handle|mini bag|structured bag|bag|handbag,heel_bags,general,smart casual to evening,office|date|dinner|event,all,fashion_editorial,How to Style Low-Heel Pumps for Spring 2026,Vogue,2026,https://www.vogue.com/article/how-to-style-low-heel-pumps,Netted Style and Soirée Staple sections pairing pumps skirts or dresses and bags,2026-08-21,verified_reachable_2026-08-21_plus_bounded_model_enrichment,medium,The source pairs pumps with shoulder bags across polished outfits; bag formality and non-matching guidance are bounded enrichment.,"Pumps, heels and wedges; polished bags from day to evening.","The cited source supports the core styling direction; contextual alternatives, rationale, and transfer to closely related item types are bounded model-enriched fashion guidance. Do not infer hidden item attributes that are not explicit in the case or rule.",rebuilt_v2_substantive_expert_rule,none
K076,2,"Under a coat or trench, use a base layer that gives warmth or polish without creating unnecessary bulk. Fine-gauge knits, turtlenecks, shirts, and blouses suit commuting and office wear; a clean tee can work under a trench in mild weather; heavier sweaters belong under roomier coats rather than tightly tailored ones. Matching the thickness of the top to the coat's cut keeps the outer silhouette clean and makes the layering functional.",outerwear,tops,outerwear,none,coat|overcoat|long coat|wool coat|trench|trench coat,turtleneck|sweater|knit|button-down|button down|shirt|blouse|t-shirt|t shirt|tee|top,coat_base_layer,general,smart casual to formal,commute|office|travel|winter dinner,autumn|winter|spring,fashion_editorial,The Wardrobe Essentials We’re Wearing in 2026,Vogue,2026,https://www.vogue.com/article/vogue-wardrobe-essentials-guide,lines 305-369 show tops combined with pants skirts and jeans,2026-08-21,verified_reachable_2026-08-21_plus_bounded_model_enrichment,medium,"The source treats coats, trenches and knitwear as core layering pieces; the thickness-and-fit guidance is bounded enrichment.","Coats, overcoats and trenches; base layers matched to outerwear volume and weather.","The cited source supports the core styling direction; contextual alternatives, rationale, and transfer to closely related item types are bounded model-enriched fashion guidance. Do not infer hidden item attributes that are not explicit in the case or rule.",rebuilt_v2_substantive_expert_rule,none
K077,2,"When the outerwear is oversized, boxy, or visually dominant, keep the top comparatively narrow or simple. A fitted tank, ribbed top, fine knit, tucked tee, or clean shirt reduces competing volume and gives the eye a clear base beneath the jacket; if you also choose loose bottoms, make the top especially controlled. This does not require bodycon dressing—only enough definition that the oversized layer looks intentional rather than accidental.",outerwear,tops,outerwear,none,oversized blazer|oversized jacket|boxy jacket|puffer|puffer coat|statement jacket,fitted top|tank|ribbed top|fine knit|t-shirt|t shirt|tee|shirt|top,oversized_outerwear_balance,general,casual to smart casual,daytime|streetwear|office,autumn|winter|spring,fashion_editorial,How To Style A Suit In 2024 According To The Street-Style Set,British Vogue,2024,https://www.vogue.co.uk/article/how-to-style-a-suit,Monochrome section,2026-08-21,verified_reachable_2026-08-21_plus_bounded_model_enrichment,medium,The source demonstrates oversized tailoring over simple base layers; the explicit volume-control rationale is bounded enrichment.,"Oversized blazers, puffers and boxy statement jackets; controlled base layers.","The cited source supports the core styling direction; contextual alternatives, rationale, and transfer to closely related item types are bounded model-enriched fashion guidance. Do not infer hidden item attributes that are not explicit in the case or rule.",rebuilt_v2_substantive_expert_rule,none
K078,2,"With a suit or strongly tailored jacket, choose the top based on how formal you want the suit to read. A button-down or blouse keeps it office-ready, a fine knit works in cooler weather, and a simple tank or camisole makes modern evening or warm-weather tailoring feel lighter; formal or black-tie tailoring still calls for a proper evening shirt or refined top. Keeping the base layer simple allows the suit's line and fabric to remain the main structure.",outerwear,tops,outerwear,none,suit jacket|suit|pantsuit|trouser suit|tuxedo jacket,white tank|tank|button-down|button down|formal shirt|blouse|fine knit|camisole|top,suit_base_layer,general,smart casual to formal,office|event|dinner|formal,all,fashion_editorial,How To Style A Suit In 2024 According To The Street-Style Set,British Vogue,2024,https://www.vogue.co.uk/article/how-to-style-a-suit,Monochrome section,2026-08-21,verified_reachable_2026-08-21_plus_bounded_model_enrichment,medium,"The source shows contemporary suits with tanks, shirts and minimal base layers; formal boundary guidance is bounded enrichment.","Suit jackets, trouser suits and tuxedo-adjacent tailoring; base layers by formality.","The cited source supports the core styling direction; contextual alternatives, rationale, and transfer to closely related item types are bounded model-enriched fashion guidance. Do not infer hidden item attributes that are not explicit in the case or rule.",rebuilt_v2_substantive_expert_rule,none
K079,2,"A structured work or city bag already signals polish, so pair it with equally clean but not necessarily formal tops. A crisp shirt, blouse, fine knit, turtleneck, or polo works for commuting and meetings; on casual Fridays, a plain tee can work if the rest of the outfit stays neat. Repeating the bag's structure with a sharp collar or smooth knit creates coherence without requiring exact colour matching.",bags,tops,bags,none,structured bag|structured handbag|work bag|city bag|top handle|top-handle,button-down|button down|shirt|blouse|fine knit|turtleneck|polo|top,structured_bag_top,general,smart casual to business,office|commute|meeting|dinner,all,fashion_editorial,The Summer Work Bags Vogue Editors Use Everyday,Vogue,2025,https://www.vogue.com/article/editors-summer-work-bags,opening paragraph naming workwear shoes trousers and bags,2026-08-21,verified_reachable_2026-08-21_plus_bounded_model_enrichment,medium,The source discusses structured and practical work bags used in polished summer workwear; top options and structure echo are bounded enrichment.,"Structured work, city and top-handle bags; polished tops for work and smart casual.","The cited source supports the core styling direction; contextual alternatives, rationale, and transfer to closely related item types are bounded model-enriched fashion guidance. Do not infer hidden item attributes that are not explicit in the case or rule.",rebuilt_v2_substantive_expert_rule,none
K080,2,"Crossbody and sling bags suit movement-heavy outfits, so keep the top practical and easy to layer. A tee, tank, hoodie, sweater, or casual shirt works for travel and weekends; a clean button-down or fine knit can make a leather crossbody feel city-polished. If the strap crosses a busy print, choose a simpler neckline or smaller-scale pattern so the bag does not visually fight with the top.",bags,tops,bags,none,crossbody|cross body|sling bag|camera bag|nylon crossbody,t-shirt|t shirt|tee|tank|sweater|knit|shirt|button-down|button down|hoodie|top,crossbody_casual_top,general,casual to smart casual,travel|weekend|city day|daytime,all,fashion_editorial,Outfit Formulas,Vogue,2026,https://www.vogue.com/outfit-formulas,editorial formulas include knitwear and bags as outfit components,2026-08-21,verified_reachable_2026-08-21_plus_bounded_model_enrichment,medium,The source repeatedly uses crossbody and shoulder bags in practical everyday outfit formulas; print/strap interaction is bounded enrichment.,"Crossbody, sling and camera bags; practical tops for travel and city use.","The cited source supports the core styling direction; contextual alternatives, rationale, and transfer to closely related item types are bounded model-enriched fashion guidance. Do not infer hidden item attributes that are not explicit in the case or rule.",rebuilt_v2_substantive_expert_rule,none
K081,2,"Long coats and trenches work with a wide range of bottoms, but the hem relationship should stay clear. Tailored trousers and straight jeans are reliable for commuting; wide-leg trousers suit roomier coats; slim jeans or leggings reduce bulk under heavier winter outerwear; midi skirts work when the coat is at least comparable in length or intentionally shorter. Keeping fabric weight compatible prevents a heavy coat from overpowering flimsy summer bottoms.",outerwear,bottoms,outerwear,none,coat|overcoat|long coat|wool coat|trench|trench coat,tailored trouser|tailored trousers|jeans|denim|wide leg trouser|wide-leg trouser|midi skirt|legging|leggings|bottom,coat_bottoms,general,smart casual to formal,commute|office|travel|winter dinner,autumn|winter|spring,fashion_editorial,The Wardrobe Essentials We’re Wearing in 2026,Vogue,2026,https://www.vogue.com/article/vogue-wardrobe-essentials-guide,lines 305-369 show tops combined with pants skirts and jeans,2026-08-21,verified_reachable_2026-08-21_plus_bounded_model_enrichment,medium,The source treats coats and trenches as wardrobe staples worn over denim and tailoring; the hem and fabric-weight guidance is bounded enrichment.,"Coats, overcoats and trenches; bottoms matched by volume, hem and season.","The cited source supports the core styling direction; contextual alternatives, rationale, and transfer to closely related item types are bounded model-enriched fashion guidance. Do not infer hidden item attributes that are not explicit in the case or rule.",rebuilt_v2_substantive_expert_rule,none
K082,2,"A denim jacket is easiest with bottoms that either contrast the wash or deliberately build a double-denim look. Black, white, or differently washed jeans prevent the outfit from becoming one flat block; chinos, skirts, and shorts create an easy casual alternative. For double denim, separate similar washes with a neutral top or belt and keep the silhouettes distinct—such as a cropped jacket with straighter jeans—so the combination looks styled rather than accidental.",outerwear,bottoms,outerwear,none,denim jacket|jean jacket|trucker jacket,black jeans|jeans|denim|chino|chinos|midi skirt|mini skirt|shorts|bottom,denim_outerwear_bottoms,general,casual,weekend|travel|daytime|summer evening,spring|summer|autumn,fashion_editorial,Outfit Formulas,Vogue,2026,https://www.vogue.com/outfit-formulas,editorial formulas include knitwear and bags as outfit components,2026-08-21,verified_reachable_2026-08-21_plus_bounded_model_enrichment,medium,The source repeatedly uses denim in everyday outfit formulas; wash contrast and double-denim structure are bounded enrichment.,"Denim and trucker jackets; jeans, chinos, skirts and shorts.","The cited source supports the core styling direction; contextual alternatives, rationale, and transfer to closely related item types are bounded model-enriched fashion guidance. Do not infer hidden item attributes that are not explicit in the case or rule.",rebuilt_v2_substantive_expert_rule,none
K083,2,"When outerwear is oversized, patterned, floral, or otherwise visually dominant, let the bottom stabilize the outfit. Straight jeans, slim or tailored trousers, and simple skirts work because they give the statement layer a clear frame; for a deliberately oversized suit, use trousers in the same fabric but keep the inner layers minimal. A quieter bottom is especially useful when the coat already carries strong colour, texture, or print.",outerwear,bottoms,outerwear,none,oversized blazer|oversized coat|boxy jacket|statement coat|patterned coat|floral jacket,straight trouser|tailored trouser|jeans|denim|slim trouser|midi skirt|plain skirt|bottom,statement_outerwear_bottoms,general,casual to smart casual,streetwear|office|event|daytime,autumn|winter|spring,fashion_editorial,How To Style A Suit In 2024 According To The Street-Style Set,British Vogue,2024,https://www.vogue.co.uk/article/how-to-style-a-suit,Monochrome section,2026-08-21,verified_reachable_2026-08-21_plus_bounded_model_enrichment,medium,The source demonstrates statement and oversized tailoring with controlled surrounding pieces; broader bottom restraint is bounded enrichment.,"Oversized, patterned or statement outerwear; quieter bottoms or deliberate matching tailoring.","The cited source supports the core styling direction; contextual alternatives, rationale, and transfer to closely related item types are bounded model-enriched fashion guidance. Do not infer hidden item attributes that are not explicit in the case or rule.",rebuilt_v2_substantive_expert_rule,none
K084,2,"A structured work or city bag pairs naturally with bottoms that have a clean line. Tailored trousers, chinos, straight dark jeans, and simple midi or pencil skirts support office and smart-casual dressing; if the bag is very formal, avoid heavily distressed denim unless the contrast is intentional. A sharp bottom silhouette echoes the bag's structure and makes the whole outfit feel coordinated without requiring matching leather or colour.",bags,bottoms,bags,none,structured bag|work bag|city bag|top handle|top-handle|briefcase bag,tailored trouser|tailored trousers|chino|chinos|straight jean|jeans|midi skirt|pencil skirt|bottom,structured_bag_bottoms,general,smart casual to business,office|commute|meeting|dinner,all,fashion_editorial,The Summer Work Bags Vogue Editors Use Everyday,Vogue,2025,https://www.vogue.com/article/editors-summer-work-bags,opening paragraph naming workwear shoes trousers and bags,2026-08-21,verified_reachable_2026-08-21_plus_bounded_model_enrichment,medium,The source discusses structured work bags within polished commuting outfits; the range of bottom categories and structure echo are bounded enrichment.,Structured work and city bags; clean-lined bottoms for office and smart casual.,"The cited source supports the core styling direction; contextual alternatives, rationale, and transfer to closely related item types are bounded model-enriched fashion guidance. Do not infer hidden item attributes that are not explicit in the case or rule.",rebuilt_v2_substantive_expert_rule,none
K085,2,"When the bag is oversized or slouchy, avoid adding uncontrolled volume everywhere else. Straight jeans, slimmer trousers, leggings, simple skirts, or tailored shorts give the bag room to read as the intentional large element; wide trousers can still work if the top or waist is defined. This is less about making the bottom tight and more about preventing bag, trousers, and top from all competing for the same oversized visual space.",bags,bottoms,bags,none,oversized tote|large tote|shopper|hobo|slouchy bag,straight jean|jeans|tailored trouser|slim trouser|legging|leggings|midi skirt|shorts|bottom,large_bag_bottoms,general,casual to business casual,work|travel|shopping|daytime,all,fashion_editorial,10 Chic Ways to Style Summer's Hero Handbags,Vogue,2023,https://www.vogue.com/article/summer-handbag-outfits,opening styling paragraph pairing understated bags with button-ups and tanks,2026-08-21,verified_reachable_2026-08-21_plus_bounded_model_enrichment,medium,The source shows large totes and soft handbags with relatively controlled clothing; the volume-management principle is bounded enrichment.,"Oversized totes, shoppers and hobos; bottoms that manage total outfit volume.","The cited source supports the core styling direction; contextual alternatives, rationale, and transfer to closely related item types are bounded model-enriched fashion guidance. Do not infer hidden item attributes that are not explicit in the case or rule.",rebuilt_v2_substantive_expert_rule,none
K086,2,"Denim jackets are naturally casual, so sneakers, boots, loafers, flats, and simple sandals all integrate easily. Use trainers for relaxed daytime, loafers or refined flats for a cleaner city look, boots for cooler weather, and sandals for summer. If the jacket and bottoms are both denim, a contrasting shoe colour or texture helps break up the blue field and prevents the outfit from feeling visually flat.",outerwear,shoes,outerwear,none,denim jacket|jean jacket|trucker jacket,sneaker|sneakers|trainer|trainers|boot|boots|loafer|loafers|flat|flats|sandal|sandals|shoe|shoes,denim_jacket_shoes,general,casual,weekend|travel|daytime|summer evening,spring|summer|autumn,fashion_editorial,Guys can still get jeans and trainers wrong. Here's how to get it right,British GQ,2025,https://www.gq-magazine.co.uk/article/how-to-wear-jeans-and-trainers,wide-leg and baggy jeans sections,2026-08-21,verified_reachable_2026-08-21_plus_bounded_model_enrichment,medium,The source discusses trainers within denim-led casual outfits; the broader denim-jacket shoe range and contrast principle are bounded enrichment.,Denim and trucker jackets; casual shoes with seasonal alternatives.,"The cited source supports the core styling direction; contextual alternatives, rationale, and transfer to closely related item types are bounded model-enriched fashion guidance. Do not infer hidden item attributes that are not explicit in the case or rule.",rebuilt_v2_substantive_expert_rule,none
K087,2,"Tailoring can be made traditional or modern through shoes. Loafers, Oxfords, pumps, and elegant heels keep a suit polished; minimal sneakers can relax a modern trouser suit for smart casual; simple sandals can work with light summer tailoring; black-tie tailoring still requires formal evening footwear. The cleaner the suit and fabric, the more deliberate a casual shoe must look—worn-out athletic trainers usually undermine the structure rather than create useful contrast.",outerwear,shoes,outerwear,none,suit jacket|suit|pantsuit|trouser suit|tuxedo jacket,loafer|loafers|formal shoe|formal shoes|pump|pumps|heel|heels|sneaker|sneakers|sandal|sandals|shoe|shoes,suit_shoes,general,smart casual to formal,office|event|dinner|formal,all,fashion_editorial,How To Style A Suit In 2024 According To The Street-Style Set,British Vogue,2024,https://www.vogue.co.uk/article/how-to-style-a-suit,Monochrome section,2026-08-21,verified_reachable_2026-08-21_plus_bounded_model_enrichment,medium,The source demonstrates suits with modern footwear and minimal styling; black-tie boundary and footwear condition are bounded enrichment.,Suits and strong tailoring; footwear from modern casual to formal.,"The cited source supports the core styling direction; contextual alternatives, rationale, and transfer to closely related item types are bounded model-enriched fashion guidance. Do not infer hidden item attributes that are not explicit in the case or rule.",rebuilt_v2_substantive_expert_rule,none
K088,2,"Puffers, parkas, field jackets, and utility outerwear suit footwear with some practicality. Sneakers, sturdy boots, and hiking-inspired shoes work naturally for travel and weekend use; sleek boots can make a utility jacket more city-ready; loafers can create a high-low contrast only when the rest of the outfit is clean and intentional. Match sole weight to the jacket's bulk so a heavy parka is not visually supported by an extremely delicate shoe.",outerwear,shoes,outerwear,none,puffer|puffer jacket|parka|field jacket|utility jacket|anorak,sneaker|sneakers|trainer|trainers|boot|boots|hiking boot|loafer|loafers|shoe|shoes,utility_outerwear_shoes,general,casual to outdoor casual,travel|weekend|outdoor|daytime,autumn|winter|spring,fashion_editorial,How to Build the Perfect Warm-Weather Wardrobe,GQ,2026,https://www.gq.com/story/ultimate-wardrobe-spring-summer-edition,lines 64-73 describe wardrobe pieces selected to work together including a denim jacket,2026-08-21,verified_reachable_2026-08-21_plus_bounded_model_enrichment,medium,The source treats field jackets and practical warm-weather wardrobe pieces as functional staples; the footwear and sole-weight guidance is bounded enrichment.,"Puffers, parkas, field and utility jackets; practical footwear by jacket bulk.","The cited source supports the core styling direction; contextual alternatives, rationale, and transfer to closely related item types are bounded model-enriched fashion guidance. Do not infer hidden item attributes that are not explicit in the case or rule.",rebuilt_v2_substantive_expert_rule,none
K089,2,"A structured work or city bag pairs best with shoes that look equally intentional. Loafers, pumps, refined flats, and sleek boots are reliable for office wear; clean minimal sneakers can work for a modern commute if the rest of the outfit is polished. Exact leather or colour matching is unnecessary—shared formality, clean condition, and a similar degree of structure create enough visual coherence.",bags,shoes,bags,none,structured bag|work bag|city bag|top handle|top-handle|tote|tote bag|shopper|satchel,loafer|loafers|pump|pumps|heel|heels|flat|flats|boot|boots|sneaker|sneakers|shoe|shoes,structured_bag_shoes,general,smart casual to business,office|commute|meeting|dinner,all,fashion_editorial,The Summer Work Bags Vogue Editors Use Everyday,Vogue,2025,https://www.vogue.com/article/editors-summer-work-bags,opening paragraph naming workwear shoes trousers and bags,2026-08-21,verified_reachable_2026-08-21_plus_bounded_model_enrichment,medium,The source shows polished work bags within practical commuting outfits; shoe options and non-matching principle are bounded enrichment.,Structured work and city bags; polished commuting footwear.,"The cited source supports the core styling direction; contextual alternatives, rationale, and transfer to closely related item types are bounded model-enriched fashion guidance. Do not infer hidden item attributes that are not explicit in the case or rule.",rebuilt_v2_substantive_expert_rule,none
K090,2,"Crossbody and sling bags are practical, so footwear should usually support movement as well. Sneakers, flats, loafers, ankle boots, and comfortable sandals work for travel and city days; a sleek leather crossbody can handle dressier flats or boots, while sporty nylon bags look most coherent with casual shoes. Because both bag and shoes are functional elements, keeping at least one of them visually simple prevents the outfit from feeling overloaded with hardware and straps.",bags,shoes,bags,none,crossbody|cross body|sling bag|camera bag|nylon crossbody,sneaker|sneakers|trainer|trainers|flat|flats|loafer|loafers|boot|boots|sandal|sandals|shoe|shoes,crossbody_shoes,general,casual,travel|weekend|city day|festival,all,fashion_editorial,Outfit Formulas,Vogue,2026,https://www.vogue.com/outfit-formulas,editorial formulas include knitwear and bags as outfit components,2026-08-21,verified_reachable_2026-08-21_plus_bounded_model_enrichment,medium,The source uses crossbody bags in mobile everyday outfits; the movement and hardware-balancing rationale is bounded enrichment.,Crossbody and sling bags; walkable casual footwear.,"The cited source supports the core styling direction; contextual alternatives, rationale, and transfer to closely related item types are bounded model-enriched fashion guidance. Do not infer hidden item attributes that are not explicit in the case or rule.",rebuilt_v2_substantive_expert_rule,none
K091,2,"Boots can support rugged or polished outerwear depending on their shape. Chunky, biker, and studded boots work with leather jackets, bombers, denim jackets, and substantial coats; sleek ankle or knee-high boots pair more easily with trenches and blazers. Repeating heavy hardware in both jacket and boots can become costume-like, so if one piece is strongly detailed, keep the other cleaner.",shoes,outerwear,shoes,none,ankle boot|ankle boots|biker boot|chunky boot|knee high boot|knee-high boot|studded boot|boot|boots,leather jacket|bomber|coat|trench|blazer|denim jacket|jacket|outerwear,boot_outerwear,general,casual to smart casual,autumn|winter|streetwear|daytime,autumn|winter|spring,fashion_editorial,5 Chunky Boots Outfit Ideas to Copy This Winter,Who What Wear,2026,https://www.whowhatwear.com/fashion/outfit-ideas/chunky-boots-outfit-ideas,lines 230-236 278-283 306-310,2026-08-21,verified_reachable_2026-08-21_plus_bounded_model_enrichment,medium,The source pairs chunky boots with coats and layered outfits; rugged-versus-sleek outerwear distinctions are bounded enrichment.,"Chunky, biker, ankle and knee-high boots; outerwear by boot weight.","The cited source supports the core styling direction; contextual alternatives, rationale, and transfer to closely related item types are bounded model-enriched fashion guidance. Do not infer hidden item attributes that are not explicit in the case or rule.",rebuilt_v2_substantive_expert_rule,none
K092,2,"Open shoes need outerwear that stays light enough for the season. A linen or unstructured blazer works for dinner, a denim jacket or cardigan suits daytime, and a lightweight suede jacket can add texture on cooler evenings. Heavy padded outerwear usually conflicts with sandals unless the outfit is intentionally transitional, so keep fabrics breathable and the jacket easy to remove.",shoes,outerwear,shoes,none,sandal|sandals|wedge|wedges|espadrille|clog|clogs,linen blazer|light blazer|denim jacket|cardigan|light jacket|suede jacket|outerwear|jacket,open_shoe_outerwear,general,casual to dressy,holiday|brunch|summer dinner|city day,spring|summer,fashion_editorial,11 Heeled Sandal Outfits Perfect for Spring and Summer,Vogue,2026,https://www.vogue.com/article/heeled-sandal-outfits,sections pairing heeled sandals with clutch crossbody tote and shoulder bags,2026-08-21,verified_reachable_2026-08-21_plus_bounded_model_enrichment,medium,The source styles heeled sandals with light jackets and warm-weather separates; seasonal outerwear guidance is bounded enrichment.,"Sandals, wedges and clogs; light seasonal outerwear.","The cited source supports the core styling direction; contextual alternatives, rationale, and transfer to closely related item types are bounded model-enriched fashion guidance. Do not infer hidden item attributes that are not explicit in the case or rule.",rebuilt_v2_substantive_expert_rule,none
K093,2,"When the shoes are clearly formal, outerwear should not drag the outfit back into casual territory. Tailored dark coats, formal blazers, tuxedo jackets, and refined capes are appropriate; denim jackets, athletic puffers, and casual bombers are poor choices for strict black tie. For less formal evening events, a clean wool coat or elegant leather jacket may work, but the overall finish should remain polished.",shoes,outerwear,shoes,none,formal shoe|formal shoes|patent shoe|patent shoes|evening shoe|dress shoe,formal coat|tailored coat|tuxedo jacket|blazer|cape|outerwear|jacket,formal_shoe_outerwear,general,formal to black tie,wedding|formal dinner|black tie|evening,all,fashion_editorial,Black tie dress code explained,British GQ,2024,https://www.gq-magazine.co.uk/article/black-tie-guide,footwear section recommending patent formal shoes,2026-08-21,verified_reachable_2026-08-21_plus_bounded_model_enrichment,medium,The source defines black-tie footwear and formal dress expectations; less strict evening alternatives are bounded enrichment.,Formal and patent shoes; outerwear that preserves event formality.,"The cited source supports the core styling direction; contextual alternatives, rationale, and transfer to closely related item types are bounded model-enriched fashion guidance. Do not infer hidden item attributes that are not explicit in the case or rule.",rebuilt_v2_substantive_expert_rule,none
K094,2,"Structured work and city bags pair naturally with outerwear that has clean lines. Blazers, trenches, tailored coats, and neat wool jackets reinforce office polish, while an unstructured jacket can soften the look for smart casual. Exact leather matching is unnecessary; it is more important that the jacket and bag share a similar level of formality and that neither is visibly too casual for the other.",bags,outerwear,bags,none,structured bag|work bag|city bag|top handle|top-handle,blazer|trench|tailored coat|wool coat|structured jacket|outerwear|jacket,structured_bag_outerwear,general,smart casual to business,office|commute|meeting|dinner,all,fashion_editorial,The Summer Work Bags Vogue Editors Use Everyday,Vogue,2025,https://www.vogue.com/article/editors-summer-work-bags,opening paragraph naming workwear shoes trousers and bags,2026-08-21,verified_reachable_2026-08-21_plus_bounded_model_enrichment,medium,The source presents polished work bags in commuting wardrobes; outerwear pairings and non-matching principle are bounded enrichment.,Structured work and city bags; clean-lined office outerwear.,"The cited source supports the core styling direction; contextual alternatives, rationale, and transfer to closely related item types are bounded model-enriched fashion guidance. Do not infer hidden item attributes that are not explicit in the case or rule.",rebuilt_v2_substantive_expert_rule,none
K095,2,"Crossbody and sling bags suit practical outerwear because the strap has to sit comfortably across the jacket. Denim jackets, bombers, field jackets, trenches, and light leather jackets all work; on heavier coats, choose a strap long enough to sit without pulling. If both bag and jacket have many pockets, zips, or hardware, simplify the rest of the outfit so the utility details do not compete.",bags,outerwear,bags,none,crossbody|cross body|sling bag|camera bag|nylon crossbody,denim jacket|bomber|field jacket|trench|light coat|leather jacket|outerwear|jacket,crossbody_outerwear,general,casual to smart casual,travel|weekend|city day|festival,all,fashion_editorial,Outfit Formulas,Vogue,2026,https://www.vogue.com/outfit-formulas,editorial formulas include knitwear and bags as outfit components,2026-08-21,verified_reachable_2026-08-21_plus_bounded_model_enrichment,medium,The source uses crossbody and shoulder bags with practical layers; strap fit and hardware balance are bounded enrichment.,Crossbody and sling bags; practical outerwear with usable strap relationship.,"The cited source supports the core styling direction; contextual alternatives, rationale, and transfer to closely related item types are bounded model-enriched fashion guidance. Do not infer hidden item attributes that are not explicit in the case or rule.",rebuilt_v2_substantive_expert_rule,none
K096,2,"Boots support bags with a little visual substance. Shoulder bags, crossbodies, totes, structured handbags, and hobos all work; sleek boots pair more easily with structured bags, while biker or chunky boots can take softer or more casual bags. Repeating leather colour can create cohesion, but it is not required—especially when the outfit already contains several brown, black, or metallic elements.",shoes,bags,shoes,none,ankle boot|ankle boots|bootie|booties|biker boot|chunky boot|knee high boot|knee-high boot|studded boot,shoulder bag|crossbody|tote|structured bag|hobo|bag|handbag,boot_bags,general,casual to smart casual,autumn|winter|streetwear|daytime,autumn|winter|spring,fashion_editorial,What to Wear With Brown Boots: 20 Chic Brown-Boot Outfits,Who What Wear,2026,https://www.whowhatwear.com/what-to-wear-with-brown-boots,lines 127-129 171-172 225-230 257-259 272-273 326-331,2026-08-21,verified_reachable_2026-08-21_plus_bounded_model_enrichment,medium,"The source shows boots with shoulder bags, totes and structured accessories; boot-weight distinctions and non-matching principle are bounded enrichment.","Ankle, biker, chunky and knee-high boots; bags matched to footwear weight.","The cited source supports the core styling direction; contextual alternatives, rationale, and transfer to closely related item types are bounded model-enriched fashion guidance. Do not infer hidden item attributes that are not explicit in the case or rule.",rebuilt_v2_substantive_expert_rule,none
K097,2,"Sandals, wedges, espadrilles, and clogs pair naturally with bags that share a warm-weather feel. Raffia, basket, woven, and canvas bags work for beach and daytime; a small leather shoulder bag or mini bag can make the same footwear city- or dinner-ready. Natural textures can be mixed rather than matched exactly, and one polished leather element helps stop a resort outfit from looking too literal.",shoes,bags,shoes,none,sandal|sandals|wedge|wedges|espadrille|espadrilles|clog|clogs,raffia bag|basket bag|woven bag|canvas tote|shoulder bag|mini bag|bag|handbag,open_shoe_bags,general,casual to dressy,beach|holiday|brunch|summer dinner,spring|summer,fashion_editorial,How to Style the Wedge Sandal—10 Outfits to Recreate Now,Vogue,2026,https://www.vogue.com/article/wedge-sandal-outfits,sections pairing trousers pants and shorts with shoulder tote bowling and other bags,2026-08-21,verified_reachable_2026-08-21_plus_bounded_model_enrichment,medium,The source styles wedges with shoulder and tote bags in summer outfits; broader natural-texture guidance is bounded enrichment.,Open warm-weather shoes; seasonal bags from resort to city.,"The cited source supports the core styling direction; contextual alternatives, rationale, and transfer to closely related item types are bounded model-enriched fashion guidance. Do not infer hidden item attributes that are not explicit in the case or rule.",rebuilt_v2_substantive_expert_rule,none
K098,2,"Formal shoes should be accompanied by a bag that respects the same dress code. Clutches, minaudières, elegant top handles, and compact structured bags work; oversized canvas totes and visibly sporty bags generally do not. Matching shoe and bag colour exactly is unnecessary, but both should look intentional in finish and scale. If one accessory is highly embellished, keep the other simpler for a more controlled formal look.",shoes,bags,shoes,none,formal shoe|formal shoes|patent shoe|patent shoes|evening shoe|dress shoe,clutch|minaudiere|top handle|structured bag|evening bag|bag|handbag,formal_shoe_bags,general,formal to black tie,wedding|formal dinner|black tie|evening,all,fashion_editorial,The Vogue Guide to Formal Attire,Vogue,2025,https://www.vogue.com/article/the-vogue-guide-to-formal-attire,Formal attire shoes and accessories for women section,2026-08-21,verified_reachable_2026-08-21_plus_bounded_model_enrichment,medium,The source defines formal accessory expectations; non-matching and embellishment balance are bounded enrichment.,Formal and evening shoes; compact refined bags.,"The cited source supports the core styling direction; contextual alternatives, rationale, and transfer to closely related item types are bounded model-enriched fashion guidance. Do not infer hidden item attributes that are not explicit in the case or rule.",rebuilt_v2_substantive_expert_rule,none
K099,2,"A blazer works best with a bag that supports its level of polish. Structured totes, satchels, and shoulder bags suit work; a compact crossbody makes the blazer more relaxed; a small top handle can move it toward dinner. The bag can contrast in colour, but an obviously beachy or highly sporty bag may weaken a formal blazer unless the rest of the outfit deliberately creates that high-low mix.",outerwear,bags,outerwear,none,blazer|sport coat|sportcoat|tailored jacket,structured bag|work bag|shoulder bag|tote|satchel|crossbody|bag|handbag,blazer_bags,general,smart casual to business,office|commute|dinner|smart casual,all,fashion_editorial,The Summer Work Bags Vogue Editors Use Everyday,Vogue,2025,https://www.vogue.com/article/editors-summer-work-bags,opening paragraph naming workwear shoes trousers and bags,2026-08-21,verified_reachable_2026-08-21_plus_bounded_model_enrichment,medium,The source discusses polished work bags within tailored outfits; casual crossbody and high-low boundaries are bounded enrichment.,Blazers and tailored jackets; bags from office to dinner.,"The cited source supports the core styling direction; contextual alternatives, rationale, and transfer to closely related item types are bounded model-enriched fashion guidance. Do not infer hidden item attributes that are not explicit in the case or rule.",rebuilt_v2_substantive_expert_rule,none
K100,2,"Leather jackets and bombers can take either casual or polished bags. Crossbodies and soft shoulder bags suit streetwear, a hobo reinforces a relaxed shape, and a compact structured or mini bag can sharpen the outfit for dinner. If the jacket has heavy zips or studs, keep the bag hardware quieter; if the leather jacket is minimal, a textured or coloured bag can provide the accent.",outerwear,bags,outerwear,none,leather jacket|leather blazer|bomber|bomber jacket|moto jacket,crossbody|shoulder bag|hobo|structured bag|mini bag|bag|handbag,leather_outerwear_bags,general,casual to evening,streetwear|weekend|date|concert,autumn|winter|spring,fashion_editorial,The Wardrobe Essentials We’re Wearing in 2026,Vogue,2026,https://www.vogue.com/article/vogue-wardrobe-essentials-guide,lines 305-369 show tops combined with pants skirts and jeans,2026-08-21,verified_reachable_2026-08-21_plus_bounded_model_enrichment,medium,The source treats leather jackets as versatile wardrobe pieces; bag hardware and occasion guidance are bounded enrichment.,Leather jackets and bombers; bags chosen by hardware and formality.,"The cited source supports the core styling direction; contextual alternatives, rationale, and transfer to closely related item types are bounded model-enriched fashion guidance. Do not infer hidden item attributes that are not explicit in the case or rule.",rebuilt_v2_substantive_expert_rule,none
K101,2,"Crossbody and sling bags work best with mobile, practical bottoms. Jeans, cargos, shorts, leggings, casual trousers, and easy midi skirts all suit travel and weekend use; for a cleaner city outfit, choose straight denim or simple trousers rather than overly technical bottoms. Because the strap already adds a diagonal line across the outfit, uncomplicated lower-body shapes usually keep the look from becoming visually fragmented.",bags,bottoms,bags,none,crossbody|cross body|sling bag|camera bag|nylon bag,jeans|denim|cargo pant|cargo pants|shorts|legging|leggings|casual trouser|midi skirt|bottom,crossbody_bottoms,general,casual,travel|weekend|city day|festival,all,fashion_editorial,Outfit Formulas,Vogue,2026,https://www.vogue.com/outfit-formulas,editorial formulas include knitwear and bags as outfit components,2026-08-21,verified_reachable_2026-08-21_plus_bounded_model_enrichment,medium,The source uses crossbody and shoulder bags in practical everyday formulas; the movement and line rationale is bounded enrichment.,"Crossbody and sling bags; casual, movement-friendly bottoms.","The cited source supports the core styling direction; contextual alternatives, rationale, and transfer to closely related item types are bounded model-enriched fashion guidance. Do not infer hidden item attributes that are not explicit in the case or rule.",rebuilt_v2_substantive_expert_rule,none
K102,2,"Shoulder bags, flap bags, and satchels are versatile enough to follow the shoe rather than dictate it. Pumps and heels create a polished or feminine direction, loafers and flats feel city-ready, boots add autumn weight, and sneakers keep the same bag casual. Instead of matching bag and shoes exactly, aim for compatible formality and let one shared element—such as black leather, warm brown, metallic hardware, or a repeated accent colour—tie them together.",bags,shoes,bags,none,shoulder bag|flap bag|satchel|handbag,pump|pumps|heel|heels|loafer|loafers|flat|flats|boot|boots|sneaker|sneakers|shoe|shoes,shoulder_bag_shoes,general,casual to dressy,office|date|weekend|dinner,all,fashion_editorial,How to Style Low-Heel Pumps for Spring 2026,Vogue,2026,https://www.vogue.com/article/how-to-style-low-heel-pumps,Netted Style and Soirée Staple sections pairing pumps skirts or dresses and bags,2026-08-21,verified_reachable_2026-08-21_plus_bounded_model_enrichment,medium,The source pairs pumps with shoulder bags in polished outfits; the broader versatility and shared-element principle are bounded enrichment.,"Shoulder, flap and satchel bags; shoes across casual-to-dressy contexts.","The cited source supports the core styling direction; contextual alternatives, rationale, and transfer to closely related item types are bounded model-enriched fashion guidance. Do not infer hidden item attributes that are not explicit in the case or rule.",rebuilt_v2_substantive_expert_rule,none
K103,2,"Shoulder bags, flap bags, and satchels work across casual and polished outerwear. A blazer or trench creates city polish, a leather jacket gives edge, a denim jacket keeps the same bag relaxed, and a tailored coat works for dinner or commuting. Check that the shoulder strap clears the jacket's sleeve and lapel comfortably; a bag that constantly catches on bulky outerwear looks less intentional even if the colours work.",bags,outerwear,bags,none,shoulder bag|flap bag|satchel|handbag|saddle bag,blazer|coat|trench|leather jacket|denim jacket|cardigan jacket|outerwear|jacket,shoulder_bag_outerwear,general,casual to dressy,office|date|weekend|dinner,all,fashion_editorial,How to Style Low-Heel Pumps for Spring 2026,Vogue,2026,https://www.vogue.com/article/how-to-style-low-heel-pumps,Netted Style and Soirée Staple sections pairing pumps skirts or dresses and bags,2026-08-21,verified_reachable_2026-08-21_plus_bounded_model_enrichment,medium,The source shows shoulder bags in polished daywear; casual outerwear and practical strap-fit guidance are bounded enrichment.,"Shoulder, flap and satchel bags; versatile outerwear with practical strap fit.","The cited source supports the core styling direction; contextual alternatives, rationale, and transfer to closely related item types are bounded model-enriched fashion guidance. Do not infer hidden item attributes that are not explicit in the case or rule.",rebuilt_v2_substantive_expert_rule,none
K105,2,"With a large tote, shopper, or hobo, avoid making every piece equally oversized unless deliberate volume is the styling goal. A fitted or tucked tee, tank, neat knit, or crisp shirt gives the bag room to feel intentional; for work, a button-down or fine sweater balances practicality with polish. The larger the bag, the more useful a clean neckline or defined waist becomes for preventing the outfit from feeling visually heavy.",bags,tops,bags,none,tote|tote bag|oversized tote|shopper|hobo|large bag,fitted top|t-shirt|t shirt|tee|tank|shirt|button-down|button down|knit|sweater|top,large_bag_volume,general,casual to business casual,work|travel|shopping|daytime,all,fashion_editorial,10 Chic Ways to Style Summer's Hero Handbags,Vogue,2023,https://www.vogue.com/article/summer-handbag-outfits,opening styling paragraph pairing understated bags with button-ups and tanks,2026-08-21,verified_reachable_2026-08-21_plus_bounded_model_enrichment,medium,"The source shows large summer totes and soft handbags styled with simple, controlled clothing; the explicit volume-balancing guidance is bounded enrichment.","Large totes, shoppers and hobos; tops that control competing volume.","The cited source supports the core styling direction; contextual alternatives, rationale, and transfer to closely related item types are bounded model-enriched fashion guidance. Do not infer hidden item attributes that are not explicit in the case or rule.",rebuilt_v2_substantive_expert_rule,none
K106,2,"With a clutch or evening bag, keep the shoes in the same broad dress-code family. Pumps, stilettos, kitten heels, elegant flats, and formal shoes all work depending on comfort and event level; exact bag-and-shoe colour matching is optional rather than required. If the clutch is embellished, a simpler shoe often looks more sophisticated, while a plain clutch can support a more decorative heel.",bags,shoes,bags,none,clutch|evening clutch|minaudiere|evening bag|pouch,pump|pumps|stiletto|stilettos|kitten heel|kitten heels|formal shoe|formal shoes|flat|flats|shoe|shoes,clutch_shoes,general,dressy to formal,wedding|dinner|event|evening,all,fashion_editorial,The Vogue Guide to Formal Attire,Vogue,2025,https://www.vogue.com/article/the-vogue-guide-to-formal-attire,Formal attire shoes and accessories for women section,2026-08-21,verified_reachable_2026-08-21_plus_bounded_model_enrichment,medium,The source defines formal accessories and evening dressing; the non-matching and embellishment-balance principles are bounded enrichment.,Clutches and evening bags; formal or elegant shoes with controlled decoration.,"The cited source supports the core styling direction; contextual alternatives, rationale, and transfer to closely related item types are bounded model-enriched fashion guidance. Do not infer hidden item attributes that are not explicit in the case or rule.",rebuilt_v2_substantive_expert_rule,none
K107,2,"A clutch or minaudière belongs with outerwear that preserves a polished evening line. Tailored coats, formal blazers, refined capes, and tuxedo-inspired jackets work; bulky utility jackets and visibly sporty outerwear usually undermine the compact evening bag. If the clutch is ornate, keep the coat cleaner and let the bag supply the decorative focus; a simple clutch can accompany more dramatic outerwear.",bags,outerwear,bags,none,clutch|evening clutch|minaudiere|evening bag|pouch,tailored coat|formal coat|blazer|cape|tuxedo jacket|outerwear|jacket,clutch_outerwear,general,dressy to formal,wedding|dinner|event|evening,all,fashion_editorial,The Vogue Guide to Formal Attire,Vogue,2025,https://www.vogue.com/article/the-vogue-guide-to-formal-attire,Formal attire shoes and accessories for women section,2026-08-21,verified_reachable_2026-08-21_plus_bounded_model_enrichment,medium,The source defines formal accessories and evening dress; outerwear and focal-point guidance are bounded enrichment.,Clutches and evening bags; formal outerwear with controlled decoration.,"The cited source supports the core styling direction; contextual alternatives, rationale, and transfer to closely related item types are bounded model-enriched fashion guidance. Do not infer hidden item attributes that are not explicit in the case or rule.",rebuilt_v2_substantive_expert_rule,none
K109,2,"A clutch or minaudière works best when the top already belongs to an evening or polished outfit. Silk blouses, fitted evening tops, camisoles, and fine knits support dinner and event dressing; if the bag is highly embellished, keep the top cleaner, while a simple satin or leather clutch can accompany a more detailed blouse. The bag and top do not need to match exactly—shared formality and controlled shine matter more than identical colour.",bags,tops,bags,none,clutch|evening clutch|minaudiere|pouch|evening bag,silk blouse|blouse|camisole|fitted top|fine knit|shirt|top,clutch_evening_top,general,dressy to formal,date|dinner|wedding|event|evening,all,fashion_editorial,The Vogue Guide to Formal Attire,Vogue,2025,https://www.vogue.com/article/the-vogue-guide-to-formal-attire,Formal attire shoes and accessories for women section,2026-08-21,verified_reachable_2026-08-21_plus_bounded_model_enrichment,medium,The source explains formal and evening accessories and dress codes; detailed top alternatives and non-matching principle are bounded enrichment.,"Clutches, pouches and minaudières; refined tops for evening and formal settings.","The cited source supports the core styling direction; contextual alternatives, rationale, and transfer to closely related item types are bounded model-enriched fashion guidance. Do not infer hidden item attributes that are not explicit in the case or rule.",rebuilt_v2_substantive_expert_rule,none
K110,2,"A clutch or minaudière should sit with bottoms that already belong to a polished or evening outfit. Tailored trousers, elegant wide-leg trousers, satin or silk skirts, and clean midi or maxi skirts all work; for formal events, avoid casual distressed denim unless the dress code explicitly permits a high-low approach. A compact evening bag looks most coherent when the bottom has clean lines and refined fabric rather than bulky utility detailing.",bags,bottoms,bags,none,clutch|evening clutch|minaudiere|evening bag|pouch,tailored trouser|wide leg trouser|midi skirt|maxi skirt|silk skirt|satin skirt|formal trouser|bottom,clutch_bottoms,general,dressy to formal,wedding|dinner|event|evening,all,fashion_editorial,The Vogue Guide to Formal Attire,Vogue,2025,https://www.vogue.com/article/the-vogue-guide-to-formal-attire,Formal attire shoes and accessories for women section,2026-08-21,verified_reachable_2026-08-21_plus_bounded_model_enrichment,medium,The source defines formal and evening dress expectations; bottom-specific pairings and fabric rationale are bounded enrichment.,Clutches and evening bags; refined trousers and skirts for events.,"The cited source supports the core styling direction; contextual alternatives, rationale, and transfer to closely related item types are bounded model-enriched fashion guidance. Do not infer hidden item attributes that are not explicit in the case or rule.",rebuilt_v2_substantive_expert_rule,none
K111,2,"Raffia, basket, woven, and canvas bags suit lightweight outerwear rather than heavy winter layers. Linen blazers, denim jackets, overshirts, and light cardigans work for cool mornings or evenings; natural fibres and washed colours keep the outfit seasonally coherent. For city dressing, a crisp light blazer can make a rustic bag feel intentional, while a thick wool coat usually creates a seasonal mismatch.",bags,outerwear,bags,none,raffia bag|basket bag|woven bag|straw bag|canvas tote|summer bag,linen blazer|denim jacket|light cardigan|overshirt|light jacket|outerwear|jacket,summer_bag_outerwear,general,casual,beach|holiday|resort|brunch|summer day,spring|summer,fashion_editorial,10 Chic Ways to Style Summer's Hero Handbags,Vogue,2023,https://www.vogue.com/article/summer-handbag-outfits,opening styling paragraph pairing understated bags with button-ups and tanks,2026-08-21,verified_reachable_2026-08-21_plus_bounded_model_enrichment,medium,The source focuses on summer bags styled with light seasonal clothing; outerwear specifics and seasonal mismatch guidance are bounded enrichment.,"Raffia, woven and canvas summer bags; lightweight outerwear.","The cited source supports the core styling direction; contextual alternatives, rationale, and transfer to closely related item types are bounded model-enriched fashion guidance. Do not infer hidden item attributes that are not explicit in the case or rule.",rebuilt_v2_substantive_expert_rule,none
K113,2,"Raffia, basket, woven, and canvas bags naturally suit warm-weather textures. Pair them with linen or cotton shirts, tanks, simple tees, airy blouses, or polos in white, sand, pale blue, soft green, or sun-faded colours for beach, resort, and daytime outfits; for city use, a crisp shirt makes the rustic texture feel more intentional. Natural fabric against natural-fibre bags creates coherence without needing exact colour matching.",bags,tops,bags,none,raffia bag|basket bag|woven bag|straw bag|canvas tote|summer bag,linen shirt|cotton shirt|tank|camisole|t-shirt|t shirt|tee|blouse|polo|top,summer_bag_top,general,casual,beach|holiday|resort|brunch|summer day,spring|summer,fashion_editorial,10 Chic Ways to Style Summer's Hero Handbags,Vogue,2023,https://www.vogue.com/article/summer-handbag-outfits,opening styling paragraph pairing understated bags with button-ups and tanks,2026-08-21,verified_reachable_2026-08-21_plus_bounded_model_enrichment,medium,"The source specifically styles raffia, canvas and summer handbags with light seasonal clothing; the colour palette and material rationale are bounded enrichment.","Raffia, basket, woven and canvas summer bags; breathable warm-weather tops.","The cited source supports the core styling direction; contextual alternatives, rationale, and transfer to closely related item types are bounded model-enriched fashion guidance. Do not infer hidden item attributes that are not explicit in the case or rule.",rebuilt_v2_substantive_expert_rule,none
K114,2,"Raffia, basket, woven, and canvas bags pair naturally with breathable warm-weather bottoms. Linen or cotton trousers, Bermuda or denim shorts, simple midi skirts, and white or light-wash jeans all work for resort and daytime dressing. Natural fibres look especially coherent with sand, white, navy, pale blue, olive, and other sun-washed colours, while avoiding heavy winter fabrics keeps the seasonal story consistent.",bags,bottoms,bags,none,raffia bag|basket bag|woven bag|straw bag|canvas tote|summer bag,linen trouser|wide leg trouser|shorts|bermuda shorts|denim shorts|midi skirt|white jeans|bottom,summer_bag_bottoms,general,casual,beach|holiday|resort|brunch|summer day,spring|summer,fashion_editorial,10 Chic Ways to Style Summer's Hero Handbags,Vogue,2023,https://www.vogue.com/article/summer-handbag-outfits,opening styling paragraph pairing understated bags with button-ups and tanks,2026-08-21,verified_reachable_2026-08-21_plus_bounded_model_enrichment,medium,"The source specifically styles summer bags with light seasonal outfits; the bottom categories, palette and fabric rationale are bounded enrichment.","Raffia, woven and canvas summer bags; lightweight warm-weather bottoms.","The cited source supports the core styling direction; contextual alternatives, rationale, and transfer to closely related item types are bounded model-enriched fashion guidance. Do not infer hidden item attributes that are not explicit in the case or rule.",rebuilt_v2_substantive_expert_rule,none
K115,2,"Raffia, basket, woven, and canvas bags are strongest with warm-weather shoes that share their relaxed texture. Flat sandals, espadrilles, woven flats, clean sneakers, loafers, and wedges all work depending on the setting; resort outfits can lean natural and tonal, while city looks benefit from a cleaner leather shoe. Heavy winter boots usually fight the seasonal message unless the styling is intentionally transitional.",bags,shoes,bags,none,raffia bag|basket bag|woven bag|straw bag|canvas tote|summer bag,sandal|sandals|espadrille|espadrilles|flat|flats|sneaker|sneakers|loafer|loafers|wedge|wedges|shoe|shoes,summer_bag_shoes,general,casual,beach|holiday|resort|brunch|summer day,spring|summer,fashion_editorial,10 Chic Ways to Style Summer's Hero Handbags,Vogue,2023,https://www.vogue.com/article/summer-handbag-outfits,opening styling paragraph pairing understated bags with button-ups and tanks,2026-08-21,verified_reachable_2026-08-21_plus_bounded_model_enrichment,medium,The source specifically covers summer bags and seasonal styling; shoe-family and transitional-season guidance are bounded enrichment.,"Raffia, woven and canvas bags; warm-weather shoes from casual to polished.","The cited source supports the core styling direction; contextual alternatives, rationale, and transfer to closely related item types are bounded model-enriched fashion guidance. Do not infer hidden item attributes that are not explicit in the case or rule.",rebuilt_v2_substantive_expert_rule,none
K117,2,"When the bag is the statement—bright, metallic, embellished, floral, or heavily patterned—give it visual space with a simpler top. Solid tees, tanks, clean shirts, fine knits, or minimally detailed blouses keep the bag as the deliberate focal point; for evening, use a refined fabric but avoid duplicating the same level of embellishment. A neutral top is the safest choice, although a colour pulled from the bag can create a controlled tonal link.",bags,tops,bags,none,embellished bag|statement bag|bright bag|metallic bag|printed bag|floral bag,plain top|solid top|t-shirt|t shirt|tee|tank|shirt|blouse|fine knit|top,statement_bag_top_restraint,general,casual to evening,dinner|event|streetwear|daytime,all,fashion_editorial,How to Wear Head-to-Toe Black? Jessica Chastain Proves It's All About the Statement Bag,Vogue,2017,https://www.vogue.com/article/jessica-chastain-louis-vuitton-capucines-bag-celebrity-street-style,paragraphs describing the all-black pantsuit and embellished top-handle bag,2026-08-21,verified_reachable_2026-08-21_plus_bounded_model_enrichment,medium,The source demonstrates a statement bag carrying the visual emphasis of an otherwise controlled outfit; colour echo and fabric alternatives are bounded enrichment.,"Bright, metallic, floral or embellished bags; tops that preserve a single focal point.","The cited source supports the core styling direction; contextual alternatives, rationale, and transfer to closely related item types are bounded model-enriched fashion guidance. Do not infer hidden item attributes that are not explicit in the case or rule.",rebuilt_v2_substantive_expert_rule,none
K118,2,"If the bag is bright, metallic, embellished, printed, floral, or otherwise the intended focal point, use a comparatively quiet bottom. Straight denim, black or neutral trousers, and solid skirts give the accessory space; a denim bag can work with denim too, but vary wash or texture so it does not disappear. Pulling one colour from the bag into the bottom is optional, but duplicating several loud motifs usually weakens the focal-point effect.",bags,bottoms,bags,none,statement bag|bright bag|metallic bag|embellished bag|printed bag|floral bag|denim bag|fringed bag|fringe bag|shoulder bag|satchel|boho bag,plain trouser|neutral trouser|black trouser|jeans|denim|solid skirt|simple skirt|bottom|skirt|midi skirt|mini skirt,statement_bag_bottom_restraint,general,casual to evening,streetwear|dinner|event|daytime,all,fashion_editorial,How to Wear Head-to-Toe Black? Jessica Chastain Proves It's All About the Statement Bag,Vogue,2017,https://www.vogue.com/article/jessica-chastain-louis-vuitton-capucines-bag-celebrity-street-style,paragraphs describing the all-black pantsuit and embellished top-handle bag,2026-08-21,verified_reachable_2026-08-21_plus_bounded_model_enrichment,medium,The source shows statement bags carrying emphasis within restrained outfits; denim-bag handling and colour echo are bounded enrichment.,Statement and embellished bags; simple bottoms that preserve the accessory focal point.,"The cited source supports the core styling direction; contextual alternatives, rationale, and transfer to closely related item types are bounded model-enriched fashion guidance. Do not infer hidden item attributes that are not explicit in the case or rule.",rebuilt_v2_substantive_expert_rule,none
K119,2,"When the bag is highly distinctive, let the shoes support rather than compete. Simple pumps, loafers, flats, clean sneakers, sleek boots, or minimal sandals keep attention on the bag; if you want stronger coordination, repeat one colour or metal tone instead of copying the whole pattern. Pairing an embellished bag with equally embellished shoes can work for maximalism, but for most outfits one dominant accessory creates a clearer and more sophisticated focal point.",bags,shoes,bags,none,statement bag|metallic bag|bright bag|embellished bag|printed bag|floral bag|denim bag,plain pump|pump|pumps|loafer|loafers|flat|flats|sneaker|sneakers|boot|boots|sandal|sandals|shoe|shoes,statement_bag_shoes,general,casual to evening,streetwear|dinner|event|daytime,all,fashion_editorial,How to Wear Head-to-Toe Black? Jessica Chastain Proves It's All About the Statement Bag,Vogue,2017,https://www.vogue.com/article/jessica-chastain-louis-vuitton-capucines-bag-celebrity-street-style,paragraphs describing the all-black pantsuit and embellished top-handle bag,2026-08-21,verified_reachable_2026-08-21_plus_bounded_model_enrichment,medium,The source demonstrates a statement bag against controlled styling; one-focal-accessory and colour-echo guidance are bounded enrichment.,"Bright, metallic or embellished bags; supportive footwear that preserves one focal accessory.","The cited source supports the core styling direction; contextual alternatives, rationale, and transfer to closely related item types are bounded model-enriched fashion guidance. Do not infer hidden item attributes that are not explicit in the case or rule.",rebuilt_v2_substantive_expert_rule,none
K120,2,"When the bag is the deliberate statement, outerwear should usually create a clean background. Plain blazers, black or neutral coats, simple leather jackets, and minimally detailed layers let metallic, embellished, floral, or printed bags stand out; a denim bag can pair with denim outerwear if the washes clearly differ. Repeating one colour from the bag is enough—there is no need to reproduce its whole pattern in the jacket.",bags,outerwear,bags,none,statement bag|metallic bag|embellished bag|printed bag|floral bag|denim bag,plain blazer|blazer|black coat|neutral coat|simple jacket|leather jacket|outerwear|jacket,statement_bag_outerwear,general,casual to evening,streetwear|dinner|event|daytime,all,fashion_editorial,How to Wear Head-to-Toe Black? Jessica Chastain Proves It's All About the Statement Bag,Vogue,2017,https://www.vogue.com/article/jessica-chastain-louis-vuitton-capucines-bag-celebrity-street-style,paragraphs describing the all-black pantsuit and embellished top-handle bag,2026-08-21,verified_reachable_2026-08-21_plus_bounded_model_enrichment,medium,The source demonstrates a statement bag against controlled tailoring; denim and colour-echo alternatives are bounded enrichment.,Statement and embellished bags; restrained outerwear that preserves the bag focal point.,"The cited source supports the core styling direction; contextual alternatives, rationale, and transfer to closely related item types are bounded model-enriched fashion guidance. Do not infer hidden item attributes that are not explicit in the case or rule.",rebuilt_v2_substantive_expert_rule,none
K121,2,"Denim jackets pair easily with casual bags such as crossbodies, canvas totes, shoulder bags, and basket bags; a structured leather bag can deliberately elevate the look. If the outfit also contains jeans, use a bag in a different material—leather, canvas, raffia, suede—to interrupt the denim and create texture contrast. A denim bag can still work, but vary the wash clearly so the pieces do not merge visually.",outerwear,bags,outerwear,none,denim jacket|jean jacket|trucker jacket,crossbody|canvas tote|shoulder bag|basket bag|structured bag|bag|handbag,denim_outerwear_bags,general,casual,weekend|travel|daytime|summer,spring|summer|autumn,fashion_editorial,Outfit Formulas,Vogue,2026,https://www.vogue.com/outfit-formulas,editorial formulas include knitwear and bags as outfit components,2026-08-21,verified_reachable_2026-08-21_plus_bounded_model_enrichment,medium,The source uses denim in everyday outfit formulas with varied accessories; material-break and wash-contrast guidance are bounded enrichment.,Denim and trucker jackets; casual bags with texture contrast.,"The cited source supports the core styling direction; contextual alternatives, rationale, and transfer to closely related item types are bounded model-enriched fashion guidance. Do not infer hidden item attributes that are not explicit in the case or rule.",rebuilt_v2_substantive_expert_rule,none
K122,2,"Coats and trenches usually look most coherent with bags that can physically sit over or under the outer layer without distortion. Structured shoulder bags, totes, top handles, and crossbodies work for commuting; choose strap lengths that clear bulky sleeves, and avoid tiny bags disappearing against very voluminous coats unless that contrast is deliberate. A clean leather or structured fabric bag helps maintain polish when the outerwear is heavy.",outerwear,bags,outerwear,none,coat|overcoat|long coat|wool coat|trench|trench coat,structured bag|shoulder bag|tote|crossbody|top handle|bag|handbag,coat_bags,general,smart casual to business,commute|office|travel|winter dinner,autumn|winter|spring,fashion_editorial,The Wardrobe Essentials We’re Wearing in 2026,Vogue,2026,https://www.vogue.com/article/vogue-wardrobe-essentials-guide,lines 305-369 show tops combined with pants skirts and jeans,2026-08-21,verified_reachable_2026-08-21_plus_bounded_model_enrichment,medium,"The source treats coats, trenches and practical accessories as wardrobe staples; strap fit and scale guidance are bounded enrichment.","Coats, overcoats and trenches; bags sized for outerwear volume and commuting.","The cited source supports the core styling direction; contextual alternatives, rationale, and transfer to closely related item types are bounded model-enriched fashion guidance. Do not infer hidden item attributes that are not explicit in the case or rule.",rebuilt_v2_substantive_expert_rule,none
K123,2,"Utility jackets, parkas, puffers, and field jackets work with bags that respect their practical character. Crossbodies, sling bags, compact backpacks, and sturdy totes are natural choices; a clean shoulder bag can make a field jacket feel more city-ready. When both jacket and bag have many pockets, straps, or technical details, keep one element simpler so the outfit does not look overloaded with hardware.",outerwear,bags,outerwear,none,field jacket|utility jacket|parka|anorak|puffer|puffer jacket,crossbody|sling bag|backpack|tote|shoulder bag|bag|handbag,utility_outerwear_bags,general,casual to outdoor casual,travel|weekend|outdoor|daytime,autumn|winter|spring,fashion_editorial,How to Build the Perfect Warm-Weather Wardrobe,GQ,2026,https://www.gq.com/story/ultimate-wardrobe-spring-summer-edition,lines 64-73 describe wardrobe pieces selected to work together including a denim jacket,2026-08-21,verified_reachable_2026-08-21_plus_bounded_model_enrichment,medium,The source identifies field jackets as practical wardrobe staples; bag-type and utility-detail balancing are bounded enrichment.,Utility and outdoor-casual outerwear; practical bags with controlled hardware.,"The cited source supports the core styling direction; contextual alternatives, rationale, and transfer to closely related item types are bounded model-enriched fashion guidance. Do not infer hidden item attributes that are not explicit in the case or rule.",rebuilt_v2_substantive_expert_rule,none
K124,2,"With floral, jacquard, printed, or statement outerwear, use the bag as a stabilizing accessory rather than a second full-scale pattern. A solid shoulder bag, clean structured bag, simple top handle, or restrained clutch works well; repeating one colour from the outerwear can create cohesion without literal matching. Unless maximalism is intentional, avoid pairing a complex coat with an equally busy printed bag because both pieces compete for the same focal role.",outerwear,bags,outerwear,none,floral jacket|floral blazer|printed coat|patterned jacket|jacquard jacket|statement coat,plain shoulder bag|solid bag|structured bag|clutch|top handle|bag|handbag,statement_outerwear_bags,general,casual to evening,event|dinner|daytime|wedding,all,fashion_editorial,How to Wear Head-to-Toe Black? Jessica Chastain Proves It's All About the Statement Bag,Vogue,2017,https://www.vogue.com/article/jessica-chastain-louis-vuitton-capucines-bag-celebrity-street-style,paragraphs describing the all-black pantsuit and embellished top-handle bag,2026-08-21,verified_reachable_2026-08-21_plus_bounded_model_enrichment,medium,The source demonstrates a statement accessory against controlled tailoring and colour; the inverse application to statement outerwear is bounded enrichment.,"Floral, jacquard and statement outerwear; restrained bags with optional colour echo.","The cited source supports the core styling direction; contextual alternatives, rationale, and transfer to closely related item types are bounded model-enriched fashion guidance. Do not infer hidden item attributes that are not explicit in the case or rule.",rebuilt_v2_substantive_expert_rule,none
