case_id,generator_model_id,condition,target_category,trace_size,word_count,trace_support_rate,full_kb_support_rate,unsupported_item_fact_rate,trace_supported_claims_per_100_words
case-e429feb0c2a9f49c,gemma4:12b,no_rag,tops,1,64,0.1,0.1,,1.5625
case-e429feb0c2a9f49c,gemma4:12b,rule_rag,tops,1,64,0.2,0.2,,1.5625
case-c2ea09f4e654ee14,gemma4:12b,no_rag,tops,1,64,0.0,0.0,,0.0
case-c2ea09f4e654ee14,gemma4:12b,rule_rag,tops,1,60,0.5,0.5,,3.3333333333333335
case-1c7225eeebc390f4,gemma4:12b,no_rag,tops,1,64,0.0,0.0,0.0,0.0
case-919baac95ca88066,gemma4:12b,no_rag,tops,1,64,0.0,0.0,,0.0
case-919baac95ca88066,gemma4:12b,rule_rag,tops,1,64,0.2,0.2,,1.5625
case-af84513c121c7811,gemma4:12b,no_rag,tops,1,62,0.0,0.0,,0.0
case-af84513c121c7811,gemma4:12b,rule_rag,tops,1,62,0.75,0.75,,4.838709677419355
case-1becd8554ecaa063,gemma4:12b,no_rag,tops,2,64,0.0,0.0,,0.0
case-1becd8554ecaa063,gemma4:12b,rule_rag,tops,2,67,0.125,0.125,,1.492537313432836
case-23100c6fb3b44e88,gemma4:12b,no_rag,tops,1,65,0.0,0.0,,0.0
case-23100c6fb3b44e88,gemma4:12b,rule_rag,tops,1,62,0.0,0.0,,0.0
case-47ae7d461877e5d1,gemma4:12b,no_rag,tops,1,64,0.0,0.0,,0.0
case-47ae7d461877e5d1,gemma4:12b,rule_rag,tops,1,53,0.5,0.5,,5.660377358490566
case-3db7cb0b016641de,gemma4:12b,no_rag,tops,1,66,0.0,0.0,,0.0
case-3db7cb0b016641de,gemma4:12b,rule_rag,tops,1,60,0.0,0.0,0.0,0.0
case-2d6a99b75f885593,gemma4:12b,no_rag,tops,1,60,0.0,0.0,0.0,0.0
case-2d6a99b75f885593,gemma4:12b,rule_rag,tops,1,66,0.25,0.25,,1.5151515151515151
case-d0b1e265804f2872,gemma4:12b,no_rag,tops,1,63,0.0,0.0,,0.0
case-d0b1e265804f2872,gemma4:12b,rule_rag,tops,1,50,0.5,0.5,,4.0
case-094db2a4cbd25ec7,gemma4:12b,no_rag,tops,1,60,0.2,0.2,0.0,3.3333333333333335
case-094db2a4cbd25ec7,gemma4:12b,rule_rag,tops,1,65,0.8,0.8,,6.153846153846154
case-ef347392f6aba290,gemma4:12b,no_rag,tops,1,61,0.0,0.0,,0.0
case-ef347392f6aba290,gemma4:12b,rule_rag,tops,1,63,0.0,0.0,,0.0
case-8ed19313c52a2a9e,gemma4:12b,no_rag,tops,1,62,0.08333333333333333,0.08333333333333333,0.0,1.6129032258064515
case-8ed19313c52a2a9e,gemma4:12b,rule_rag,tops,1,53,0.16666666666666666,0.16666666666666666,,1.8867924528301887
case-589fe5f6da25a6f1,gemma4:12b,no_rag,tops,1,65,0.0,0.0,,0.0
case-589fe5f6da25a6f1,gemma4:12b,rule_rag,tops,1,63,0.0,0.0,,0.0
case-cf60faf5d470f130,gemma4:12b,no_rag,tops,1,63,0.0,0.0,,0.0
case-cf60faf5d470f130,gemma4:12b,rule_rag,tops,1,66,0.2,0.2,,1.5151515151515151
case-b84372a3927144c5,gemma4:12b,no_rag,tops,2,67,0.0,0.0,,0.0
case-b84372a3927144c5,gemma4:12b,rule_rag,tops,2,58,0.4,0.4,,3.4482758620689653
case-99bd2625e23132fa,gemma4:12b,no_rag,tops,1,64,0.0,0.0,,0.0
case-99bd2625e23132fa,gemma4:12b,rule_rag,tops,1,62,0.0,0.0,,0.0
case-2fc8f6828101e5ac,gemma4:12b,no_rag,tops,2,65,0.0,0.0,0.0,0.0
case-2fc8f6828101e5ac,gemma4:12b,rule_rag,tops,2,62,0.0,0.0,,0.0
case-8f0f670d2da88e40,gemma4:12b,no_rag,tops,1,66,0.0,0.0,,0.0
case-8f0f670d2da88e40,gemma4:12b,rule_rag,tops,1,62,0.25,0.25,,1.6129032258064515
case-c30772c778470c1b,gemma4:12b,no_rag,tops,1,64,0.1,0.1,0.0,1.5625
case-c30772c778470c1b,gemma4:12b,rule_rag,tops,1,64,0.5,0.5,0.0,4.6875
case-4c2de2725e595ab7,gemma4:12b,no_rag,tops,1,64,0.0,0.0,,0.0
case-4c2de2725e595ab7,gemma4:12b,rule_rag,tops,1,59,0.6666666666666666,0.6666666666666666,,3.389830508474576
case-23bf6bb2a780b76b,gemma4:12b,no_rag,tops,3,63,0.0,0.0,,0.0
case-23bf6bb2a780b76b,gemma4:12b,rule_rag,tops,3,64,0.2,0.2,,1.5625
case-3502648ffe08495a,gemma4:12b,no_rag,tops,3,65,0.0,0.0,,0.0
case-3502648ffe08495a,gemma4:12b,rule_rag,tops,3,64,0.4,0.4,,3.125
case-ff7627d8332912be,gemma4:12b,no_rag,tops,1,66,0.0,0.0,,0.0
case-ff7627d8332912be,gemma4:12b,rule_rag,tops,1,59,0.0,0.0,,0.0
case-1fc4df64ac242c0a,gemma4:12b,no_rag,tops,2,63,0.0,0.0,,0.0
case-1fc4df64ac242c0a,gemma4:12b,rule_rag,tops,2,66,0.0,0.0,,0.0
case-76bbf48e671bfd5a,gemma4:12b,no_rag,tops,2,65,0.0,0.0,,0.0
case-76bbf48e671bfd5a,gemma4:12b,rule_rag,tops,2,63,0.0,0.0,,0.0
case-99ee3c23efb6f2d2,gemma4:12b,no_rag,tops,2,59,0.0,0.0,,0.0
case-99ee3c23efb6f2d2,gemma4:12b,rule_rag,tops,2,61,0.0,0.0,,0.0
case-3b802060b9b2bb8e,gemma4:12b,no_rag,tops,1,64,0.0,0.0,,0.0
case-3b802060b9b2bb8e,gemma4:12b,rule_rag,tops,1,57,0.2,0.2,,1.7543859649122806
case-7704b746a54d342c,gemma4:12b,no_rag,tops,2,65,0.0,0.0,,0.0
case-7704b746a54d342c,gemma4:12b,rule_rag,tops,2,62,0.5,0.5,,3.225806451612903
case-2ae8ee00828c7c73,gemma4:12b,no_rag,tops,1,60,0.0,0.0,,0.0
case-2ae8ee00828c7c73,gemma4:12b,rule_rag,tops,1,53,0.0,0.0,,0.0
case-5996ce889a668fed,gemma4:12b,no_rag,tops,1,63,0.0,0.0,,0.0
case-5996ce889a668fed,gemma4:12b,rule_rag,tops,1,62,0.5,0.5,,4.838709677419355
case-22baaf00e0b6137d,gemma4:12b,no_rag,tops,2,64,0.0,0.0,,0.0
case-22baaf00e0b6137d,gemma4:12b,rule_rag,tops,2,57,0.6666666666666666,0.6666666666666666,,3.508771929824561
case-e821db295328c0c4,gemma4:12b,no_rag,tops,1,68,0.16666666666666666,0.16666666666666666,,1.4705882352941178
case-e821db295328c0c4,gemma4:12b,rule_rag,tops,1,62,0.3333333333333333,0.3333333333333333,,1.6129032258064515
case-ef9cf26c892fa28e,gemma4:12b,no_rag,tops,1,62,0.0,0.0,,0.0
case-ef9cf26c892fa28e,gemma4:12b,rule_rag,tops,1,61,0.25,0.25,,1.639344262295082
case-3b30f17e4d16804f,gemma4:12b,no_rag,tops,2,64,0.0,0.0,0.0,0.0
case-3b30f17e4d16804f,gemma4:12b,rule_rag,tops,2,57,0.0,0.0,,0.0
case-220dd48019439129,gemma4:12b,no_rag,tops,1,66,0.0,0.0,,0.0
case-220dd48019439129,gemma4:12b,rule_rag,tops,1,61,0.25,0.25,,1.639344262295082
case-214f2477049c7c43,gemma4:12b,no_rag,tops,1,67,0.0,0.0,,0.0
case-214f2477049c7c43,gemma4:12b,rule_rag,tops,1,64,0.4,0.4,,3.125
case-9b83d53ac7f4b74a,gemma4:12b,no_rag,tops,1,68,0.0,0.0,,0.0
case-9b83d53ac7f4b74a,gemma4:12b,rule_rag,tops,1,64,0.2,0.2,,1.5625
case-f9f995f3dc73cd56,gemma4:12b,no_rag,tops,2,63,0.0,0.0,,0.0
case-f9f995f3dc73cd56,gemma4:12b,rule_rag,tops,2,66,0.0,0.0,,0.0
case-cc745a7894645d84,gemma4:12b,no_rag,tops,1,62,0.0,0.0,,0.0
case-cc745a7894645d84,gemma4:12b,rule_rag,tops,1,62,0.16666666666666666,0.16666666666666666,,1.6129032258064515
case-c270f940d4973229,gemma4:12b,no_rag,tops,1,65,0.0,0.0,,0.0
case-c270f940d4973229,gemma4:12b,rule_rag,tops,1,64,0.0,0.0,,0.0
case-bc1649aa0856ead1,gemma4:12b,no_rag,tops,1,62,0.0,0.0,,0.0
case-bc1649aa0856ead1,gemma4:12b,rule_rag,tops,1,60,0.75,0.75,,5.0
case-3686a781cc280214,gemma4:12b,no_rag,tops,1,67,0.0,0.0,,0.0
case-3686a781cc280214,gemma4:12b,rule_rag,tops,1,65,0.0,0.0,,0.0
case-70b3714d210b5847,gemma4:12b,no_rag,tops,1,64,0.0,0.0,,0.0
case-70b3714d210b5847,gemma4:12b,rule_rag,tops,1,66,1.0,1.0,,6.0606060606060606
case-0da2688c311a7c25,gemma4:12b,no_rag,tops,1,63,0.1,0.1,0.0,1.5873015873015872
case-0da2688c311a7c25,gemma4:12b,rule_rag,tops,1,61,0.4,0.4,,3.278688524590164
case-8fae48ba3bad1d4c,gemma4:12b,no_rag,tops,1,63,0.0,0.0,,0.0
case-8fae48ba3bad1d4c,gemma4:12b,rule_rag,tops,1,64,0.3333333333333333,0.3333333333333333,,3.125
case-6175885652bb2bd7,gemma4:12b,no_rag,tops,1,68,0.0,0.0,,0.0
case-6175885652bb2bd7,gemma4:12b,rule_rag,tops,1,61,0.5714285714285714,0.5714285714285714,,6.557377049180328
case-bdeb5168bcfb859b,gemma4:12b,rule_rag,tops,1,57,0.0,0.0,,0.0
case-0b8aa30b40b7cd27,gemma4:12b,no_rag,tops,2,61,0.14285714285714285,0.14285714285714285,0.0,1.639344262295082
case-0b8aa30b40b7cd27,gemma4:12b,rule_rag,tops,2,63,0.14285714285714285,0.14285714285714285,0.0,1.5873015873015872
case-a4deeeec85ab4325,gemma4:12b,no_rag,tops,1,65,0.0,0.0,,0.0
case-a4deeeec85ab4325,gemma4:12b,rule_rag,tops,1,56,0.0,0.0,,0.0
case-2eb68ee3f87c940f,gemma4:12b,no_rag,tops,2,63,0.0,0.0,0.0,0.0
case-2eb68ee3f87c940f,gemma4:12b,rule_rag,tops,2,58,0.0,0.0,0.0,0.0
case-cbeb071042b6e4ed,gemma4:12b,no_rag,tops,1,67,0.0,0.0,,0.0
case-cbeb071042b6e4ed,gemma4:12b,rule_rag,tops,1,65,0.5,0.5,,3.076923076923077
case-0dfaeb012d2ad15c,gemma4:12b,no_rag,tops,2,66,0.0,0.0,,0.0
case-0dfaeb012d2ad15c,gemma4:12b,rule_rag,tops,2,62,0.0,0.0,,0.0
case-777b98785771f79b,gemma4:12b,no_rag,tops,1,62,0.0,0.0,0.0,0.0
case-777b98785771f79b,gemma4:12b,rule_rag,tops,1,60,0.0,0.0,,0.0
case-8e100f904ee4043a,gemma4:12b,no_rag,tops,1,67,0.0,0.0,,0.0
case-8e100f904ee4043a,gemma4:12b,rule_rag,tops,1,61,0.25,0.25,,1.639344262295082
case-4c35f80695feddcd,gemma4:12b,no_rag,tops,1,65,0.0,0.0,,0.0
case-4c35f80695feddcd,gemma4:12b,rule_rag,tops,1,67,0.3333333333333333,0.3333333333333333,,1.492537313432836
case-5e393111a23e065f,gemma4:12b,no_rag,tops,1,64,0.0,0.0,,0.0
case-5e393111a23e065f,gemma4:12b,rule_rag,tops,1,65,0.6,0.6,,4.615384615384615
case-a2edf3a67b3ac73b,gemma4:12b,no_rag,tops,1,63,0.0,0.0,,0.0
case-a2edf3a67b3ac73b,gemma4:12b,rule_rag,tops,1,66,0.4,0.4,,3.0303030303030303
case-da662c222842d74f,gemma4:12b,no_rag,tops,1,65,0.0,0.0,,0.0
case-da662c222842d74f,gemma4:12b,rule_rag,tops,1,67,0.2,0.2,,1.492537313432836
case-151a455af56c054b,gemma4:12b,no_rag,tops,1,64,0.0,0.0,,0.0
case-151a455af56c054b,gemma4:12b,rule_rag,tops,1,65,0.25,0.25,,1.5384615384615385
case-8cc99911d3e5d8a2,gemma4:12b,no_rag,tops,2,66,0.0,0.0,,0.0
case-8cc99911d3e5d8a2,gemma4:12b,rule_rag,tops,2,63,0.25,0.25,,1.5873015873015872
case-7e6e05ad93942a7e,gemma4:12b,no_rag,tops,1,61,0.0,0.0,,0.0
case-7e6e05ad93942a7e,gemma4:12b,rule_rag,tops,1,63,0.5,0.5,,3.1746031746031744
case-f9c5b7d05746b1be,gemma4:12b,no_rag,tops,1,60,0.0,0.0,,0.0
case-f9c5b7d05746b1be,gemma4:12b,rule_rag,tops,1,63,0.3333333333333333,0.3333333333333333,0.0,3.1746031746031744
case-db90930f2ce3e090,gemma4:12b,no_rag,tops,2,66,0.0,0.0,,0.0
case-db90930f2ce3e090,gemma4:12b,rule_rag,tops,2,56,0.8333333333333334,0.8333333333333334,,8.928571428571429
case-026665827bfaaf65,gemma4:12b,no_rag,tops,1,62,0.0,0.0,,0.0
case-026665827bfaaf65,gemma4:12b,rule_rag,tops,1,64,0.0,0.0,,0.0
case-84a86e133194431f,gemma4:12b,no_rag,tops,1,62,0.0,0.0,,0.0
case-84a86e133194431f,gemma4:12b,rule_rag,tops,1,66,0.16666666666666666,0.16666666666666666,,1.5151515151515151
case-31571869b5c23de5,gemma4:12b,no_rag,tops,1,61,0.0,0.0,,0.0
case-31571869b5c23de5,gemma4:12b,rule_rag,tops,1,64,0.5,0.5,,3.125
case-575b4ffda66f631c,gemma4:12b,no_rag,tops,1,62,0.0,0.0,,0.0
case-575b4ffda66f631c,gemma4:12b,rule_rag,tops,1,66,0.25,0.25,,1.5151515151515151
case-32861b40bfbc2330,gemma4:12b,no_rag,tops,1,64,0.0,0.0,,0.0
case-32861b40bfbc2330,gemma4:12b,rule_rag,tops,1,64,0.75,0.75,,4.6875
case-f878f5d567344fb9,gemma4:12b,no_rag,tops,1,63,0.0,0.0,,0.0
case-f878f5d567344fb9,gemma4:12b,rule_rag,tops,1,60,0.2,0.2,,1.6666666666666667
case-d7546ae32c13aa41,gemma4:12b,no_rag,tops,1,64,0.3333333333333333,0.3333333333333333,,1.5625
case-d7546ae32c13aa41,gemma4:12b,rule_rag,tops,1,67,0.14285714285714285,0.14285714285714285,,1.492537313432836
case-0e9883918b0ca714,gemma4:12b,no_rag,tops,1,64,0.0,0.0,,0.0
case-0e9883918b0ca714,gemma4:12b,rule_rag,tops,1,65,0.0,0.0,,0.0
case-2564828ccbf3de99,gemma4:12b,no_rag,tops,2,64,0.0,0.0,,0.0
case-2564828ccbf3de99,gemma4:12b,rule_rag,tops,2,65,0.2857142857142857,0.2857142857142857,,3.076923076923077
case-8633eb7ac4daa293,gemma4:12b,no_rag,tops,2,66,0.0,0.0,0.0,0.0
case-8633eb7ac4daa293,gemma4:12b,rule_rag,tops,2,61,0.5,0.5,,1.639344262295082
case-09628ef84cbf20ab,gemma4:12b,no_rag,tops,1,61,0.0,0.0,0.0,0.0
case-09628ef84cbf20ab,gemma4:12b,rule_rag,tops,1,66,0.25,0.25,,1.5151515151515151
case-ad7ebd4ca8a78fe2,gemma4:12b,no_rag,tops,1,67,0.0,0.0,,0.0
case-ad7ebd4ca8a78fe2,gemma4:12b,rule_rag,tops,1,62,0.0,0.0,,0.0
case-2115255a06f4a35a,gemma4:12b,no_rag,tops,2,58,0.3333333333333333,0.3333333333333333,0.0,5.172413793103448
case-2115255a06f4a35a,gemma4:12b,rule_rag,tops,2,67,0.3333333333333333,0.3333333333333333,,1.492537313432836
case-1a1a490478a526ea,gemma4:12b,no_rag,tops,1,63,0.0,0.0,,0.0
case-1a1a490478a526ea,gemma4:12b,rule_rag,tops,1,59,0.0,0.0,,0.0
case-aa908bd8bb725396,gemma4:12b,no_rag,tops,2,63,0.0,0.0,,0.0
case-aa908bd8bb725396,gemma4:12b,rule_rag,tops,2,58,0.3333333333333333,0.3333333333333333,,3.4482758620689653
case-cce943551dd396ff,gemma4:12b,no_rag,tops,1,66,0.0,0.0,,0.0
case-cce943551dd396ff,gemma4:12b,rule_rag,tops,1,62,0.2,0.2,,1.6129032258064515
case-5280268c99e36001,gemma4:12b,no_rag,tops,1,63,0.0,0.0,,0.0
case-5280268c99e36001,gemma4:12b,rule_rag,tops,1,62,0.25,0.25,,1.6129032258064515
case-b036b4e33774d56d,gemma4:12b,no_rag,tops,1,66,0.0,0.0,,0.0
case-b036b4e33774d56d,gemma4:12b,rule_rag,tops,1,63,0.2,0.2,,1.5873015873015872
case-3002b181b2a5f9fc,gemma4:12b,no_rag,tops,1,65,0.0,0.0,,0.0
case-3002b181b2a5f9fc,gemma4:12b,rule_rag,tops,1,65,0.0,0.0,,0.0
case-4373ff3cda4972d6,gemma4:12b,no_rag,tops,1,64,0.0,0.0,,0.0
case-4373ff3cda4972d6,gemma4:12b,rule_rag,tops,1,65,0.5,0.5,,3.076923076923077
case-806b396f998d24ef,gemma4:12b,no_rag,tops,1,58,0.0,0.0,,0.0
case-806b396f998d24ef,gemma4:12b,rule_rag,tops,1,61,0.0,0.0,,0.0
case-baa6ef97872fb508,gemma4:12b,no_rag,tops,2,64,0.0,0.0,,0.0
case-baa6ef97872fb508,gemma4:12b,rule_rag,tops,2,66,0.5,0.5,,3.0303030303030303
case-51dbfaffec08d7c1,gemma4:12b,rule_rag,tops,2,67,0.0,0.0,,0.0
case-28e71c22a43c272a,gemma4:12b,no_rag,tops,1,68,0.0,0.0,,0.0
case-28e71c22a43c272a,gemma4:12b,rule_rag,tops,1,57,0.0,0.0,,0.0
case-18513b7046cb77c0,gemma4:12b,no_rag,tops,1,65,0.0,0.0,,0.0
case-18513b7046cb77c0,gemma4:12b,rule_rag,tops,1,60,0.2,0.2,,1.6666666666666667
case-ebf0178ee41f3d25,gemma4:12b,no_rag,tops,1,64,0.0,0.0,,0.0
case-ebf0178ee41f3d25,gemma4:12b,rule_rag,tops,1,64,0.4,0.4,,3.125
case-3354be494f1e6d0b,gemma4:12b,no_rag,tops,1,67,0.0,0.0,,0.0
case-3354be494f1e6d0b,gemma4:12b,rule_rag,tops,1,61,0.16666666666666666,0.16666666666666666,,1.639344262295082
case-f8a75930060304aa,gemma4:12b,no_rag,tops,1,66,0.0,0.0,,0.0
case-f8a75930060304aa,gemma4:12b,rule_rag,tops,1,65,0.0,0.0,,0.0
case-808697b5cd70de93,gemma4:12b,no_rag,tops,2,61,0.0,0.0,,0.0
case-808697b5cd70de93,gemma4:12b,rule_rag,tops,2,69,0.0,0.0,,0.0
case-5a26eb6b60aa2842,gemma4:12b,no_rag,tops,1,61,0.3333333333333333,0.3333333333333333,,1.639344262295082
case-5a26eb6b60aa2842,gemma4:12b,rule_rag,tops,1,60,0.25,0.25,,1.6666666666666667
case-a348552e4709eb33,gemma4:12b,no_rag,tops,1,66,0.0,0.0,,0.0
case-a348552e4709eb33,gemma4:12b,rule_rag,tops,1,65,0.3333333333333333,0.3333333333333333,,3.076923076923077
case-852e5bade56d69e2,gemma4:12b,no_rag,tops,1,62,0.0,0.0,,0.0
case-852e5bade56d69e2,gemma4:12b,rule_rag,tops,1,63,0.6,0.6,,4.761904761904762
case-e47eac906f5f4997,gemma4:12b,no_rag,tops,1,66,0.0,0.0,,0.0
case-e47eac906f5f4997,gemma4:12b,rule_rag,tops,1,63,0.3333333333333333,0.3333333333333333,,3.1746031746031744
case-aef4dfde0d364cd8,gemma4:12b,no_rag,tops,1,65,0.0,0.0,,0.0
case-aef4dfde0d364cd8,gemma4:12b,rule_rag,tops,1,57,0.5,0.5,,3.508771929824561
case-f76e2df716df4967,gemma4:12b,no_rag,tops,1,62,0.0,0.0,,0.0
case-f76e2df716df4967,gemma4:12b,rule_rag,tops,1,57,0.5,0.5,,5.2631578947368425
case-9f8b772a6cbd60ed,gemma4:12b,no_rag,bottoms,1,67,0.0,0.0,,0.0
case-9f8b772a6cbd60ed,gemma4:12b,rule_rag,bottoms,1,65,0.6666666666666666,0.6666666666666666,,6.153846153846154
case-2710e3bfdf0b6ddc,gemma4:12b,no_rag,bottoms,1,63,0.0,0.0,,0.0
case-2710e3bfdf0b6ddc,gemma4:12b,rule_rag,bottoms,1,60,0.3333333333333333,0.3333333333333333,,1.6666666666666667
case-4ce828649973c8ad,gemma4:12b,no_rag,bottoms,1,62,0.0,0.0,0.0,0.0
case-4ce828649973c8ad,gemma4:12b,rule_rag,bottoms,1,60,0.0,0.0,,0.0
case-b71aa9e31a1247e4,gemma4:12b,no_rag,bottoms,2,65,0.0,0.0,,0.0
case-b71aa9e31a1247e4,gemma4:12b,rule_rag,bottoms,2,66,0.5,0.5,,3.0303030303030303
case-967d8e0d3b5b240a,gemma4:12b,no_rag,bottoms,1,59,0.0,0.0,,0.0
case-967d8e0d3b5b240a,gemma4:12b,rule_rag,bottoms,1,52,0.6,0.6,,5.769230769230769
case-928b7fbcb802ee08,gemma4:12b,rule_rag,bottoms,1,57,0.2,0.2,,1.7543859649122806
case-8a3d3ed3708ff820,gemma4:12b,rule_rag,bottoms,1,68,1.0,1.0,,4.411764705882353
case-e5c750f7975c88b2,gemma4:12b,no_rag,bottoms,1,65,0.0,0.0,,0.0
case-e5c750f7975c88b2,gemma4:12b,rule_rag,bottoms,1,66,0.8333333333333334,0.8333333333333334,,7.575757575757576
case-cb4f24893461fd71,gemma4:12b,no_rag,bottoms,2,62,0.0,0.0,,0.0
case-cb4f24893461fd71,gemma4:12b,rule_rag,bottoms,2,68,0.5,0.5,,2.9411764705882355
case-55a4829025e5f139,gemma4:12b,no_rag,bottoms,2,64,0.0,0.0,,0.0
case-55a4829025e5f139,gemma4:12b,rule_rag,bottoms,2,63,0.3333333333333333,0.3333333333333333,,3.1746031746031744
case-00394c0d34524ad6,gemma4:12b,no_rag,bottoms,2,61,0.0,0.0,0.0,0.0
case-00394c0d34524ad6,gemma4:12b,rule_rag,bottoms,2,58,0.3333333333333333,0.3333333333333333,,1.7241379310344827
case-ded616af17e82ed6,gemma4:12b,no_rag,bottoms,1,62,0.2,0.2,0.0,3.225806451612903
case-ded616af17e82ed6,gemma4:12b,rule_rag,bottoms,1,66,0.2,0.2,,1.5151515151515151
case-e686e5b6c8809b92,gemma4:12b,rule_rag,bottoms,1,54,1.0,1.0,,3.7037037037037037
case-d57105489b1f7ab0,gemma4:12b,no_rag,bottoms,1,60,0.0,0.0,0.0,0.0
case-d57105489b1f7ab0,gemma4:12b,rule_rag,bottoms,1,64,0.4,0.4,,3.125
case-fd0a0092e6309217,gemma4:12b,rule_rag,bottoms,1,62,0.3333333333333333,0.3333333333333333,,1.6129032258064515
case-529f2069bca1b92e,gemma4:12b,no_rag,bottoms,1,64,0.0,0.0,,0.0
case-529f2069bca1b92e,gemma4:12b,rule_rag,bottoms,1,57,0.0,0.0,,0.0
case-a7ca4398c1c6e424,gemma4:12b,no_rag,bottoms,2,62,0.0,0.0,,0.0
case-a7ca4398c1c6e424,gemma4:12b,rule_rag,bottoms,2,65,0.3333333333333333,0.3333333333333333,,1.5384615384615385
case-a766a61c1d849a00,gemma4:12b,no_rag,bottoms,1,62,0.0,0.0,,0.0
case-a766a61c1d849a00,gemma4:12b,rule_rag,bottoms,1,67,0.0,0.0,,0.0
case-782b622a9483969d,gemma4:12b,rule_rag,bottoms,1,54,0.0,0.0,,0.0
case-42746599104dd828,gemma4:12b,no_rag,bottoms,2,64,0.0,0.0,0.0,0.0
case-42746599104dd828,gemma4:12b,rule_rag,bottoms,2,64,0.0,0.0,,0.0
case-4ae57684976e97ea,gemma4:12b,no_rag,bottoms,2,63,0.0,0.0,0.0,0.0
case-4ae57684976e97ea,gemma4:12b,rule_rag,bottoms,2,67,0.25,0.25,,1.492537313432836
case-6e3ec1644d06a819,gemma4:12b,no_rag,bottoms,2,67,0.1111111111111111,0.1111111111111111,0.0,1.492537313432836
case-6e3ec1644d06a819,gemma4:12b,rule_rag,bottoms,2,64,0.4,0.4,,3.125
case-db5ced9df30070fa,gemma4:12b,no_rag,bottoms,1,62,0.0,0.0,,0.0
case-db5ced9df30070fa,gemma4:12b,rule_rag,bottoms,1,61,0.2857142857142857,0.2857142857142857,,3.278688524590164
case-fc4ffb29ca9726bd,gemma4:12b,no_rag,bottoms,2,62,0.0,0.0,,0.0
case-fc4ffb29ca9726bd,gemma4:12b,rule_rag,bottoms,2,66,0.25,0.25,,3.0303030303030303
case-c936f56876e91fd4,gemma4:12b,no_rag,bottoms,1,65,0.0,0.0,,0.0
case-c936f56876e91fd4,gemma4:12b,rule_rag,bottoms,1,58,0.3333333333333333,0.3333333333333333,,1.7241379310344827
case-b88d6c2f4c794913,gemma4:12b,rule_rag,bottoms,1,59,0.25,0.25,,1.694915254237288
case-f67ef180b38b45d3,gemma4:12b,no_rag,bottoms,1,67,0.0,0.0,,0.0
case-f67ef180b38b45d3,gemma4:12b,rule_rag,bottoms,1,58,0.25,0.25,,1.7241379310344827
case-7eec54b62acb3939,gemma4:12b,no_rag,bottoms,1,66,0.14285714285714285,0.14285714285714285,0.0,1.5151515151515151
case-7eec54b62acb3939,gemma4:12b,rule_rag,bottoms,1,60,0.5,0.5,,3.3333333333333335
case-4f51197d9c0ba957,gemma4:12b,rule_rag,bottoms,1,63,0.3333333333333333,0.3333333333333333,,1.5873015873015872
case-84db4199c9d80200,gemma4:12b,no_rag,bottoms,2,66,0.0,0.0,,0.0
case-84db4199c9d80200,gemma4:12b,rule_rag,bottoms,2,63,0.6666666666666666,0.6666666666666666,,3.1746031746031744
case-a52efa1607a54c55,gemma4:12b,no_rag,bottoms,1,65,0.0,0.0,,0.0
case-a52efa1607a54c55,gemma4:12b,rule_rag,bottoms,1,62,0.16666666666666666,0.16666666666666666,,1.6129032258064515
case-b3312c490a6b7f35,gemma4:12b,no_rag,bottoms,1,67,0.2857142857142857,0.2857142857142857,0.0,2.985074626865672
case-b3312c490a6b7f35,gemma4:12b,rule_rag,bottoms,1,68,0.4,0.4,,2.9411764705882355
case-c0d252c08d3c46c8,gemma4:12b,no_rag,bottoms,1,58,0.0,0.0,,0.0
case-c0d252c08d3c46c8,gemma4:12b,rule_rag,bottoms,1,56,0.3333333333333333,0.3333333333333333,,1.7857142857142858
case-ae11ff65d1656b63,gemma4:12b,no_rag,bottoms,1,64,0.0,0.0,,0.0
case-ae11ff65d1656b63,gemma4:12b,rule_rag,bottoms,1,56,0.0,0.0,,0.0
case-c6ff8ba375e0134a,gemma4:12b,no_rag,bottoms,1,60,0.14285714285714285,0.14285714285714285,0.0,3.3333333333333335
case-c6ff8ba375e0134a,gemma4:12b,rule_rag,bottoms,1,62,0.16666666666666666,0.16666666666666666,,1.6129032258064515
case-4ea800318d039661,gemma4:12b,no_rag,bottoms,1,61,0.0,0.0,0.0,0.0
case-4ea800318d039661,gemma4:12b,rule_rag,bottoms,1,69,0.0,0.0,,0.0
case-5453855ce50fe3d3,gemma4:12b,no_rag,bottoms,1,68,0.0,0.0,,0.0
case-5453855ce50fe3d3,gemma4:12b,rule_rag,bottoms,1,63,0.2,0.2,,1.5873015873015872
case-5e15f67213c04556,gemma4:12b,no_rag,bottoms,1,66,0.0,0.0,,0.0
case-5e15f67213c04556,gemma4:12b,rule_rag,bottoms,1,66,0.2,0.2,,1.5151515151515151
case-a66e4375a19a7b26,gemma4:12b,no_rag,bottoms,2,65,0.0,0.0,,0.0
case-a66e4375a19a7b26,gemma4:12b,rule_rag,bottoms,2,68,0.42857142857142855,0.42857142857142855,,4.411764705882353
case-9ca3fbefc8236e27,gemma4:12b,no_rag,bottoms,2,68,0.0,0.0,0.0,0.0
case-9ca3fbefc8236e27,gemma4:12b,rule_rag,bottoms,2,62,0.2,0.2,,1.6129032258064515
case-3ebc3958cac62af7,gemma4:12b,no_rag,bottoms,2,61,0.2,0.2,0.0,1.639344262295082
case-3ebc3958cac62af7,gemma4:12b,rule_rag,bottoms,2,63,0.2,0.2,,1.5873015873015872
case-d3bb3e5a52055602,gemma4:12b,no_rag,bottoms,2,65,0.0,0.0,0.0,0.0
case-d3bb3e5a52055602,gemma4:12b,rule_rag,bottoms,2,54,0.0,0.0,,0.0
case-8d16688f1e64c3f3,gemma4:12b,no_rag,bottoms,2,65,0.0,0.0,0.0,0.0
case-8d16688f1e64c3f3,gemma4:12b,rule_rag,bottoms,2,56,0.16666666666666666,0.16666666666666666,,1.7857142857142858
case-f7eeb8b2fc65cbcc,gemma4:12b,no_rag,bottoms,2,68,0.0,0.0,,0.0
case-f7eeb8b2fc65cbcc,gemma4:12b,rule_rag,bottoms,2,62,0.4,0.4,,3.225806451612903
case-aa14bfb7328fd47b,gemma4:12b,no_rag,bottoms,1,64,0.3333333333333333,0.3333333333333333,0.0,4.6875
case-aa14bfb7328fd47b,gemma4:12b,rule_rag,bottoms,1,60,0.5,0.5,,1.6666666666666667
case-63a58beb6ea115c5,gemma4:12b,no_rag,bottoms,1,64,0.125,0.125,0.0,1.5625
case-63a58beb6ea115c5,gemma4:12b,rule_rag,bottoms,1,57,0.4,0.4,,3.508771929824561
case-6366141a50eed6ba,gemma4:12b,no_rag,bottoms,1,62,0.0,0.0,,0.0
case-6366141a50eed6ba,gemma4:12b,rule_rag,bottoms,1,68,0.3333333333333333,0.3333333333333333,,1.4705882352941178
case-58adae9c7dbaccb1,gemma4:12b,no_rag,bottoms,2,60,0.0,0.0,,0.0
case-58adae9c7dbaccb1,gemma4:12b,rule_rag,bottoms,2,62,0.25,0.25,,1.6129032258064515
case-8f5d549a83ef995c,gemma4:12b,no_rag,bottoms,1,61,0.0,0.0,,0.0
case-8f5d549a83ef995c,gemma4:12b,rule_rag,bottoms,1,59,0.14285714285714285,0.14285714285714285,,1.694915254237288
case-47719727bb968f28,gemma4:12b,no_rag,bottoms,1,63,0.0,0.0,,0.0
case-47719727bb968f28,gemma4:12b,rule_rag,bottoms,1,60,0.2,0.2,,1.6666666666666667
case-b1bd5903a8a5a8f6,gemma4:12b,no_rag,bottoms,1,61,0.0,0.0,,0.0
case-b1bd5903a8a5a8f6,gemma4:12b,rule_rag,bottoms,1,64,0.2,0.2,,1.5625
case-1de749080832764d,gemma4:12b,no_rag,bottoms,1,57,0.0,0.0,,0.0
case-1de749080832764d,gemma4:12b,rule_rag,bottoms,1,59,1.0,1.0,,8.474576271186441
case-72df7fd0c046a914,gemma4:12b,no_rag,bottoms,1,65,0.0,0.0,0.0,0.0
case-72df7fd0c046a914,gemma4:12b,rule_rag,bottoms,1,67,0.4,0.4,,2.985074626865672
case-cea00e98dc6ed9f0,gemma4:12b,no_rag,bottoms,2,64,0.0,0.0,,0.0
case-cea00e98dc6ed9f0,gemma4:12b,rule_rag,bottoms,2,64,0.0,0.0,,0.0
case-75c1226b1f08fd8f,gemma4:12b,no_rag,bottoms,2,58,0.0,0.0,,0.0
case-75c1226b1f08fd8f,gemma4:12b,rule_rag,bottoms,2,67,0.5,0.5,,2.985074626865672
case-e56ce526ea8271a5,gemma4:12b,no_rag,bottoms,2,61,0.0,0.0,,0.0
case-e56ce526ea8271a5,gemma4:12b,rule_rag,bottoms,2,65,0.4,0.4,,3.076923076923077
case-37b04213170d8755,gemma4:12b,no_rag,bottoms,1,60,0.0,0.0,,0.0
case-37b04213170d8755,gemma4:12b,rule_rag,bottoms,1,63,0.4,0.4,,3.1746031746031744
case-3444860a11d2efb9,gemma4:12b,rule_rag,bottoms,1,66,0.3333333333333333,0.3333333333333333,,1.5151515151515151
case-014db2eb6705d417,gemma4:12b,no_rag,bottoms,2,62,0.3333333333333333,0.3333333333333333,,1.6129032258064515
case-014db2eb6705d417,gemma4:12b,rule_rag,bottoms,2,56,0.0,0.0,,0.0
case-1f6de73980748067,gemma4:12b,no_rag,bottoms,1,63,0.0,0.0,,0.0
case-1f6de73980748067,gemma4:12b,rule_rag,bottoms,1,57,0.6,0.6,,5.2631578947368425
case-f1b5f7ea5ce01cda,gemma4:12b,no_rag,bottoms,1,66,0.0,0.0,,0.0
case-f1b5f7ea5ce01cda,gemma4:12b,rule_rag,bottoms,1,56,1.0,1.0,,3.5714285714285716
case-d348b640a9485d13,gemma4:12b,no_rag,bottoms,2,64,0.0,0.0,,0.0
case-d348b640a9485d13,gemma4:12b,rule_rag,bottoms,2,68,0.8,0.8,,5.882352941176471
case-7c8bb7d3da3c6025,gemma4:12b,no_rag,bottoms,1,66,0.0,0.0,,0.0
case-7c8bb7d3da3c6025,gemma4:12b,rule_rag,bottoms,1,59,0.0,0.0,0.0,0.0
case-2a15768d334f9a8b,gemma4:12b,no_rag,bottoms,2,64,0.0,0.0,,0.0
case-2a15768d334f9a8b,gemma4:12b,rule_rag,bottoms,2,61,0.25,0.25,,3.278688524590164
case-f2fe2544c12e993d,gemma4:12b,no_rag,bottoms,2,65,0.0,0.0,,0.0
case-f2fe2544c12e993d,gemma4:12b,rule_rag,bottoms,2,68,0.5,0.5,,2.9411764705882355
case-33e8d5bb1b786bc2,gemma4:12b,no_rag,bottoms,1,61,0.14285714285714285,0.14285714285714285,0.0,1.639344262295082
case-33e8d5bb1b786bc2,gemma4:12b,rule_rag,bottoms,1,64,0.3333333333333333,0.3333333333333333,,1.5625
case-7758548fafb7a3ac,gemma4:12b,no_rag,bottoms,1,64,0.0,0.0,,0.0
case-7758548fafb7a3ac,gemma4:12b,rule_rag,bottoms,1,63,0.125,0.125,0.0,1.5873015873015872
case-016755b4f2bd3327,gemma4:12b,no_rag,bottoms,1,67,0.0,0.0,,0.0
case-016755b4f2bd3327,gemma4:12b,rule_rag,bottoms,1,63,0.3333333333333333,0.3333333333333333,,1.5873015873015872
case-a4b763a7b6415e99,gemma4:12b,no_rag,bottoms,1,61,0.0,0.0,,0.0
case-a4b763a7b6415e99,gemma4:12b,rule_rag,bottoms,1,60,0.1111111111111111,0.1111111111111111,0.0,1.6666666666666667
case-ee10eaa9acbaee49,gemma4:12b,no_rag,bottoms,1,65,0.16666666666666666,0.16666666666666666,0.0,1.5384615384615385
case-ee10eaa9acbaee49,gemma4:12b,rule_rag,bottoms,1,65,0.8333333333333334,0.8333333333333334,,7.6923076923076925
case-1beb353b17306966,gemma4:12b,rule_rag,bottoms,1,62,0.16666666666666666,0.16666666666666666,,1.6129032258064515
case-130ea8ef62ad0d80,gemma4:12b,no_rag,bottoms,1,61,0.16666666666666666,0.16666666666666666,0.0,1.639344262295082
case-130ea8ef62ad0d80,gemma4:12b,rule_rag,bottoms,1,59,0.25,0.25,,1.694915254237288
case-3ef519c788a9ee91,gemma4:12b,no_rag,bottoms,1,63,0.0,0.0,,0.0
case-3ef519c788a9ee91,gemma4:12b,rule_rag,bottoms,1,62,0.0,0.0,,0.0
case-a88637480d0b7898,gemma4:12b,no_rag,bottoms,2,61,0.0,0.0,,0.0
case-a88637480d0b7898,gemma4:12b,rule_rag,bottoms,2,64,0.0,0.0,,0.0
case-45d1d1499e342031,gemma4:12b,no_rag,bottoms,1,66,0.0,0.0,0.0,0.0
case-45d1d1499e342031,gemma4:12b,rule_rag,bottoms,1,68,0.6,0.6,,4.411764705882353
case-f9f17497d6a9d19d,gemma4:12b,no_rag,bottoms,1,66,0.0,0.0,,0.0
case-f9f17497d6a9d19d,gemma4:12b,rule_rag,bottoms,1,62,0.16666666666666666,0.16666666666666666,,1.6129032258064515
case-8349f428fc0b7638,gemma4:12b,no_rag,bottoms,1,65,0.0,0.0,,0.0
case-8349f428fc0b7638,gemma4:12b,rule_rag,bottoms,1,62,0.25,0.25,,1.6129032258064515
case-4f314be34e5112c2,gemma4:12b,no_rag,bottoms,1,60,0.0,0.0,0.0,0.0
case-4f314be34e5112c2,gemma4:12b,rule_rag,bottoms,1,55,0.0,0.0,,0.0
case-63d2228aab2a95e9,gemma4:12b,no_rag,bottoms,1,65,0.0,0.0,,0.0
case-63d2228aab2a95e9,gemma4:12b,rule_rag,bottoms,1,58,0.0,0.0,,0.0
case-a5208f7055d14d14,gemma4:12b,no_rag,bottoms,1,65,0.16666666666666666,0.16666666666666666,0.0,1.5384615384615385
case-a5208f7055d14d14,gemma4:12b,rule_rag,bottoms,1,66,0.3333333333333333,0.3333333333333333,,1.5151515151515151
case-b93bf97731508905,gemma4:12b,no_rag,bottoms,1,61,0.0,0.0,,0.0
case-b93bf97731508905,gemma4:12b,rule_rag,bottoms,1,66,0.2,0.2,,1.5151515151515151
case-e4ac0a5e43d6be43,gemma4:12b,no_rag,bottoms,2,66,0.0,0.0,,0.0
case-e4ac0a5e43d6be43,gemma4:12b,rule_rag,bottoms,2,57,0.0,0.0,,0.0
case-1a68eddb9ffd239a,gemma4:12b,no_rag,bottoms,1,66,0.1111111111111111,0.1111111111111111,0.0,1.5151515151515151
case-1a68eddb9ffd239a,gemma4:12b,rule_rag,bottoms,1,61,0.25,0.25,,1.639344262295082
case-82aa8f252f4ad221,gemma4:12b,no_rag,bottoms,1,66,0.0,0.0,0.0,0.0
case-82aa8f252f4ad221,gemma4:12b,rule_rag,bottoms,1,63,0.16666666666666666,0.16666666666666666,,1.5873015873015872
case-abd6343cc9bfb19a,gemma4:12b,no_rag,bottoms,2,67,0.2,0.2,0.0,2.985074626865672
case-abd6343cc9bfb19a,gemma4:12b,rule_rag,bottoms,2,55,0.0,0.0,,0.0
case-738f79848e941268,gemma4:12b,no_rag,bottoms,3,60,0.0,0.0,0.0,0.0
case-738f79848e941268,gemma4:12b,rule_rag,bottoms,3,64,0.2,0.2,,1.5625
case-36d5163b8f4be0a1,gemma4:12b,no_rag,bottoms,1,56,0.0,0.0,,0.0
case-36d5163b8f4be0a1,gemma4:12b,rule_rag,bottoms,1,64,0.0,0.0,,0.0
case-9d08ed41af49eb7a,gemma4:12b,no_rag,bottoms,2,62,0.0,0.0,0.0,0.0
case-9d08ed41af49eb7a,gemma4:12b,rule_rag,bottoms,2,64,0.2,0.2,,1.5625
case-65e46fb688749825,gemma4:12b,no_rag,bottoms,1,65,0.0,0.0,0.0,0.0
case-65e46fb688749825,gemma4:12b,rule_rag,bottoms,1,59,0.16666666666666666,0.16666666666666666,,1.694915254237288
case-9e0105778179541f,gemma4:12b,no_rag,bottoms,1,64,0.0,0.0,,0.0
case-9e0105778179541f,gemma4:12b,rule_rag,bottoms,1,52,0.3333333333333333,0.3333333333333333,,1.9230769230769231
case-8ea978088f43a384,gemma4:12b,rule_rag,bottoms,1,65,0.0,0.0,,0.0
case-ca964518d3cf3a78,gemma4:12b,no_rag,bottoms,1,59,0.0,0.0,,0.0
case-ca964518d3cf3a78,gemma4:12b,rule_rag,bottoms,1,65,0.0,0.0,,0.0
case-94fb417aa7000d83,gemma4:12b,no_rag,bottoms,1,64,0.0,0.0,,0.0
case-94fb417aa7000d83,gemma4:12b,rule_rag,bottoms,1,63,0.0,0.0,,0.0
case-cca4f77298454a1d,gemma4:12b,no_rag,bottoms,1,69,0.14285714285714285,0.14285714285714285,0.0,1.4492753623188406
case-cca4f77298454a1d,gemma4:12b,rule_rag,bottoms,1,58,0.5,0.5,,1.7241379310344827
case-cf7d90d96d094480,gemma4:12b,no_rag,bottoms,1,61,0.1,0.1,0.0,1.639344262295082
case-cf7d90d96d094480,gemma4:12b,rule_rag,bottoms,1,63,0.0,0.0,,0.0
case-6c91e4376a293695,gemma4:12b,no_rag,bottoms,1,65,0.0,0.0,,0.0
case-6c91e4376a293695,gemma4:12b,rule_rag,bottoms,1,58,0.14285714285714285,0.14285714285714285,,1.7241379310344827
case-16512ea253d9f43a,gemma4:12b,no_rag,bottoms,1,68,0.0,0.0,,0.0
case-16512ea253d9f43a,gemma4:12b,rule_rag,bottoms,1,63,0.125,0.125,0.0,1.5873015873015872
case-03aa92a88990b171,gemma4:12b,no_rag,bottoms,1,66,0.0,0.0,,0.0
case-03aa92a88990b171,gemma4:12b,rule_rag,bottoms,1,60,0.0,0.0,,0.0
case-76ea242e676f6ade,gemma4:12b,no_rag,bottoms,1,66,0.0,0.0,,0.0
case-76ea242e676f6ade,gemma4:12b,rule_rag,bottoms,1,63,0.6,0.6,,4.761904761904762
case-318f21cce91b1acd,gemma4:12b,no_rag,bottoms,1,63,0.1111111111111111,0.1111111111111111,0.0,1.5873015873015872
case-318f21cce91b1acd,gemma4:12b,rule_rag,bottoms,1,65,0.2,0.2,,1.5384615384615385
case-d223bc3f33c919fd,gemma4:12b,no_rag,shoes,1,66,0.0,0.0,,0.0
case-d223bc3f33c919fd,gemma4:12b,rule_rag,shoes,1,61,0.3333333333333333,0.3333333333333333,,3.278688524590164
case-3b5f48f37a41aa0f,gemma4:12b,no_rag,shoes,1,62,0.3333333333333333,0.3333333333333333,,3.225806451612903
case-3b5f48f37a41aa0f,gemma4:12b,rule_rag,shoes,1,59,0.5,0.5,,1.694915254237288
case-3f9333411c3cb6fe,gemma4:12b,no_rag,shoes,1,63,0.0,0.0,,0.0
case-3f9333411c3cb6fe,gemma4:12b,rule_rag,shoes,1,55,0.2,0.2,,1.8181818181818181
case-2710eb84113dc9f6,gemma4:12b,no_rag,shoes,1,65,0.0,0.0,,0.0
case-2710eb84113dc9f6,gemma4:12b,rule_rag,shoes,1,65,0.25,0.25,,1.5384615384615385
case-8f77d4226a777c56,gemma4:12b,no_rag,shoes,1,60,0.0,0.0,,0.0
case-8f77d4226a777c56,gemma4:12b,rule_rag,shoes,1,59,0.16666666666666666,0.16666666666666666,,1.694915254237288
case-4cf096f55643d9c2,gemma4:12b,no_rag,shoes,1,59,0.0,0.0,,0.0
case-4cf096f55643d9c2,gemma4:12b,rule_rag,shoes,1,66,0.6666666666666666,0.6666666666666666,,3.0303030303030303
case-9bcace2dfdd9cc31,gemma4:12b,no_rag,shoes,1,60,0.0,0.0,,0.0
case-9bcace2dfdd9cc31,gemma4:12b,rule_rag,shoes,1,63,0.3333333333333333,0.3333333333333333,,1.5873015873015872
case-03c159181e5dee57,gemma4:12b,no_rag,shoes,1,67,0.0,0.0,0.0,0.0
case-03c159181e5dee57,gemma4:12b,rule_rag,shoes,1,58,0.625,0.625,,8.620689655172415
case-7daea1a1372c1483,gemma4:12b,no_rag,shoes,1,63,0.0,0.0,,0.0
case-7daea1a1372c1483,gemma4:12b,rule_rag,shoes,1,63,0.1875,0.1875,0.0,4.761904761904762
case-b3cdbd3cb5d3d955,gemma4:12b,no_rag,shoes,1,65,0.0,0.0,,0.0
case-b3cdbd3cb5d3d955,gemma4:12b,rule_rag,shoes,1,52,0.4,0.4,,3.8461538461538463
case-18a4a12f6193ad55,gemma4:12b,rule_rag,shoes,1,58,0.25,0.25,,1.7241379310344827
case-3484a89e8f2822a0,gemma4:12b,no_rag,shoes,2,60,0.0,0.0,,0.0
case-3484a89e8f2822a0,gemma4:12b,rule_rag,shoes,2,67,0.6666666666666666,0.6666666666666666,,2.985074626865672
case-b8f2bcf32108d0c3,gemma4:12b,no_rag,shoes,1,61,0.0,0.0,,0.0
case-b8f2bcf32108d0c3,gemma4:12b,rule_rag,shoes,1,51,0.5,0.5,,3.9215686274509802
case-b5e8dcbb166dc1a5,gemma4:12b,no_rag,shoes,1,63,0.0,0.0,,0.0
case-b5e8dcbb166dc1a5,gemma4:12b,rule_rag,shoes,1,61,0.3333333333333333,0.3333333333333333,,1.639344262295082
case-97869a7da56bd812,gemma4:12b,no_rag,shoes,1,63,0.0,0.0,,0.0
case-97869a7da56bd812,gemma4:12b,rule_rag,shoes,1,67,0.0,0.0,,0.0
case-216ac70eeaf32dc9,gemma4:12b,no_rag,shoes,1,59,0.0,0.0,0.0,0.0
case-216ac70eeaf32dc9,gemma4:12b,rule_rag,shoes,1,60,0.0,0.0,,0.0
case-e0415847d595a32a,gemma4:12b,no_rag,shoes,1,67,0.0,0.0,,0.0
case-e0415847d595a32a,gemma4:12b,rule_rag,shoes,1,66,0.0,0.0,,0.0
case-8cf14fab75f46293,gemma4:12b,no_rag,shoes,1,66,0.0,0.0,,0.0
case-8cf14fab75f46293,gemma4:12b,rule_rag,shoes,1,62,0.0,0.0,,0.0
case-d9d7717598efb49e,gemma4:12b,rule_rag,shoes,1,63,0.0,0.0,,0.0
case-d22ea202d39b847b,gemma4:12b,no_rag,shoes,1,64,0.2857142857142857,0.2857142857142857,0.0,3.125
case-d22ea202d39b847b,gemma4:12b,rule_rag,shoes,1,60,0.6666666666666666,0.6666666666666666,,3.3333333333333335
case-611766b23fdef85d,gemma4:12b,no_rag,shoes,1,63,0.0,0.0,,0.0
case-611766b23fdef85d,gemma4:12b,rule_rag,shoes,1,66,0.3333333333333333,0.3333333333333333,,1.5151515151515151
case-85ec27f16b8d327c,gemma4:12b,no_rag,shoes,1,61,0.0,0.0,,0.0
case-85ec27f16b8d327c,gemma4:12b,rule_rag,shoes,1,59,0.25,0.25,,1.694915254237288
case-1d2737e23ac6b3f0,gemma4:12b,no_rag,shoes,1,66,0.0,0.0,,0.0
case-1d2737e23ac6b3f0,gemma4:12b,rule_rag,shoes,1,64,0.25,0.25,,1.5625
case-b5891b17e9582be0,gemma4:12b,no_rag,shoes,1,66,0.08333333333333333,0.08333333333333333,0.0,1.5151515151515151
case-b5891b17e9582be0,gemma4:12b,rule_rag,shoes,1,62,0.0,0.0,,0.0
case-463e926e9e99d9ba,gemma4:12b,no_rag,shoes,1,61,0.14285714285714285,0.14285714285714285,0.0,1.639344262295082
case-463e926e9e99d9ba,gemma4:12b,rule_rag,shoes,1,65,0.2,0.2,,1.5384615384615385
case-88b9c25feba9f990,gemma4:12b,no_rag,shoes,1,61,0.0,0.0,,0.0
case-88b9c25feba9f990,gemma4:12b,rule_rag,shoes,1,57,0.375,0.375,,5.2631578947368425
case-6623a3f06836eee0,gemma4:12b,no_rag,shoes,1,64,0.2857142857142857,0.2857142857142857,0.0,3.125
case-6623a3f06836eee0,gemma4:12b,rule_rag,shoes,1,59,0.0,0.0,,0.0
case-2f0037267d7a8d0c,gemma4:12b,no_rag,shoes,1,61,0.0,0.0,,0.0
case-2f0037267d7a8d0c,gemma4:12b,rule_rag,shoes,1,63,0.3333333333333333,0.3333333333333333,,1.5873015873015872
case-92a2f1b7ab2b53df,gemma4:12b,no_rag,shoes,1,67,0.0,0.0,0.0,0.0
case-92a2f1b7ab2b53df,gemma4:12b,rule_rag,shoes,1,65,0.0,0.0,0.0,0.0
case-aa08bbcd3047bb5d,gemma4:12b,no_rag,shoes,2,65,0.0,0.0,,0.0
case-aa08bbcd3047bb5d,gemma4:12b,rule_rag,shoes,2,67,0.2,0.2,,1.492537313432836
case-1162e8ed0ed6ad00,gemma4:12b,no_rag,shoes,1,64,0.0,0.0,,0.0
case-1162e8ed0ed6ad00,gemma4:12b,rule_rag,shoes,1,57,0.4,0.4,,3.508771929824561
case-0fe1a953b53776f6,gemma4:12b,no_rag,shoes,1,64,0.09090909090909091,0.09090909090909091,0.0,1.5625
case-0fe1a953b53776f6,gemma4:12b,rule_rag,shoes,1,64,0.0,0.0,,0.0
case-69c8d2739999d79e,gemma4:12b,no_rag,shoes,2,64,0.0,0.0,0.0,0.0
case-69c8d2739999d79e,gemma4:12b,rule_rag,shoes,2,65,0.8,0.8,,6.153846153846154
case-7755b461f4759928,gemma4:12b,no_rag,shoes,2,62,0.0,0.0,,0.0
case-7755b461f4759928,gemma4:12b,rule_rag,shoes,2,65,0.125,0.125,,1.5384615384615385
case-34e82ce878d9baa4,gemma4:12b,no_rag,shoes,1,64,0.0,0.0,,0.0
case-34e82ce878d9baa4,gemma4:12b,rule_rag,shoes,1,67,0.75,0.75,,4.477611940298507
case-f639be208463bed4,gemma4:12b,no_rag,shoes,1,68,0.0,0.0,0.0,0.0
case-f639be208463bed4,gemma4:12b,rule_rag,shoes,1,66,0.16666666666666666,0.16666666666666666,,1.5151515151515151
case-e6a8fdf54339470d,gemma4:12b,no_rag,shoes,2,64,0.2,0.2,0.0,1.5625
case-e6a8fdf54339470d,gemma4:12b,rule_rag,shoes,2,62,0.14285714285714285,0.14285714285714285,,1.6129032258064515
case-e4aa602db9064344,gemma4:12b,no_rag,shoes,1,63,0.2,0.2,0.0,1.5873015873015872
case-51d878f9301d9dc8,gemma4:12b,no_rag,shoes,1,65,0.0,0.0,,0.0
case-51d878f9301d9dc8,gemma4:12b,rule_rag,shoes,1,61,0.8,0.8,,6.557377049180328
case-f76e34c623249a09,gemma4:12b,no_rag,shoes,1,63,0.0,0.0,,0.0
case-f76e34c623249a09,gemma4:12b,rule_rag,shoes,1,64,0.5,0.5,,1.5625
case-0e09fa322e23031e,gemma4:12b,no_rag,shoes,1,63,0.0,0.0,0.0,0.0
case-0e09fa322e23031e,gemma4:12b,rule_rag,shoes,1,56,0.4,0.4,,3.5714285714285716
case-08f8cffdd1fd87da,gemma4:12b,no_rag,shoes,1,67,0.0,0.0,1.0,0.0
case-08f8cffdd1fd87da,gemma4:12b,rule_rag,shoes,1,61,0.6666666666666666,0.6666666666666666,,3.278688524590164
case-a6c8e1165603f25b,gemma4:12b,no_rag,shoes,1,68,0.0,0.0,,0.0
case-a6c8e1165603f25b,gemma4:12b,rule_rag,shoes,1,70,0.3333333333333333,0.3333333333333333,,1.4285714285714286
case-9a4db0d2e83d1695,gemma4:12b,no_rag,shoes,1,64,0.0,0.0,0.0,0.0
case-9a4db0d2e83d1695,gemma4:12b,rule_rag,shoes,1,59,0.16666666666666666,0.16666666666666666,,1.694915254237288
case-fb56ee8e6416e41d,gemma4:12b,no_rag,shoes,1,70,0.0,0.0,,0.0
case-fb56ee8e6416e41d,gemma4:12b,rule_rag,shoes,1,67,0.8,0.8,,5.970149253731344
case-04c0e19c3be2d124,gemma4:12b,no_rag,shoes,1,61,0.0,0.0,0.0,0.0
case-04c0e19c3be2d124,gemma4:12b,rule_rag,shoes,1,61,0.5,0.5,,3.278688524590164
case-e33bdbd28c008ec0,gemma4:12b,no_rag,shoes,1,62,0.0,0.0,,0.0
case-e33bdbd28c008ec0,gemma4:12b,rule_rag,shoes,1,68,0.16666666666666666,0.16666666666666666,,1.4705882352941178
case-8f1bdacb04e88d2b,gemma4:12b,no_rag,shoes,1,64,0.0,0.0,,0.0
case-8f1bdacb04e88d2b,gemma4:12b,rule_rag,shoes,1,62,0.3333333333333333,0.3333333333333333,,1.6129032258064515
case-7feb45a8ad29f57d,gemma4:12b,no_rag,shoes,1,63,0.0,0.0,,0.0
case-7feb45a8ad29f57d,gemma4:12b,rule_rag,shoes,1,57,0.14285714285714285,0.14285714285714285,,1.7543859649122806
case-f3ca09946f86f804,gemma4:12b,no_rag,shoes,1,64,0.0,0.0,,0.0
case-f3ca09946f86f804,gemma4:12b,rule_rag,shoes,1,63,0.14285714285714285,0.14285714285714285,,1.5873015873015872
case-049f4c3321d95a46,gemma4:12b,no_rag,shoes,2,63,0.0,0.0,,0.0
case-049f4c3321d95a46,gemma4:12b,rule_rag,shoes,2,64,0.2,0.2,,1.5625
case-78c921b2b4a5e544,gemma4:12b,no_rag,shoes,1,62,0.0,0.0,,0.0
case-78c921b2b4a5e544,gemma4:12b,rule_rag,shoes,1,64,0.42857142857142855,0.42857142857142855,,4.6875
case-fe4a41b4ad9d16ad,gemma4:12b,no_rag,shoes,1,65,0.0,0.0,0.0,0.0
case-fe4a41b4ad9d16ad,gemma4:12b,rule_rag,shoes,1,61,0.25,0.25,0.0,1.639344262295082
case-47e3067a52cd77f0,gemma4:12b,rule_rag,shoes,1,64,0.25,0.25,,1.5625
case-0a3210140612bf08,gemma4:12b,no_rag,shoes,1,57,0.0,0.0,,0.0
case-0a3210140612bf08,gemma4:12b,rule_rag,shoes,1,61,0.25,0.25,,1.639344262295082
case-fdec5e7905907833,gemma4:12b,no_rag,shoes,1,63,0.0,0.0,0.0,0.0
case-fdec5e7905907833,gemma4:12b,rule_rag,shoes,1,65,0.0,0.0,0.0,0.0
case-02eee18676b73841,gemma4:12b,no_rag,shoes,1,65,0.0,0.0,0.0,0.0
case-02eee18676b73841,gemma4:12b,rule_rag,shoes,1,61,0.25,0.25,,1.639344262295082
case-a2abde66a3c63ac6,gemma4:12b,no_rag,shoes,3,67,0.0,0.0,,0.0
case-a2abde66a3c63ac6,gemma4:12b,rule_rag,shoes,3,63,0.2,0.2,,1.5873015873015872
case-6cb5892c6dc29d30,gemma4:12b,no_rag,shoes,2,62,0.0,0.0,,0.0
case-6cb5892c6dc29d30,gemma4:12b,rule_rag,shoes,2,59,0.3333333333333333,0.3333333333333333,,1.694915254237288
case-a515187f2ac23d62,gemma4:12b,no_rag,shoes,1,66,0.0,0.0,0.0,0.0
case-a515187f2ac23d62,gemma4:12b,rule_rag,shoes,1,58,0.6666666666666666,0.6666666666666666,,3.4482758620689653
case-b3f16b5164e10b07,gemma4:12b,no_rag,shoes,2,61,0.0,0.0,,0.0
case-b3f16b5164e10b07,gemma4:12b,rule_rag,shoes,2,66,0.16666666666666666,0.16666666666666666,,1.5151515151515151
case-3088724ee56fe103,gemma4:12b,no_rag,shoes,1,63,0.0,0.0,,0.0
case-3088724ee56fe103,gemma4:12b,rule_rag,shoes,1,65,0.5,0.5,,3.076923076923077
case-4cb5d5d0a926a357,gemma4:12b,no_rag,shoes,1,62,0.0,0.0,,0.0
case-4cb5d5d0a926a357,gemma4:12b,rule_rag,shoes,1,61,0.6666666666666666,0.6666666666666666,,3.278688524590164
case-4513c5a5229f3cc8,gemma4:12b,no_rag,shoes,2,61,0.0,0.0,,0.0
case-4513c5a5229f3cc8,gemma4:12b,rule_rag,shoes,2,64,0.0,0.16666666666666666,,0.0
case-043797c4cb7dee57,gemma4:12b,no_rag,shoes,1,65,0.0,0.0,,0.0
case-043797c4cb7dee57,gemma4:12b,rule_rag,shoes,1,58,0.25,0.25,,1.7241379310344827
case-abbacc58433f8649,gemma4:12b,rule_rag,shoes,1,59,0.25,0.25,,1.694915254237288
case-2dd12213b1f6e303,gemma4:12b,no_rag,shoes,1,63,0.0,0.0,,0.0
case-2dd12213b1f6e303,gemma4:12b,rule_rag,shoes,1,63,0.25,0.25,,1.5873015873015872
case-80245b8e3a1f2eab,gemma4:12b,no_rag,shoes,1,57,0.0,0.0,,0.0
case-80245b8e3a1f2eab,gemma4:12b,rule_rag,shoes,1,65,0.14285714285714285,0.14285714285714285,,1.5384615384615385
case-fd0ea19a16542367,gemma4:12b,no_rag,shoes,1,63,0.0,0.0,,0.0
case-fd0ea19a16542367,gemma4:12b,rule_rag,shoes,1,60,0.0,0.0,,0.0
case-c8733bf42c735e40,gemma4:12b,no_rag,shoes,1,61,0.0,0.0,,0.0
case-c8733bf42c735e40,gemma4:12b,rule_rag,shoes,1,63,0.8333333333333334,0.8333333333333334,,7.936507936507937
case-b7db40718b1b1be4,gemma4:12b,no_rag,shoes,1,60,0.0,0.0,,0.0
case-b7db40718b1b1be4,gemma4:12b,rule_rag,shoes,1,62,0.25,0.25,,1.6129032258064515
case-df7d09d69117fd4e,gemma4:12b,no_rag,shoes,1,65,0.0,0.0,1.0,0.0
case-df7d09d69117fd4e,gemma4:12b,rule_rag,shoes,1,50,0.0,0.0,,0.0
case-e3e8650b6815c408,gemma4:12b,no_rag,shoes,1,59,0.14285714285714285,0.14285714285714285,0.0,3.389830508474576
case-e3e8650b6815c408,gemma4:12b,rule_rag,shoes,1,58,0.4,0.4,,3.4482758620689653
case-3a93baa047109f3a,gemma4:12b,no_rag,shoes,1,62,0.0,0.0,,0.0
case-3a93baa047109f3a,gemma4:12b,rule_rag,shoes,1,61,0.0,0.0,,0.0
case-be0abfcd0d857983,gemma4:12b,no_rag,shoes,2,66,0.0,0.0,,0.0
case-be0abfcd0d857983,gemma4:12b,rule_rag,shoes,2,64,0.6,0.6,,4.6875
case-0565bcc9faed41ed,gemma4:12b,no_rag,shoes,1,59,0.0,0.0,,0.0
case-0565bcc9faed41ed,gemma4:12b,rule_rag,shoes,1,66,0.16666666666666666,0.16666666666666666,,1.5151515151515151
case-be88815e58ac6c18,gemma4:12b,no_rag,shoes,1,59,0.0,0.0,,0.0
case-be88815e58ac6c18,gemma4:12b,rule_rag,shoes,1,65,0.2,0.2,,1.5384615384615385
case-296e6b19ae62c75d,gemma4:12b,no_rag,shoes,1,60,0.0,0.0,,0.0
case-296e6b19ae62c75d,gemma4:12b,rule_rag,shoes,1,58,0.0,0.0,,0.0
case-685c3cbd961f473e,gemma4:12b,no_rag,shoes,1,65,0.0,0.0,,0.0
case-685c3cbd961f473e,gemma4:12b,rule_rag,shoes,1,63,0.4,0.4,,3.1746031746031744
case-564c35fc5525c6d7,gemma4:12b,no_rag,shoes,1,66,0.0,0.0,,0.0
case-564c35fc5525c6d7,gemma4:12b,rule_rag,shoes,1,65,0.25,0.25,,1.5384615384615385
case-f9d36728095e2ded,gemma4:12b,no_rag,shoes,1,63,0.0,0.0,,0.0
case-f9d36728095e2ded,gemma4:12b,rule_rag,shoes,1,62,0.0,0.0,,0.0
case-8d25a0449f9ea874,gemma4:12b,no_rag,shoes,1,60,0.0,0.0,,0.0
case-8d25a0449f9ea874,gemma4:12b,rule_rag,shoes,1,59,0.25,0.25,,1.694915254237288
case-6eee33da7de7fca7,gemma4:12b,no_rag,shoes,1,64,0.1111111111111111,0.1111111111111111,0.0,1.5625
case-6eee33da7de7fca7,gemma4:12b,rule_rag,shoes,1,62,0.3333333333333333,0.3333333333333333,,1.6129032258064515
case-7720a8d795af6264,gemma4:12b,no_rag,shoes,1,64,0.0,0.0,,0.0
case-7720a8d795af6264,gemma4:12b,rule_rag,shoes,1,57,0.4,0.4,,3.508771929824561
case-01791dc765e6cf67,gemma4:12b,no_rag,shoes,1,55,0.0,0.0,,0.0
case-01791dc765e6cf67,gemma4:12b,rule_rag,shoes,1,66,0.0,0.0,,0.0
case-82f1e3e83b6b6a0c,gemma4:12b,no_rag,shoes,1,64,0.0,0.0,,0.0
case-82f1e3e83b6b6a0c,gemma4:12b,rule_rag,shoes,1,62,0.5,0.5,,3.225806451612903
case-6a432761da9c260a,gemma4:12b,rule_rag,shoes,1,63,0.25,0.25,,1.5873015873015872
case-8c53b0f615d3bd09,gemma4:12b,no_rag,shoes,1,61,0.0,0.0,0.0,0.0
case-8c53b0f615d3bd09,gemma4:12b,rule_rag,shoes,1,62,0.4,0.4,,3.225806451612903
case-bdc08581897cce21,gemma4:12b,no_rag,shoes,2,61,0.0,0.0,,0.0
case-bdc08581897cce21,gemma4:12b,rule_rag,shoes,2,65,0.2,0.2,,1.5384615384615385
case-70fbd8db87657a69,gemma4:12b,no_rag,shoes,1,67,0.09090909090909091,0.09090909090909091,0.0,1.492537313432836
case-70fbd8db87657a69,gemma4:12b,rule_rag,shoes,1,50,0.25,0.25,,2.0
case-dc4715aac3ac4b83,gemma4:12b,no_rag,shoes,1,63,0.0,0.0,0.0,0.0
case-dc4715aac3ac4b83,gemma4:12b,rule_rag,shoes,1,56,0.0,0.0,,0.0
case-f589d0b1915aa942,gemma4:12b,no_rag,shoes,1,68,0.0,0.0,,0.0
case-f589d0b1915aa942,gemma4:12b,rule_rag,shoes,1,53,1.0,1.0,,3.7735849056603774
case-e6475c6cbe86332f,gemma4:12b,no_rag,shoes,1,66,0.09090909090909091,0.09090909090909091,0.0,1.5151515151515151
case-e6475c6cbe86332f,gemma4:12b,rule_rag,shoes,1,65,0.4,0.4,,3.076923076923077
case-b2ac2a635ceee426,gemma4:12b,no_rag,shoes,1,61,0.0,0.0,,0.0
case-b2ac2a635ceee426,gemma4:12b,rule_rag,shoes,1,64,0.0,0.0,,0.0
case-d91b075c634f86a9,gemma4:12b,no_rag,shoes,1,63,0.0,0.0,0.0,0.0
case-d91b075c634f86a9,gemma4:12b,rule_rag,shoes,1,62,0.3333333333333333,0.3333333333333333,,1.6129032258064515
case-1acf945c74bef884,gemma4:12b,no_rag,shoes,1,65,0.0,0.0,,0.0
case-1acf945c74bef884,gemma4:12b,rule_rag,shoes,1,62,0.2,0.2,,1.6129032258064515
case-f456466d172dabc8,gemma4:12b,no_rag,shoes,1,63,0.0,0.0,,0.0
case-f456466d172dabc8,gemma4:12b,rule_rag,shoes,1,60,0.6,0.6,,5.0
case-698e3d5b9b81d0c0,gemma4:12b,no_rag,shoes,3,49,0.0,0.0,,0.0
case-698e3d5b9b81d0c0,gemma4:12b,rule_rag,shoes,3,63,0.0,0.0,,0.0
case-81d6a0988faa4591,gemma4:12b,no_rag,shoes,1,64,0.0,0.0,0.0,0.0
case-81d6a0988faa4591,gemma4:12b,rule_rag,shoes,1,65,0.25,0.25,,1.5384615384615385
case-de057b5453abd0b9,gemma4:12b,rule_rag,shoes,1,64,0.2,0.2,0.0,1.5625
case-45d14d02101f56a5,gemma4:12b,no_rag,outerwear,1,63,0.0,0.0,0.0,0.0
case-45d14d02101f56a5,gemma4:12b,rule_rag,outerwear,1,68,0.3333333333333333,0.3333333333333333,,1.4705882352941178
case-37ca5d93803056f1,gemma4:12b,no_rag,outerwear,1,65,0.0,0.0,,0.0
case-37ca5d93803056f1,gemma4:12b,rule_rag,outerwear,1,63,0.25,0.25,,1.5873015873015872
case-ba3567f28e01ac21,gemma4:12b,no_rag,outerwear,1,65,0.0,0.0,0.0,0.0
case-ba3567f28e01ac21,gemma4:12b,rule_rag,outerwear,1,63,0.25,0.25,,1.5873015873015872
case-6db25a2bd7a8df2c,gemma4:12b,no_rag,outerwear,2,61,0.0,0.0,,0.0
case-6db25a2bd7a8df2c,gemma4:12b,rule_rag,outerwear,2,64,0.0,0.0,,0.0
case-c3143592be34268f,gemma4:12b,no_rag,outerwear,1,65,0.0,0.0,,0.0
case-c3143592be34268f,gemma4:12b,rule_rag,outerwear,1,68,0.3333333333333333,0.3333333333333333,,1.4705882352941178
case-ad3f2e8805582409,gemma4:12b,no_rag,outerwear,2,64,0.0,0.0,,0.0
case-ad3f2e8805582409,gemma4:12b,rule_rag,outerwear,2,59,0.4,0.4,,3.389830508474576
case-8c96e47351a66444,gemma4:12b,no_rag,outerwear,3,67,0.0,0.0,,0.0
case-8c96e47351a66444,gemma4:12b,rule_rag,outerwear,3,66,0.0,0.0,,0.0
case-69f8aed48fa1dca1,gemma4:12b,no_rag,outerwear,2,66,0.4,0.4,0.0,3.0303030303030303
case-69f8aed48fa1dca1,gemma4:12b,rule_rag,outerwear,2,60,0.0,0.0,,0.0
case-ae074bb0015a3d75,gemma4:12b,no_rag,outerwear,1,67,0.0,0.0,,0.0
case-ae074bb0015a3d75,gemma4:12b,rule_rag,outerwear,1,64,0.3333333333333333,0.3333333333333333,,1.5625
case-1b29b19b84746cc8,gemma4:12b,no_rag,outerwear,1,60,0.0,0.0,,0.0
case-1b29b19b84746cc8,gemma4:12b,rule_rag,outerwear,1,58,0.7142857142857143,0.7142857142857143,,8.620689655172415
case-1f9625ec5b3bce19,gemma4:12b,no_rag,outerwear,1,65,0.0,0.0,,0.0
case-1f9625ec5b3bce19,gemma4:12b,rule_rag,outerwear,1,65,0.4,0.6,,3.076923076923077
case-dfb8333520da71d1,gemma4:12b,no_rag,outerwear,1,66,0.0,0.0,,0.0
case-dfb8333520da71d1,gemma4:12b,rule_rag,outerwear,1,65,0.25,0.25,,1.5384615384615385
case-aad581a28b4c003d,gemma4:12b,no_rag,outerwear,1,63,0.0,0.2,,0.0
case-aad581a28b4c003d,gemma4:12b,rule_rag,outerwear,1,65,0.2,0.2,,1.5384615384615385
case-fb5032d99e47b0e5,gemma4:12b,no_rag,outerwear,1,66,0.0,0.0,,0.0
case-fb5032d99e47b0e5,gemma4:12b,rule_rag,outerwear,1,62,0.0,0.0,0.0,0.0
case-880e065e37616656,gemma4:12b,no_rag,outerwear,1,65,0.0,0.0,,0.0
case-880e065e37616656,gemma4:12b,rule_rag,outerwear,1,63,0.2,0.2,,1.5873015873015872
case-80648b3e49a84db1,gemma4:12b,no_rag,outerwear,2,64,0.0,0.0,,0.0
case-80648b3e49a84db1,gemma4:12b,rule_rag,outerwear,2,56,0.3333333333333333,0.3333333333333333,,3.5714285714285716
case-34e705af854dd2fc,gemma4:12b,no_rag,outerwear,1,67,0.0,0.0,0.0,0.0
case-34e705af854dd2fc,gemma4:12b,rule_rag,outerwear,1,64,0.5,0.5,,4.6875
case-d9ba9bc0fcd90fbc,gemma4:12b,no_rag,outerwear,1,61,0.0,0.0,,0.0
case-4cedb91c2c64159c,gemma4:12b,no_rag,outerwear,1,58,0.0,0.0,,0.0
case-4cedb91c2c64159c,gemma4:12b,rule_rag,outerwear,1,61,0.2857142857142857,0.2857142857142857,,3.278688524590164
case-a73ea6f7d1868876,gemma4:12b,no_rag,outerwear,1,66,0.0,0.0,,0.0
case-a73ea6f7d1868876,gemma4:12b,rule_rag,outerwear,1,62,0.2,0.2,,1.6129032258064515
case-41f2e56595efb1ca,gemma4:12b,no_rag,outerwear,1,64,0.0,0.0,0.0,0.0
case-41f2e56595efb1ca,gemma4:12b,rule_rag,outerwear,1,63,0.5,0.5,,4.761904761904762
case-260981628aae3e9a,gemma4:12b,no_rag,outerwear,2,62,0.0,0.0,,0.0
case-260981628aae3e9a,gemma4:12b,rule_rag,outerwear,2,63,0.0,0.0,,0.0
case-4056d280137a90ec,gemma4:12b,no_rag,outerwear,1,66,0.0,0.0,,0.0
case-4056d280137a90ec,gemma4:12b,rule_rag,outerwear,1,65,0.16666666666666666,0.16666666666666666,,1.5384615384615385
case-e50129a7d6461ffe,gemma4:12b,no_rag,outerwear,2,65,0.0,0.0,,0.0
case-e50129a7d6461ffe,gemma4:12b,rule_rag,outerwear,2,58,0.75,0.75,,5.172413793103448
case-e4cf649abc96128d,gemma4:12b,no_rag,outerwear,1,59,0.0,0.0,,0.0
case-e4cf649abc96128d,gemma4:12b,rule_rag,outerwear,1,58,0.2,0.2,,1.7241379310344827
case-a4c7797664411475,gemma4:12b,no_rag,outerwear,1,63,0.0,0.0,,0.0
case-a4c7797664411475,gemma4:12b,rule_rag,outerwear,1,65,0.0,0.0,0.0,0.0
case-40e632bed4b2d24c,gemma4:12b,no_rag,outerwear,1,66,0.08333333333333333,0.08333333333333333,0.0,1.5151515151515151
case-40e632bed4b2d24c,gemma4:12b,rule_rag,outerwear,1,63,0.4,0.4,,3.1746031746031744
case-7fd5dbf7a1986752,gemma4:12b,no_rag,outerwear,2,60,0.0,0.0,,0.0
case-7fd5dbf7a1986752,gemma4:12b,rule_rag,outerwear,2,57,0.0,0.0,,0.0
case-03ef2447e81a3c05,gemma4:12b,no_rag,outerwear,2,67,0.0,0.0,,0.0
case-03ef2447e81a3c05,gemma4:12b,rule_rag,outerwear,2,58,0.0,0.0,1.0,0.0
case-efd92660d8a6453f,gemma4:12b,no_rag,outerwear,1,64,0.0,0.0,,0.0
case-efd92660d8a6453f,gemma4:12b,rule_rag,outerwear,1,62,0.5,0.5,,3.225806451612903
case-c6675b2abc9a33c8,gemma4:12b,no_rag,outerwear,1,66,0.0,0.0,,0.0
case-c6675b2abc9a33c8,gemma4:12b,rule_rag,outerwear,1,64,0.6666666666666666,0.6666666666666666,,6.25
case-4054549a8e5a8ae7,gemma4:12b,rule_rag,outerwear,1,67,0.2,0.2,,1.492537313432836
case-f23a4cac7ebd192c,gemma4:12b,no_rag,outerwear,2,59,0.0,0.0,,0.0
case-f23a4cac7ebd192c,gemma4:12b,rule_rag,outerwear,2,63,0.14285714285714285,0.14285714285714285,,1.5873015873015872
case-3f55321c82664d81,gemma4:12b,no_rag,outerwear,1,67,0.0,0.0,,0.0
case-3f55321c82664d81,gemma4:12b,rule_rag,outerwear,1,61,0.14285714285714285,0.14285714285714285,,1.639344262295082
case-89d817553eb87ae7,gemma4:12b,no_rag,outerwear,1,65,0.0,0.0,,0.0
case-89d817553eb87ae7,gemma4:12b,rule_rag,outerwear,1,56,0.0,0.0,,0.0
case-ada89b267ec582bf,gemma4:12b,no_rag,outerwear,1,64,0.0,0.0,,0.0
case-ada89b267ec582bf,gemma4:12b,rule_rag,outerwear,1,61,0.2,0.2,,1.639344262295082
case-b17e4f9154dfdade,gemma4:12b,no_rag,outerwear,1,66,0.0,0.0,,0.0
case-b17e4f9154dfdade,gemma4:12b,rule_rag,outerwear,1,68,0.0,0.0,0.0,0.0
case-5f664d1ed4ceb29f,gemma4:12b,no_rag,outerwear,2,62,0.0,0.0,,0.0
case-5f664d1ed4ceb29f,gemma4:12b,rule_rag,outerwear,2,63,0.6,0.6,,4.761904761904762
case-79b9dac1e486af78,gemma4:12b,no_rag,outerwear,1,65,0.0,0.0,0.0,0.0
case-79b9dac1e486af78,gemma4:12b,rule_rag,outerwear,1,55,0.2,0.2,,1.8181818181818181
case-2a2ec5d056dc89c6,gemma4:12b,no_rag,outerwear,1,66,0.0,0.0,,0.0
case-2a2ec5d056dc89c6,gemma4:12b,rule_rag,outerwear,1,65,0.25,0.25,,1.5384615384615385
case-0173bdb2934d615e,gemma4:12b,no_rag,outerwear,1,67,0.0,0.0,0.0,0.0
case-0173bdb2934d615e,gemma4:12b,rule_rag,outerwear,1,61,0.3333333333333333,0.3333333333333333,,1.639344262295082
case-14b7352b2d12f819,gemma4:12b,no_rag,outerwear,2,64,0.0,0.0,,0.0
case-14b7352b2d12f819,gemma4:12b,rule_rag,outerwear,2,62,0.4,0.4,,3.225806451612903
case-0c1644002e09f0a9,gemma4:12b,no_rag,outerwear,1,61,0.0,0.0,,0.0
case-0c1644002e09f0a9,gemma4:12b,rule_rag,outerwear,1,60,0.4,0.4,,3.3333333333333335
case-28797a81b6bbfaea,gemma4:12b,no_rag,outerwear,1,65,0.0,0.0,0.0,0.0
case-28797a81b6bbfaea,gemma4:12b,rule_rag,outerwear,1,67,0.25,0.25,,1.492537313432836
case-162553774c68df41,gemma4:12b,no_rag,outerwear,2,65,0.1,0.1,0.0,1.5384615384615385
case-162553774c68df41,gemma4:12b,rule_rag,outerwear,2,61,0.3333333333333333,0.3333333333333333,,1.639344262295082
case-5ec3d961036cff40,gemma4:12b,no_rag,outerwear,2,63,0.0,0.0,,0.0
case-5ec3d961036cff40,gemma4:12b,rule_rag,outerwear,2,52,0.0,0.0,,0.0
case-0e610afd8b819497,gemma4:12b,no_rag,outerwear,1,64,0.0,0.0,,0.0
case-0e610afd8b819497,gemma4:12b,rule_rag,outerwear,1,67,0.16666666666666666,0.16666666666666666,,1.492537313432836
case-35247481bc9f87aa,gemma4:12b,no_rag,outerwear,2,62,0.0,0.0,0.0,0.0
case-35247481bc9f87aa,gemma4:12b,rule_rag,outerwear,2,65,0.5,0.5,,1.5384615384615385
case-c84b7c490ea74db8,gemma4:12b,no_rag,outerwear,1,59,0.0,0.0,,0.0
case-c84b7c490ea74db8,gemma4:12b,rule_rag,outerwear,1,62,0.14285714285714285,0.14285714285714285,,1.6129032258064515
case-5d62b571a35bd590,gemma4:12b,no_rag,outerwear,1,61,0.0,0.0,,0.0
case-5d62b571a35bd590,gemma4:12b,rule_rag,outerwear,1,62,0.3333333333333333,0.3333333333333333,,1.6129032258064515
case-f7ca55167b175bf6,gemma4:12b,rule_rag,outerwear,1,58,0.0,0.0,,0.0
case-f8ffd6d71a270252,gemma4:12b,no_rag,outerwear,1,63,0.0,0.0,,0.0
case-f8ffd6d71a270252,gemma4:12b,rule_rag,outerwear,1,63,0.3333333333333333,0.3333333333333333,,3.1746031746031744
case-a047521daeb33818,gemma4:12b,no_rag,outerwear,1,64,0.0,0.0,,0.0
case-a047521daeb33818,gemma4:12b,rule_rag,outerwear,1,60,0.0,0.0,,0.0
case-1f56a1ea393cad23,gemma4:12b,no_rag,outerwear,1,64,0.0,0.0,,0.0
case-1f56a1ea393cad23,gemma4:12b,rule_rag,outerwear,1,65,0.3333333333333333,0.3333333333333333,,3.076923076923077
case-5d8b3869ab217327,gemma4:12b,no_rag,outerwear,1,60,0.0,0.0,0.0,0.0
case-5d8b3869ab217327,gemma4:12b,rule_rag,outerwear,1,62,0.0,0.0,0.0,0.0
case-fe4d5e37a3af844b,gemma4:12b,no_rag,outerwear,1,63,0.0,0.0,0.0,0.0
case-fe4d5e37a3af844b,gemma4:12b,rule_rag,outerwear,1,65,0.25,0.25,0.0,1.5384615384615385
case-eae9d40b3c26eb1f,gemma4:12b,no_rag,outerwear,1,61,0.0,0.0,,0.0
case-eae9d40b3c26eb1f,gemma4:12b,rule_rag,outerwear,1,65,0.2,0.2,,1.5384615384615385
case-82376f78fb26f2d7,gemma4:12b,no_rag,outerwear,1,64,0.0,0.0,,0.0
case-82376f78fb26f2d7,gemma4:12b,rule_rag,outerwear,1,58,0.4,0.4,,3.4482758620689653
case-dde11f06d79c8f8b,gemma4:12b,no_rag,outerwear,2,64,0.0,0.0,,0.0
case-dde11f06d79c8f8b,gemma4:12b,rule_rag,outerwear,2,64,0.0,0.16666666666666666,,0.0
case-eb837537afb53719,gemma4:12b,no_rag,outerwear,2,61,0.0,0.0,0.0,0.0
case-eb837537afb53719,gemma4:12b,rule_rag,outerwear,2,55,0.5,0.5,,1.8181818181818181
case-3b372de1e59de7e3,gemma4:12b,no_rag,outerwear,1,68,0.0,0.0,,0.0
case-3b372de1e59de7e3,gemma4:12b,rule_rag,outerwear,1,59,0.25,0.25,,1.694915254237288
case-87d568be3364da41,gemma4:12b,no_rag,outerwear,3,63,0.0,0.0,,0.0
case-87d568be3364da41,gemma4:12b,rule_rag,outerwear,3,66,0.08333333333333333,0.08333333333333333,,1.5151515151515151
case-0b262dcd5d6c39a4,gemma4:12b,no_rag,outerwear,2,64,0.0,0.0,,0.0
case-0b262dcd5d6c39a4,gemma4:12b,rule_rag,outerwear,2,61,0.5,0.5,,1.639344262295082
case-08579e6c896be310,gemma4:12b,no_rag,outerwear,2,63,0.0,0.0,,0.0
case-08579e6c896be310,gemma4:12b,rule_rag,outerwear,2,54,0.6666666666666666,0.6666666666666666,,3.7037037037037037
case-a70c54680aa27909,gemma4:12b,no_rag,outerwear,2,61,0.0,0.0,,0.0
case-a70c54680aa27909,gemma4:12b,rule_rag,outerwear,2,56,0.3333333333333333,0.3333333333333333,,1.7857142857142858
case-9e7bbf7fb677ace5,gemma4:12b,no_rag,outerwear,1,69,0.0,0.0,,0.0
case-9e7bbf7fb677ace5,gemma4:12b,rule_rag,outerwear,1,67,0.5,0.5,,2.985074626865672
case-74660e9ba52c9cfa,gemma4:12b,no_rag,outerwear,1,64,0.14285714285714285,0.14285714285714285,,1.5625
case-74660e9ba52c9cfa,gemma4:12b,rule_rag,outerwear,1,69,0.3333333333333333,0.3333333333333333,,1.4492753623188406
case-de3163b7018d75ee,gemma4:12b,no_rag,outerwear,1,65,0.0,0.0,,0.0
case-de3163b7018d75ee,gemma4:12b,rule_rag,outerwear,1,57,0.25,0.25,,1.7543859649122806
case-cf4175b42222defb,gemma4:12b,no_rag,outerwear,1,63,0.0,0.0,,0.0
case-cf4175b42222defb,gemma4:12b,rule_rag,outerwear,1,66,0.2857142857142857,0.2857142857142857,,3.0303030303030303
case-b6a634f1b3ff7f97,gemma4:12b,no_rag,outerwear,1,64,0.0,0.0,,0.0
case-b6a634f1b3ff7f97,gemma4:12b,rule_rag,outerwear,1,63,0.16666666666666666,0.16666666666666666,,1.5873015873015872
case-d33b8ae29039eeb2,gemma4:12b,no_rag,outerwear,2,67,0.0,0.0,,0.0
case-d33b8ae29039eeb2,gemma4:12b,rule_rag,outerwear,2,57,0.0,0.0,,0.0
case-f0190ff9482ff327,gemma4:12b,no_rag,outerwear,1,58,0.0,0.0,,0.0
case-f0190ff9482ff327,gemma4:12b,rule_rag,outerwear,1,64,0.16666666666666666,0.16666666666666666,,1.5625
case-84493325ca805eea,gemma4:12b,no_rag,outerwear,1,62,0.0,0.0,,0.0
case-84493325ca805eea,gemma4:12b,rule_rag,outerwear,1,58,0.25,0.25,,1.7241379310344827
case-dc14b267771cc49d,gemma4:12b,no_rag,outerwear,1,65,0.0,0.0,0.0,0.0
case-dc14b267771cc49d,gemma4:12b,rule_rag,outerwear,1,67,0.25,0.25,,1.492537313432836
case-21a63fff9a220bba,gemma4:12b,no_rag,outerwear,1,65,0.0,0.0,,0.0
case-21a63fff9a220bba,gemma4:12b,rule_rag,outerwear,1,67,0.4,0.4,,5.970149253731344
case-a0dd3c75a186f3c0,gemma4:12b,no_rag,outerwear,1,65,0.0,0.0,,0.0
case-a0dd3c75a186f3c0,gemma4:12b,rule_rag,outerwear,1,66,0.25,0.25,,1.5151515151515151
case-fa9a66e63bb75f63,gemma4:12b,no_rag,outerwear,1,67,0.0,0.0,,0.0
case-fa9a66e63bb75f63,gemma4:12b,rule_rag,outerwear,1,61,0.25,0.25,,1.639344262295082
case-f2933aca4d414359,gemma4:12b,no_rag,outerwear,2,67,0.0,0.0,,0.0
case-f2933aca4d414359,gemma4:12b,rule_rag,outerwear,2,56,0.0,0.0,0.0,0.0
case-45c30cf3d7826943,gemma4:12b,no_rag,outerwear,2,57,0.0,0.0,,0.0
case-45c30cf3d7826943,gemma4:12b,rule_rag,outerwear,2,62,0.0,0.0,,0.0
case-0216651fe59b29df,gemma4:12b,no_rag,outerwear,1,62,0.0,0.0,,0.0
case-0216651fe59b29df,gemma4:12b,rule_rag,outerwear,1,60,0.0,0.0,,0.0
case-414a1eee02ee8a9d,gemma4:12b,no_rag,outerwear,1,67,0.2,0.2,0.0,1.492537313432836
case-414a1eee02ee8a9d,gemma4:12b,rule_rag,outerwear,1,68,0.5,0.5,,2.9411764705882355
case-7ea95ebc5127fcf9,gemma4:12b,no_rag,outerwear,1,65,0.0,0.0,,0.0
case-7ea95ebc5127fcf9,gemma4:12b,rule_rag,outerwear,1,49,0.6666666666666666,0.6666666666666666,,8.16326530612245
case-6a01b6ffd8a5b72e,gemma4:12b,rule_rag,outerwear,1,59,0.14285714285714285,0.14285714285714285,0.0,1.694915254237288
case-721d857c59b20626,gemma4:12b,no_rag,outerwear,1,62,0.0,0.0,,0.0
case-721d857c59b20626,gemma4:12b,rule_rag,outerwear,1,61,0.75,0.75,,4.918032786885246
case-d72ad0cefad4fa7c,gemma4:12b,no_rag,outerwear,1,62,0.0,0.0,,0.0
case-d72ad0cefad4fa7c,gemma4:12b,rule_rag,outerwear,1,60,0.2,0.2,,1.6666666666666667
case-9b80d90c3771b1ab,gemma4:12b,no_rag,outerwear,1,67,0.0,0.0,0.0,0.0
case-9b80d90c3771b1ab,gemma4:12b,rule_rag,outerwear,1,63,0.125,0.125,,1.5873015873015872
case-3219c5f313052a17,gemma4:12b,no_rag,outerwear,1,59,0.0,0.0,,0.0
case-3219c5f313052a17,gemma4:12b,rule_rag,outerwear,1,66,0.2,0.2,,1.5151515151515151
case-0e732fb05fe127b8,gemma4:12b,no_rag,outerwear,1,68,0.0,0.0,,0.0
case-0e732fb05fe127b8,gemma4:12b,rule_rag,outerwear,1,64,0.5714285714285714,0.5714285714285714,,6.25
case-0c5484cde5027e15,gemma4:12b,no_rag,outerwear,1,64,0.0,0.0,,0.0
case-0c5484cde5027e15,gemma4:12b,rule_rag,outerwear,1,50,0.4,0.4,,4.0
case-3a6c86c940652fe6,gemma4:12b,no_rag,outerwear,3,61,0.0,0.0,,0.0
case-3a6c86c940652fe6,gemma4:12b,rule_rag,outerwear,3,65,0.6666666666666666,0.6666666666666666,,3.076923076923077
case-b8c19d6762d091d5,gemma4:12b,no_rag,outerwear,3,67,0.0,0.0,,0.0
case-b8c19d6762d091d5,gemma4:12b,rule_rag,outerwear,3,65,0.4,0.4,,3.076923076923077
case-b623c66c46f04438,gemma4:12b,no_rag,outerwear,1,68,0.0,0.0,0.0,0.0
case-b623c66c46f04438,gemma4:12b,rule_rag,outerwear,1,63,0.16666666666666666,0.16666666666666666,,1.5873015873015872
case-c45f7e5cc14de96b,gemma4:12b,no_rag,outerwear,1,63,0.0,0.0,,0.0
case-c45f7e5cc14de96b,gemma4:12b,rule_rag,outerwear,1,59,0.2,0.2,,1.694915254237288
case-88012cb7f6afca63,gemma4:12b,no_rag,outerwear,2,68,0.0,0.0,,0.0
case-88012cb7f6afca63,gemma4:12b,rule_rag,outerwear,2,56,0.6,0.6,,5.357142857142857
case-cb88fa6460eba1c4,gemma4:12b,no_rag,outerwear,2,65,0.0,0.0,,0.0
case-cb88fa6460eba1c4,gemma4:12b,rule_rag,outerwear,2,65,0.3333333333333333,0.3333333333333333,,1.5384615384615385
case-69720234f8b00d88,gemma4:12b,no_rag,outerwear,1,66,0.0,0.0,,0.0
case-69720234f8b00d88,gemma4:12b,rule_rag,outerwear,1,59,0.16666666666666666,0.16666666666666666,,1.694915254237288
case-4fefdf24a68b89c7,gemma4:12b,no_rag,outerwear,1,59,0.0,0.0,,0.0
case-4fefdf24a68b89c7,gemma4:12b,rule_rag,outerwear,1,57,0.0,0.0,,0.0
case-387b5c3c187dc9e5,gemma4:12b,no_rag,outerwear,1,62,0.0,0.0,,0.0
case-387b5c3c187dc9e5,gemma4:12b,rule_rag,outerwear,1,64,0.0,0.0,,0.0
case-eecf57d0129b6729,gemma4:12b,no_rag,outerwear,2,59,0.16666666666666666,0.16666666666666666,,1.694915254237288
case-eecf57d0129b6729,gemma4:12b,rule_rag,outerwear,2,65,0.0,0.0,,0.0
case-da5e8a8783a81611,gemma4:12b,no_rag,outerwear,1,65,0.0,0.0,,0.0
case-da5e8a8783a81611,gemma4:12b,rule_rag,outerwear,1,58,0.0,0.0,,0.0
case-ed465659b2d28ba7,gemma4:12b,no_rag,bags,1,65,0.0,0.0,0.0,0.0
case-ed465659b2d28ba7,gemma4:12b,rule_rag,bags,1,64,0.3333333333333333,0.3333333333333333,,1.5625
case-45adf9f5cc53f44e,gemma4:12b,no_rag,bags,1,67,0.0,0.0,,0.0
case-45adf9f5cc53f44e,gemma4:12b,rule_rag,bags,1,56,0.6666666666666666,0.6666666666666666,,3.5714285714285716
case-2329e43c1f95d833,gemma4:12b,no_rag,bags,1,63,0.2,0.2,,1.5873015873015872
case-2329e43c1f95d833,gemma4:12b,rule_rag,bags,1,64,0.25,0.25,,1.5625
case-b60b460e7c8a1415,gemma4:12b,no_rag,bags,1,67,0.0,0.0,,0.0
case-b60b460e7c8a1415,gemma4:12b,rule_rag,bags,1,70,0.6666666666666666,0.6666666666666666,,2.857142857142857
case-402050210c12fc18,gemma4:12b,no_rag,bags,1,62,0.0,0.0,0.0,0.0
case-402050210c12fc18,gemma4:12b,rule_rag,bags,1,59,0.5,0.5,0.0,3.389830508474576
case-b1233900f3207045,gemma4:12b,no_rag,bags,1,63,0.2222222222222222,0.2222222222222222,0.0,3.1746031746031744
case-b1233900f3207045,gemma4:12b,rule_rag,bags,1,65,0.0,0.0,0.0,0.0
case-8cbc521b744b945d,gemma4:12b,no_rag,bags,1,69,0.0,0.0,,0.0
case-8cbc521b744b945d,gemma4:12b,rule_rag,bags,1,63,0.25,0.25,,1.5873015873015872
case-e5e81d227b73dbf2,gemma4:12b,no_rag,bags,1,60,0.0,0.0,,0.0
case-e5e81d227b73dbf2,gemma4:12b,rule_rag,bags,1,57,0.42857142857142855,0.42857142857142855,,5.2631578947368425
case-9e44a7b05917d5b8,gemma4:12b,no_rag,bags,1,61,0.0,0.0,,0.0
case-9e44a7b05917d5b8,gemma4:12b,rule_rag,bags,1,60,0.25,0.25,,1.6666666666666667
case-645431198b322bb7,gemma4:12b,no_rag,bags,1,61,0.3333333333333333,0.3333333333333333,,1.639344262295082
case-645431198b322bb7,gemma4:12b,rule_rag,bags,1,60,0.0,0.0,,0.0
case-ba8022d57a581386,gemma4:12b,no_rag,bags,1,67,0.5,0.5,,2.985074626865672
case-ba8022d57a581386,gemma4:12b,rule_rag,bags,1,67,0.0,0.0,,0.0
case-9028ec514732880f,gemma4:12b,no_rag,bags,1,63,0.0,0.0,,0.0
case-9028ec514732880f,gemma4:12b,rule_rag,bags,1,67,0.4,0.4,,2.985074626865672
case-e4cf2bf6d0aed2c7,gemma4:12b,no_rag,bags,2,59,0.0,0.0,,0.0
case-e4cf2bf6d0aed2c7,gemma4:12b,rule_rag,bags,2,65,0.3333333333333333,0.3333333333333333,,1.5384615384615385
case-cccc6d3f8efab00d,gemma4:12b,no_rag,bags,2,72,0.0,0.0,,0.0
case-cccc6d3f8efab00d,gemma4:12b,rule_rag,bags,2,66,0.0,0.0,,0.0
case-4758f4873e0ee799,gemma4:12b,no_rag,bags,2,65,0.0,0.0,,0.0
case-4758f4873e0ee799,gemma4:12b,rule_rag,bags,2,65,0.0,0.0,,0.0
case-53a4758c0e8ecd58,gemma4:12b,no_rag,bags,1,65,0.18181818181818182,0.18181818181818182,0.0,3.076923076923077
case-53a4758c0e8ecd58,gemma4:12b,rule_rag,bags,1,64,0.3333333333333333,0.3333333333333333,,1.5625
case-4111a07241e7e7be,gemma4:12b,no_rag,bags,2,65,0.0,0.0,,0.0
case-4111a07241e7e7be,gemma4:12b,rule_rag,bags,2,60,0.5,0.5,,3.3333333333333335
case-5779f1937844ea96,gemma4:12b,no_rag,bags,1,63,0.0,0.0,,0.0
case-5779f1937844ea96,gemma4:12b,rule_rag,bags,1,58,0.2,0.2,,1.7241379310344827
case-0cf08d1b57986cc4,gemma4:12b,no_rag,bags,1,68,0.0,0.0,,0.0
case-0cf08d1b57986cc4,gemma4:12b,rule_rag,bags,1,65,0.2,0.2,0.0,1.5384615384615385
case-f4ac372b14ce4136,gemma4:12b,no_rag,bags,1,61,0.0,0.0,,0.0
case-f4ac372b14ce4136,gemma4:12b,rule_rag,bags,1,57,0.5,0.5,,1.7543859649122806
case-67c6998df1f930ae,gemma4:12b,no_rag,bags,1,69,0.0,0.0,,0.0
case-67c6998df1f930ae,gemma4:12b,rule_rag,bags,1,63,0.0,0.0,,0.0
case-b037c9fc62dbf352,gemma4:12b,no_rag,bags,1,67,0.0,0.0,,0.0
case-b037c9fc62dbf352,gemma4:12b,rule_rag,bags,1,65,0.2,0.2,,1.5384615384615385
case-41b19503ef1947ed,gemma4:12b,no_rag,bags,2,66,0.0,0.0,,0.0
case-41b19503ef1947ed,gemma4:12b,rule_rag,bags,2,64,0.0,0.0,,0.0
case-d8730b5bc0b68e64,gemma4:12b,no_rag,bags,3,64,0.0,0.0,,0.0
case-d8730b5bc0b68e64,gemma4:12b,rule_rag,bags,3,71,0.25,0.25,,1.408450704225352
case-3be1225fa67be46e,gemma4:12b,no_rag,bags,5,65,0.375,0.375,0.0,4.615384615384615
case-3be1225fa67be46e,gemma4:12b,rule_rag,bags,5,64,0.5,0.5,,3.125
case-3eb40c68f1ff916e,gemma4:12b,rule_rag,bags,1,65,0.16666666666666666,0.16666666666666666,,1.5384615384615385
case-3dd083e2ddff706c,gemma4:12b,no_rag,bags,1,66,0.0,0.0,0.0,0.0
case-3dd083e2ddff706c,gemma4:12b,rule_rag,bags,1,62,0.0,0.0,0.0,0.0
case-4f6d832d666d2d76,gemma4:12b,no_rag,bags,2,62,0.0,0.0,,0.0
case-4f6d832d666d2d76,gemma4:12b,rule_rag,bags,2,67,0.3333333333333333,0.3333333333333333,,1.492537313432836
case-379b8e3aaf19ff9a,gemma4:12b,no_rag,bags,1,64,0.0,0.0,,0.0
case-379b8e3aaf19ff9a,gemma4:12b,rule_rag,bags,1,62,0.75,0.75,,4.838709677419355
case-9191aa71073cdd07,gemma4:12b,no_rag,bags,1,66,0.0,0.0,,0.0
case-9191aa71073cdd07,gemma4:12b,rule_rag,bags,1,55,0.0,0.0,,0.0
case-407c89e927b9e857,gemma4:12b,no_rag,bags,2,62,0.0,0.0,,0.0
case-407c89e927b9e857,gemma4:12b,rule_rag,bags,2,64,0.2,0.2,,1.5625
case-b085a2007e479de4,gemma4:12b,no_rag,bags,1,65,0.0,0.0,,0.0
case-b085a2007e479de4,gemma4:12b,rule_rag,bags,1,57,0.25,0.25,,1.7543859649122806
case-9f9ab290e71396f1,gemma4:12b,no_rag,bags,1,63,0.0,0.0,,0.0
case-9f9ab290e71396f1,gemma4:12b,rule_rag,bags,1,58,0.25,0.25,,1.7241379310344827
case-144767dc6e2b0cde,gemma4:12b,no_rag,bags,1,66,0.0,0.0,,0.0
case-144767dc6e2b0cde,gemma4:12b,rule_rag,bags,1,59,0.14285714285714285,0.14285714285714285,,1.694915254237288
case-d0140f16bf394914,gemma4:12b,no_rag,bags,2,65,0.0,0.0,,0.0
case-d0140f16bf394914,gemma4:12b,rule_rag,bags,2,65,0.5454545454545454,0.5454545454545454,0.0,9.23076923076923
case-a8a9b3bec9d6fc20,gemma4:12b,no_rag,bags,2,68,0.0,0.0,,0.0
case-a8a9b3bec9d6fc20,gemma4:12b,rule_rag,bags,2,64,0.2857142857142857,0.2857142857142857,0.0,3.125
case-e8681adc824f3196,gemma4:12b,no_rag,bags,2,63,0.2,0.2,0.0,1.5873015873015872
case-e8681adc824f3196,gemma4:12b,rule_rag,bags,2,67,0.5,0.5,,2.985074626865672
case-f3492c1f8397e32e,gemma4:12b,no_rag,bags,1,66,0.0,0.0,,0.0
case-f3492c1f8397e32e,gemma4:12b,rule_rag,bags,1,64,0.0,0.0,,0.0
case-d08ee46581417121,gemma4:12b,no_rag,bags,1,64,0.0,0.0,,0.0
case-d08ee46581417121,gemma4:12b,rule_rag,bags,1,64,0.5,0.5,,4.6875
case-c3a0bf452a50d600,gemma4:12b,no_rag,bags,1,62,0.0,0.0,,0.0
case-c3a0bf452a50d600,gemma4:12b,rule_rag,bags,1,57,0.3333333333333333,0.3333333333333333,,3.508771929824561
case-e2e32d77f07807ca,gemma4:12b,no_rag,bags,2,67,0.0,0.0,,0.0
case-e2e32d77f07807ca,gemma4:12b,rule_rag,bags,2,65,0.2,0.2,,1.5384615384615385
case-051b60b8ffa574ab,gemma4:12b,no_rag,bags,1,57,0.0,0.0,,0.0
case-051b60b8ffa574ab,gemma4:12b,rule_rag,bags,1,68,0.0,0.0,,0.0
case-0f21fb9ebf941daa,gemma4:12b,no_rag,bags,1,66,0.0,0.0,,0.0
case-0f21fb9ebf941daa,gemma4:12b,rule_rag,bags,1,60,0.0,0.0,,0.0
case-ed912d244f3f932b,gemma4:12b,no_rag,bags,2,61,0.0,0.0,,0.0
case-ed912d244f3f932b,gemma4:12b,rule_rag,bags,2,55,0.5,0.5,,1.8181818181818181
case-9c2513a91d9d2dc1,gemma4:12b,no_rag,bags,1,66,0.0,0.0,,0.0
case-9c2513a91d9d2dc1,gemma4:12b,rule_rag,bags,1,67,0.4,0.4,,2.985074626865672
case-d327576807f09afc,gemma4:12b,no_rag,bags,1,67,0.0,0.0,,0.0
case-d327576807f09afc,gemma4:12b,rule_rag,bags,1,69,0.6666666666666666,0.6666666666666666,,2.898550724637681
case-5f37164cb86235fd,gemma4:12b,no_rag,bags,1,65,0.0,0.0,,0.0
case-5f37164cb86235fd,gemma4:12b,rule_rag,bags,1,61,0.3333333333333333,0.3333333333333333,,1.639344262295082
case-9cdfb15673951b1f,gemma4:12b,no_rag,bags,2,66,0.0,0.0,,0.0
case-9cdfb15673951b1f,gemma4:12b,rule_rag,bags,2,65,0.0,0.0,,0.0
case-5d45076ad4db3f96,gemma4:12b,no_rag,bags,1,64,0.0,0.0,,0.0
case-5d45076ad4db3f96,gemma4:12b,rule_rag,bags,1,57,0.3333333333333333,0.3333333333333333,,1.7543859649122806
case-38d9daf56c8a259d,gemma4:12b,no_rag,bags,2,65,0.0,0.0,,0.0
case-38d9daf56c8a259d,gemma4:12b,rule_rag,bags,2,65,0.3333333333333333,0.3333333333333333,,3.076923076923077
case-6c5e1609dbb6eae0,gemma4:12b,no_rag,bags,2,65,0.0,0.0,,0.0
case-6c5e1609dbb6eae0,gemma4:12b,rule_rag,bags,2,67,0.0,0.0,0.0,0.0
case-92dc09e7ba228fbd,gemma4:12b,no_rag,bags,2,60,0.0,0.0,,0.0
case-92dc09e7ba228fbd,gemma4:12b,rule_rag,bags,2,64,0.25,0.25,,1.5625
case-406ef596570d5195,gemma4:12b,no_rag,bags,2,65,0.0,0.0,,0.0
case-406ef596570d5195,gemma4:12b,rule_rag,bags,2,63,0.5,0.5,,3.1746031746031744
case-1ef79624a6769a14,gemma4:12b,no_rag,bags,2,64,0.0,0.0,,0.0
case-1ef79624a6769a14,gemma4:12b,rule_rag,bags,2,63,0.4,0.4,,3.1746031746031744
case-861fbfd66c1db78e,gemma4:12b,no_rag,bags,2,65,0.0,0.0,,0.0
case-861fbfd66c1db78e,gemma4:12b,rule_rag,bags,2,70,0.6,0.6,,4.285714285714286
case-82497394371f880d,gemma4:12b,no_rag,bags,2,59,0.0,0.0,,0.0
case-82497394371f880d,gemma4:12b,rule_rag,bags,2,67,0.4,0.4,,2.985074626865672
case-776fde673d514594,gemma4:12b,no_rag,bags,1,68,0.125,0.125,,1.4705882352941178
case-776fde673d514594,gemma4:12b,rule_rag,bags,1,61,0.75,0.75,0.0,9.836065573770492
case-681f473ec49877ad,gemma4:12b,no_rag,bags,1,67,0.0,0.0,,0.0
case-681f473ec49877ad,gemma4:12b,rule_rag,bags,1,61,0.2,0.2,,1.639344262295082
case-95aa186e95b8252d,gemma4:12b,no_rag,bags,1,64,0.0,0.0,,0.0
case-95aa186e95b8252d,gemma4:12b,rule_rag,bags,1,62,0.2,0.2,,1.6129032258064515
case-953fde98d1e16d32,gemma4:12b,no_rag,bags,1,67,0.0,0.0,,0.0
case-953fde98d1e16d32,gemma4:12b,rule_rag,bags,1,57,0.2857142857142857,0.2857142857142857,,3.508771929824561
case-39ea475eb27ebcb7,gemma4:12b,no_rag,bags,1,60,0.5,0.5,,6.666666666666667
case-39ea475eb27ebcb7,gemma4:12b,rule_rag,bags,1,62,0.25,0.25,,1.6129032258064515
case-5188b28e55707a58,gemma4:12b,no_rag,bags,1,59,0.0,0.0,,0.0
case-5188b28e55707a58,gemma4:12b,rule_rag,bags,1,67,0.16666666666666666,0.16666666666666666,,1.492537313432836
case-408f75421d71ce1c,gemma4:12b,no_rag,bags,1,67,0.0,0.0,,0.0
case-408f75421d71ce1c,gemma4:12b,rule_rag,bags,1,64,0.25,0.25,,1.5625
case-7e2813816192d597,gemma4:12b,no_rag,bags,2,64,0.0,0.0,,0.0
case-7e2813816192d597,gemma4:12b,rule_rag,bags,2,69,0.6,0.6,,4.3478260869565215
case-d48012afabfc541c,gemma4:12b,no_rag,bags,1,61,0.0,0.0,,0.0
case-d48012afabfc541c,gemma4:12b,rule_rag,bags,1,65,0.14285714285714285,0.14285714285714285,,1.5384615384615385
case-64e7395e07e61a9d,gemma4:12b,no_rag,bags,1,66,0.0,0.0,,0.0
case-64e7395e07e61a9d,gemma4:12b,rule_rag,bags,1,64,0.2,0.2,0.0,1.5625
case-0c8fe6d54112ca26,gemma4:12b,no_rag,bags,1,66,0.0,0.0,,0.0
case-0c8fe6d54112ca26,gemma4:12b,rule_rag,bags,1,52,0.0,0.0,,0.0
case-f906a1612d7bfaf4,gemma4:12b,no_rag,bags,2,60,0.0,0.0,,0.0
case-f906a1612d7bfaf4,gemma4:12b,rule_rag,bags,2,60,0.16666666666666666,0.16666666666666666,0.0,1.6666666666666667
case-7669e4ccfa55bdb9,gemma4:12b,no_rag,bags,1,69,0.0,0.0,,0.0
case-7669e4ccfa55bdb9,gemma4:12b,rule_rag,bags,1,60,0.25,0.25,,1.6666666666666667
case-e3b7ada098e4e660,gemma4:12b,no_rag,bags,1,60,0.0,0.0,,0.0
case-e3b7ada098e4e660,gemma4:12b,rule_rag,bags,1,62,0.25,0.25,,1.6129032258064515
case-0cac5b9e1c55b529,gemma4:12b,no_rag,bags,2,63,0.0,0.0,,0.0
case-0cac5b9e1c55b529,gemma4:12b,rule_rag,bags,2,66,0.5,0.5,,3.0303030303030303
case-97d49b42c7a1c1ea,gemma4:12b,rule_rag,bags,2,66,0.0,0.0,,0.0
case-941b6898c1efe7f7,gemma4:12b,no_rag,bags,1,60,0.0,0.0,,0.0
case-941b6898c1efe7f7,gemma4:12b,rule_rag,bags,1,62,0.25,0.25,,1.6129032258064515
case-c6ac63bc155a7ef3,gemma4:12b,no_rag,bags,1,61,0.0,0.0,,0.0
case-c6ac63bc155a7ef3,gemma4:12b,rule_rag,bags,1,64,0.0,0.0,,0.0
case-664b08b67fb50a5b,gemma4:12b,no_rag,bags,1,61,0.3333333333333333,0.3333333333333333,,1.639344262295082
case-664b08b67fb50a5b,gemma4:12b,rule_rag,bags,1,64,0.25,0.25,,1.5625
case-4e70ab460f6ed638,gemma4:12b,no_rag,bags,1,67,0.0,0.0,,0.0
case-4e70ab460f6ed638,gemma4:12b,rule_rag,bags,1,59,0.25,0.25,,1.694915254237288
case-d8aadaa848419451,gemma4:12b,no_rag,bags,2,64,0.0,0.0,,0.0
case-d8aadaa848419451,gemma4:12b,rule_rag,bags,2,64,0.0,0.25,,0.0
case-a2619279a3bf0f1a,gemma4:12b,no_rag,bags,2,65,0.14285714285714285,0.14285714285714285,0.0,1.5384615384615385
case-a2619279a3bf0f1a,gemma4:12b,rule_rag,bags,2,64,0.5,0.5,,3.125
case-f08fafec9f844279,gemma4:12b,no_rag,bags,1,60,0.0,0.0,0.0,0.0
case-f08fafec9f844279,gemma4:12b,rule_rag,bags,1,59,0.625,0.625,,8.474576271186441
case-21c592c32bd06035,gemma4:12b,no_rag,bags,2,65,0.0,0.0,,0.0
case-21c592c32bd06035,gemma4:12b,rule_rag,bags,2,66,0.0,0.0,,0.0
case-f2a13c1c554006a4,gemma4:12b,no_rag,bags,1,67,0.0,0.0,,0.0
case-f2a13c1c554006a4,gemma4:12b,rule_rag,bags,1,67,0.14285714285714285,0.14285714285714285,,1.492537313432836
case-0cc5d527ad1c2086,gemma4:12b,no_rag,bags,2,66,0.0,0.0,,0.0
case-0cc5d527ad1c2086,gemma4:12b,rule_rag,bags,2,63,0.25,0.25,,1.5873015873015872
case-3209b8c790555b79,gemma4:12b,no_rag,bags,3,59,0.0,0.0,,0.0
case-3209b8c790555b79,gemma4:12b,rule_rag,bags,3,64,0.4,0.4,,3.125
case-df79d6879298453f,gemma4:12b,no_rag,bags,1,64,0.3333333333333333,0.3333333333333333,,1.5625
case-df79d6879298453f,gemma4:12b,rule_rag,bags,1,61,0.0,0.0,,0.0
case-316409483c6b15d0,gemma4:12b,no_rag,bags,1,63,0.0,0.0,,0.0
case-316409483c6b15d0,gemma4:12b,rule_rag,bags,1,55,0.2,0.2,,1.8181818181818181
case-69bfed4abebbc311,gemma4:12b,no_rag,bags,1,65,0.0,0.0,,0.0
case-69bfed4abebbc311,gemma4:12b,rule_rag,bags,1,65,0.2,0.2,,1.5384615384615385
case-e2d8dffd7209135f,gemma4:12b,no_rag,bags,2,60,0.0,0.0,,0.0
case-e2d8dffd7209135f,gemma4:12b,rule_rag,bags,2,64,0.0,0.0,,0.0
case-0693c9edf972beff,gemma4:12b,no_rag,bags,1,64,0.0,0.0,,0.0
case-0693c9edf972beff,gemma4:12b,rule_rag,bags,1,62,0.0,0.0,,0.0
case-6d1d81849f570950,gemma4:12b,no_rag,bags,1,61,0.25,0.25,0.0,1.639344262295082
case-6d1d81849f570950,gemma4:12b,rule_rag,bags,1,68,0.0,0.0,,0.0
case-8669af248b389185,gemma4:12b,no_rag,bags,2,64,0.0,0.0,,0.0
case-8669af248b389185,gemma4:12b,rule_rag,bags,2,68,0.3333333333333333,0.3333333333333333,,2.9411764705882355
case-04f411a897ac7ef9,gemma4:12b,no_rag,bags,1,64,0.0,0.0,,0.0
case-04f411a897ac7ef9,gemma4:12b,rule_rag,bags,1,61,0.25,0.25,,1.639344262295082
case-af02867d30624d47,gemma4:12b,no_rag,bags,2,63,0.0,0.0,,0.0
case-af02867d30624d47,gemma4:12b,rule_rag,bags,2,68,0.16666666666666666,0.16666666666666666,,1.4705882352941178
case-4c270f35981150c9,gemma4:12b,no_rag,bags,2,64,0.0,0.0,,0.0
case-4c270f35981150c9,gemma4:12b,rule_rag,bags,2,64,0.0,0.0,,0.0
case-c6f16cfcaae0bc3c,gemma4:12b,no_rag,bags,1,61,0.0,0.0,,0.0
case-c6f16cfcaae0bc3c,gemma4:12b,rule_rag,bags,1,57,0.0,0.0,,0.0
case-f05b60a817f02dcf,gemma4:12b,no_rag,bags,1,67,0.0,0.0,,0.0
case-f05b60a817f02dcf,gemma4:12b,rule_rag,bags,1,69,0.2,0.2,,1.4492753623188406
case-41819020e1bc7aac,gemma4:12b,no_rag,bags,1,64,0.0,0.0,,0.0
case-41819020e1bc7aac,gemma4:12b,rule_rag,bags,1,64,0.0,0.0,,0.0
case-d78b871ae57c7a59,gemma4:12b,no_rag,bags,1,62,0.0,0.0,,0.0
case-d78b871ae57c7a59,gemma4:12b,rule_rag,bags,1,60,0.75,0.75,,5.0
case-07a04fef92ba12c1,gemma4:12b,no_rag,bags,1,59,0.0,0.0,,0.0
case-07a04fef92ba12c1,gemma4:12b,rule_rag,bags,1,59,0.25,0.25,,1.694915254237288
case-a26a5d77e1031c70,gemma4:12b,no_rag,bags,1,59,0.0,0.0,,0.0
case-a26a5d77e1031c70,gemma4:12b,rule_rag,bags,1,63,0.16666666666666666,0.16666666666666666,,1.5873015873015872
case-0e9bfb5fc191165c,gemma4:12b,no_rag,bags,1,67,0.0,0.0,,0.0
case-0e9bfb5fc191165c,gemma4:12b,rule_rag,bags,1,51,0.6666666666666666,0.6666666666666666,,3.9215686274509802
case-e429feb0c2a9f49c,llama3.1:8b-instruct-q8_0,no_rag,tops,1,70,0.0,0.0,,0.0
case-e429feb0c2a9f49c,llama3.1:8b-instruct-q8_0,rule_rag,tops,1,72,0.3333333333333333,0.3333333333333333,,2.7777777777777777
case-c2ea09f4e654ee14,llama3.1:8b-instruct-q8_0,rule_rag,tops,1,62,0.16666666666666666,0.16666666666666666,,1.6129032258064515
case-1c7225eeebc390f4,llama3.1:8b-instruct-q8_0,no_rag,tops,1,57,0.0,0.0,,0.0
case-919baac95ca88066,llama3.1:8b-instruct-q8_0,no_rag,tops,1,59,0.0,0.0,,0.0
case-919baac95ca88066,llama3.1:8b-instruct-q8_0,rule_rag,tops,1,68,0.2857142857142857,0.2857142857142857,,2.9411764705882355
case-af84513c121c7811,llama3.1:8b-instruct-q8_0,no_rag,tops,1,58,0.3333333333333333,0.3333333333333333,,1.7241379310344827
case-af84513c121c7811,llama3.1:8b-instruct-q8_0,rule_rag,tops,1,66,0.0,0.0,,0.0
case-1becd8554ecaa063,llama3.1:8b-instruct-q8_0,no_rag,tops,2,62,0.0,0.0,,0.0
case-1becd8554ecaa063,llama3.1:8b-instruct-q8_0,rule_rag,tops,2,68,0.4,0.4,,2.9411764705882355
case-23100c6fb3b44e88,llama3.1:8b-instruct-q8_0,rule_rag,tops,1,73,0.0,0.0,,0.0
case-47ae7d461877e5d1,llama3.1:8b-instruct-q8_0,no_rag,tops,1,59,0.0,0.0,,0.0
case-3db7cb0b016641de,llama3.1:8b-instruct-q8_0,no_rag,tops,1,67,0.0,0.0,0.0,0.0
case-3db7cb0b016641de,llama3.1:8b-instruct-q8_0,rule_rag,tops,1,71,0.6666666666666666,0.6666666666666666,,2.816901408450704
case-2d6a99b75f885593,llama3.1:8b-instruct-q8_0,no_rag,tops,1,66,0.14285714285714285,0.14285714285714285,0.0,1.5151515151515151
case-2d6a99b75f885593,llama3.1:8b-instruct-q8_0,rule_rag,tops,1,69,0.16666666666666666,0.16666666666666666,,1.4492753623188406
case-d0b1e265804f2872,llama3.1:8b-instruct-q8_0,no_rag,tops,1,67,0.0,0.0,,0.0
case-d0b1e265804f2872,llama3.1:8b-instruct-q8_0,rule_rag,tops,1,74,0.0,0.0,0.0,0.0
case-094db2a4cbd25ec7,llama3.1:8b-instruct-q8_0,no_rag,tops,1,59,0.3333333333333333,0.3333333333333333,,1.694915254237288
case-094db2a4cbd25ec7,llama3.1:8b-instruct-q8_0,rule_rag,tops,1,64,0.2,0.2,,1.5625
case-ef347392f6aba290,llama3.1:8b-instruct-q8_0,no_rag,tops,1,59,0.0,0.0,,0.0
case-ef347392f6aba290,llama3.1:8b-instruct-q8_0,rule_rag,tops,1,63,0.125,0.125,,1.5873015873015872
case-8ed19313c52a2a9e,llama3.1:8b-instruct-q8_0,no_rag,tops,1,63,0.0,0.0,,0.0
case-8ed19313c52a2a9e,llama3.1:8b-instruct-q8_0,rule_rag,tops,1,69,0.14285714285714285,0.14285714285714285,,1.4492753623188406
case-589fe5f6da25a6f1,llama3.1:8b-instruct-q8_0,no_rag,tops,1,60,0.0,0.0,,0.0
case-589fe5f6da25a6f1,llama3.1:8b-instruct-q8_0,rule_rag,tops,1,71,0.16666666666666666,0.16666666666666666,,1.408450704225352
case-cf60faf5d470f130,llama3.1:8b-instruct-q8_0,no_rag,tops,1,70,0.0,0.0,0.0,0.0
case-cf60faf5d470f130,llama3.1:8b-instruct-q8_0,rule_rag,tops,1,71,0.0,0.0,0.0,0.0
case-b84372a3927144c5,llama3.1:8b-instruct-q8_0,no_rag,tops,2,57,0.0,0.0,,0.0
case-b84372a3927144c5,llama3.1:8b-instruct-q8_0,rule_rag,tops,2,67,0.25,0.25,,2.985074626865672
case-99bd2625e23132fa,llama3.1:8b-instruct-q8_0,no_rag,tops,1,64,0.0,0.0,,0.0
case-99bd2625e23132fa,llama3.1:8b-instruct-q8_0,rule_rag,tops,1,72,0.3333333333333333,0.3333333333333333,,1.3888888888888888
case-2fc8f6828101e5ac,llama3.1:8b-instruct-q8_0,no_rag,tops,2,56,0.0,0.0,,0.0
case-2fc8f6828101e5ac,llama3.1:8b-instruct-q8_0,rule_rag,tops,2,67,0.0,0.0,,0.0
case-8f0f670d2da88e40,llama3.1:8b-instruct-q8_0,no_rag,tops,1,62,0.14285714285714285,0.14285714285714285,,1.6129032258064515
case-c30772c778470c1b,llama3.1:8b-instruct-q8_0,no_rag,tops,1,62,0.1,0.1,,1.6129032258064515
case-c30772c778470c1b,llama3.1:8b-instruct-q8_0,rule_rag,tops,1,74,0.6666666666666666,0.6666666666666666,,10.81081081081081
case-4c2de2725e595ab7,llama3.1:8b-instruct-q8_0,no_rag,tops,1,61,0.0,0.0,0.0,0.0
case-4c2de2725e595ab7,llama3.1:8b-instruct-q8_0,rule_rag,tops,1,67,0.25,0.25,0.0,2.985074626865672
case-23bf6bb2a780b76b,llama3.1:8b-instruct-q8_0,no_rag,tops,3,63,0.0,0.0,,0.0
case-23bf6bb2a780b76b,llama3.1:8b-instruct-q8_0,rule_rag,tops,3,74,0.3333333333333333,0.3333333333333333,,2.7027027027027026
case-3502648ffe08495a,llama3.1:8b-instruct-q8_0,no_rag,tops,3,53,0.0,0.0,,0.0
case-3502648ffe08495a,llama3.1:8b-instruct-q8_0,rule_rag,tops,3,72,0.75,0.75,0.0,4.166666666666667
case-ff7627d8332912be,llama3.1:8b-instruct-q8_0,no_rag,tops,1,57,0.0,0.0,,0.0
case-ff7627d8332912be,llama3.1:8b-instruct-q8_0,rule_rag,tops,1,67,0.0,0.0,,0.0
case-1fc4df64ac242c0a,llama3.1:8b-instruct-q8_0,no_rag,tops,2,55,0.0,0.0,,0.0
case-1fc4df64ac242c0a,llama3.1:8b-instruct-q8_0,rule_rag,tops,2,67,0.6666666666666666,0.6666666666666666,,2.985074626865672
case-76bbf48e671bfd5a,llama3.1:8b-instruct-q8_0,no_rag,tops,2,58,0.0,0.0,0.0,0.0
case-76bbf48e671bfd5a,llama3.1:8b-instruct-q8_0,rule_rag,tops,2,65,0.3333333333333333,0.3333333333333333,,1.5384615384615385
case-99ee3c23efb6f2d2,llama3.1:8b-instruct-q8_0,no_rag,tops,2,60,0.0,0.0,,0.0
case-99ee3c23efb6f2d2,llama3.1:8b-instruct-q8_0,rule_rag,tops,2,64,0.0,0.0,,0.0
case-3b802060b9b2bb8e,llama3.1:8b-instruct-q8_0,no_rag,tops,1,60,0.0,0.0,,0.0
case-3b802060b9b2bb8e,llama3.1:8b-instruct-q8_0,rule_rag,tops,1,67,0.0,0.0,,0.0
case-7704b746a54d342c,llama3.1:8b-instruct-q8_0,no_rag,tops,2,59,0.0,0.0,,0.0
case-7704b746a54d342c,llama3.1:8b-instruct-q8_0,rule_rag,tops,2,65,0.0,0.0,,0.0
case-2ae8ee00828c7c73,llama3.1:8b-instruct-q8_0,no_rag,tops,1,58,0.0,0.0,0.0,0.0
case-2ae8ee00828c7c73,llama3.1:8b-instruct-q8_0,rule_rag,tops,1,72,0.6666666666666666,0.6666666666666666,,2.7777777777777777
case-5996ce889a668fed,llama3.1:8b-instruct-q8_0,no_rag,tops,1,63,0.0,0.0,,0.0
case-5996ce889a668fed,llama3.1:8b-instruct-q8_0,rule_rag,tops,1,73,0.0,0.0,0.0,0.0
case-22baaf00e0b6137d,llama3.1:8b-instruct-q8_0,no_rag,tops,2,65,0.0,0.0,,0.0
case-22baaf00e0b6137d,llama3.1:8b-instruct-q8_0,rule_rag,tops,2,75,0.16666666666666666,0.16666666666666666,,1.3333333333333333
case-e821db295328c0c4,llama3.1:8b-instruct-q8_0,no_rag,tops,1,58,0.0,0.0,,0.0
case-e821db295328c0c4,llama3.1:8b-instruct-q8_0,rule_rag,tops,1,64,0.14285714285714285,0.14285714285714285,,1.5625
case-ef9cf26c892fa28e,llama3.1:8b-instruct-q8_0,no_rag,tops,1,51,0.0,0.0,,0.0
case-ef9cf26c892fa28e,llama3.1:8b-instruct-q8_0,rule_rag,tops,1,63,0.0,0.0,,0.0
case-3b30f17e4d16804f,llama3.1:8b-instruct-q8_0,no_rag,tops,2,60,0.0,0.0,,0.0
case-3b30f17e4d16804f,llama3.1:8b-instruct-q8_0,rule_rag,tops,2,71,0.0,0.0,0.0,0.0
case-220dd48019439129,llama3.1:8b-instruct-q8_0,no_rag,tops,1,61,0.0,0.0,,0.0
case-220dd48019439129,llama3.1:8b-instruct-q8_0,rule_rag,tops,1,75,0.5714285714285714,0.5714285714285714,,5.333333333333333
case-214f2477049c7c43,llama3.1:8b-instruct-q8_0,no_rag,tops,1,61,0.3333333333333333,0.3333333333333333,,1.639344262295082
case-214f2477049c7c43,llama3.1:8b-instruct-q8_0,rule_rag,tops,1,64,0.14285714285714285,0.14285714285714285,,1.5625
case-9b83d53ac7f4b74a,llama3.1:8b-instruct-q8_0,no_rag,tops,1,59,0.3333333333333333,0.3333333333333333,,3.389830508474576
case-9b83d53ac7f4b74a,llama3.1:8b-instruct-q8_0,rule_rag,tops,1,69,0.14285714285714285,0.14285714285714285,,1.4492753623188406
case-f9f995f3dc73cd56,llama3.1:8b-instruct-q8_0,no_rag,tops,2,57,0.0,0.0,,0.0
case-f9f995f3dc73cd56,llama3.1:8b-instruct-q8_0,rule_rag,tops,2,67,0.0,0.0,0.0,0.0
case-cc745a7894645d84,llama3.1:8b-instruct-q8_0,no_rag,tops,1,65,0.0,0.0,0.0,0.0
case-cc745a7894645d84,llama3.1:8b-instruct-q8_0,rule_rag,tops,1,67,0.3333333333333333,0.3333333333333333,,1.492537313432836
case-c270f940d4973229,llama3.1:8b-instruct-q8_0,no_rag,tops,1,63,0.0,0.0,,0.0
case-c270f940d4973229,llama3.1:8b-instruct-q8_0,rule_rag,tops,1,67,0.2,0.2,,1.492537313432836
case-bc1649aa0856ead1,llama3.1:8b-instruct-q8_0,no_rag,tops,1,66,0.0,0.0,,0.0
case-bc1649aa0856ead1,llama3.1:8b-instruct-q8_0,rule_rag,tops,1,70,0.3333333333333333,0.3333333333333333,,1.4285714285714286
case-3686a781cc280214,llama3.1:8b-instruct-q8_0,no_rag,tops,1,75,0.0,0.0,0.0,0.0
case-3686a781cc280214,llama3.1:8b-instruct-q8_0,rule_rag,tops,1,72,0.0,0.0,,0.0
case-70b3714d210b5847,llama3.1:8b-instruct-q8_0,no_rag,tops,1,62,0.14285714285714285,0.14285714285714285,,1.6129032258064515
case-70b3714d210b5847,llama3.1:8b-instruct-q8_0,rule_rag,tops,1,74,0.25,0.25,,1.3513513513513513
case-0da2688c311a7c25,llama3.1:8b-instruct-q8_0,no_rag,tops,1,68,0.0,0.0,,0.0
case-8fae48ba3bad1d4c,llama3.1:8b-instruct-q8_0,rule_rag,tops,1,70,0.3333333333333333,0.3333333333333333,,1.4285714285714286
case-6175885652bb2bd7,llama3.1:8b-instruct-q8_0,no_rag,tops,1,69,0.1111111111111111,0.1111111111111111,0.0,1.4492753623188406
case-6175885652bb2bd7,llama3.1:8b-instruct-q8_0,rule_rag,tops,1,59,0.2,0.2,,1.694915254237288
case-bdeb5168bcfb859b,llama3.1:8b-instruct-q8_0,no_rag,tops,1,61,0.0,0.0,0.0,0.0
case-bdeb5168bcfb859b,llama3.1:8b-instruct-q8_0,rule_rag,tops,1,69,0.4,0.4,,2.898550724637681
case-0b8aa30b40b7cd27,llama3.1:8b-instruct-q8_0,no_rag,tops,2,62,0.0,0.0,,0.0
case-0b8aa30b40b7cd27,llama3.1:8b-instruct-q8_0,rule_rag,tops,2,64,0.0,0.0,,0.0
case-a4deeeec85ab4325,llama3.1:8b-instruct-q8_0,no_rag,tops,1,60,0.0,0.0,,0.0
case-a4deeeec85ab4325,llama3.1:8b-instruct-q8_0,rule_rag,tops,1,64,0.4,0.4,,3.125
case-2eb68ee3f87c940f,llama3.1:8b-instruct-q8_0,no_rag,tops,2,57,0.25,0.25,0.0,1.7543859649122806
case-2eb68ee3f87c940f,llama3.1:8b-instruct-q8_0,rule_rag,tops,2,64,0.3333333333333333,0.3333333333333333,,1.5625
case-cbeb071042b6e4ed,llama3.1:8b-instruct-q8_0,no_rag,tops,1,56,0.125,0.125,,1.7857142857142858
case-cbeb071042b6e4ed,llama3.1:8b-instruct-q8_0,rule_rag,tops,1,66,0.6,0.6,,4.545454545454546
case-0dfaeb012d2ad15c,llama3.1:8b-instruct-q8_0,no_rag,tops,2,60,0.0,0.0,,0.0
case-0dfaeb012d2ad15c,llama3.1:8b-instruct-q8_0,rule_rag,tops,2,68,0.4,0.4,,2.9411764705882355
case-777b98785771f79b,llama3.1:8b-instruct-q8_0,no_rag,tops,1,64,0.0,0.0,,0.0
case-777b98785771f79b,llama3.1:8b-instruct-q8_0,rule_rag,tops,1,66,0.5,0.5,,1.5151515151515151
case-8e100f904ee4043a,llama3.1:8b-instruct-q8_0,no_rag,tops,1,56,0.0,0.0,,0.0
case-8e100f904ee4043a,llama3.1:8b-instruct-q8_0,rule_rag,tops,1,61,1.0,1.0,,9.836065573770492
case-4c35f80695feddcd,llama3.1:8b-instruct-q8_0,no_rag,tops,1,57,0.0,0.0,0.0,0.0
case-4c35f80695feddcd,llama3.1:8b-instruct-q8_0,rule_rag,tops,1,75,0.0,0.0,,0.0
case-5e393111a23e065f,llama3.1:8b-instruct-q8_0,no_rag,tops,1,56,0.0,0.0,,0.0
case-5e393111a23e065f,llama3.1:8b-instruct-q8_0,rule_rag,tops,1,63,0.0,0.0,,0.0
case-a2edf3a67b3ac73b,llama3.1:8b-instruct-q8_0,no_rag,tops,1,52,0.0,0.0,,0.0
case-a2edf3a67b3ac73b,llama3.1:8b-instruct-q8_0,rule_rag,tops,1,67,0.25,0.25,,1.492537313432836
case-da662c222842d74f,llama3.1:8b-instruct-q8_0,no_rag,tops,1,59,0.0,0.0,,0.0
case-da662c222842d74f,llama3.1:8b-instruct-q8_0,rule_rag,tops,1,59,0.5,0.5,,6.779661016949152
case-151a455af56c054b,llama3.1:8b-instruct-q8_0,no_rag,tops,1,59,0.0,0.0,,0.0
case-151a455af56c054b,llama3.1:8b-instruct-q8_0,rule_rag,tops,1,75,0.4,0.4,,2.6666666666666665
case-8cc99911d3e5d8a2,llama3.1:8b-instruct-q8_0,no_rag,tops,2,59,0.0,0.0,,0.0
case-8cc99911d3e5d8a2,llama3.1:8b-instruct-q8_0,rule_rag,tops,2,63,0.5,0.5,,3.1746031746031744
case-7e6e05ad93942a7e,llama3.1:8b-instruct-q8_0,no_rag,tops,1,60,0.0,0.0,,0.0
case-7e6e05ad93942a7e,llama3.1:8b-instruct-q8_0,rule_rag,tops,1,66,0.4,0.4,,3.0303030303030303
case-f9c5b7d05746b1be,llama3.1:8b-instruct-q8_0,no_rag,tops,1,56,0.0,0.0,,0.0
case-f9c5b7d05746b1be,llama3.1:8b-instruct-q8_0,rule_rag,tops,1,72,0.0,0.0,,0.0
case-db90930f2ce3e090,llama3.1:8b-instruct-q8_0,no_rag,tops,2,57,0.0,0.0,0.0,0.0
case-db90930f2ce3e090,llama3.1:8b-instruct-q8_0,rule_rag,tops,2,74,0.4444444444444444,0.4444444444444444,,5.405405405405405
case-026665827bfaaf65,llama3.1:8b-instruct-q8_0,no_rag,tops,1,60,0.0,0.0,,0.0
case-026665827bfaaf65,llama3.1:8b-instruct-q8_0,rule_rag,tops,1,69,0.3333333333333333,0.3333333333333333,,1.4492753623188406
case-84a86e133194431f,llama3.1:8b-instruct-q8_0,no_rag,tops,1,56,0.0,0.0,,0.0
case-84a86e133194431f,llama3.1:8b-instruct-q8_0,rule_rag,tops,1,74,0.0,0.0,,0.0
case-31571869b5c23de5,llama3.1:8b-instruct-q8_0,no_rag,tops,1,53,0.0,0.0,,0.0
case-31571869b5c23de5,llama3.1:8b-instruct-q8_0,rule_rag,tops,1,71,0.4,0.4,,2.816901408450704
case-575b4ffda66f631c,llama3.1:8b-instruct-q8_0,no_rag,tops,1,62,0.2,0.2,,1.6129032258064515
case-32861b40bfbc2330,llama3.1:8b-instruct-q8_0,no_rag,tops,1,67,0.0,0.0,,0.0
case-32861b40bfbc2330,llama3.1:8b-instruct-q8_0,rule_rag,tops,1,64,0.14285714285714285,0.14285714285714285,0.0,1.5625
case-f878f5d567344fb9,llama3.1:8b-instruct-q8_0,no_rag,tops,1,62,0.0,0.0,,0.0
case-f878f5d567344fb9,llama3.1:8b-instruct-q8_0,rule_rag,tops,1,66,0.0,0.0,,0.0
case-d7546ae32c13aa41,llama3.1:8b-instruct-q8_0,no_rag,tops,1,59,0.0,0.0,,0.0
case-d7546ae32c13aa41,llama3.1:8b-instruct-q8_0,rule_rag,tops,1,73,0.2857142857142857,0.2857142857142857,,2.73972602739726
case-0e9883918b0ca714,llama3.1:8b-instruct-q8_0,no_rag,tops,1,58,0.0,0.0,,0.0
case-0e9883918b0ca714,llama3.1:8b-instruct-q8_0,rule_rag,tops,1,65,0.25,0.25,,1.5384615384615385
case-2564828ccbf3de99,llama3.1:8b-instruct-q8_0,no_rag,tops,2,60,0.0,0.0,,0.0
case-2564828ccbf3de99,llama3.1:8b-instruct-q8_0,rule_rag,tops,2,62,0.3333333333333333,0.3333333333333333,,1.6129032258064515
case-8633eb7ac4daa293,llama3.1:8b-instruct-q8_0,no_rag,tops,2,60,0.0,0.0,,0.0
case-8633eb7ac4daa293,llama3.1:8b-instruct-q8_0,rule_rag,tops,2,60,0.0,0.0,,0.0
case-09628ef84cbf20ab,llama3.1:8b-instruct-q8_0,no_rag,tops,1,61,0.0,0.0,0.0,0.0
case-09628ef84cbf20ab,llama3.1:8b-instruct-q8_0,rule_rag,tops,1,74,0.0,0.0,,0.0
case-ad7ebd4ca8a78fe2,llama3.1:8b-instruct-q8_0,no_rag,tops,1,67,0.0,0.0,,0.0
case-2115255a06f4a35a,llama3.1:8b-instruct-q8_0,no_rag,tops,2,60,0.0,0.0,,0.0
case-2115255a06f4a35a,llama3.1:8b-instruct-q8_0,rule_rag,tops,2,73,0.3333333333333333,0.3333333333333333,,1.36986301369863
case-1a1a490478a526ea,llama3.1:8b-instruct-q8_0,no_rag,tops,1,59,0.0,0.0,,0.0
case-1a1a490478a526ea,llama3.1:8b-instruct-q8_0,rule_rag,tops,1,73,0.4,0.4,,2.73972602739726
case-aa908bd8bb725396,llama3.1:8b-instruct-q8_0,no_rag,tops,2,57,0.16666666666666666,0.16666666666666666,0.0,1.7543859649122806
case-aa908bd8bb725396,llama3.1:8b-instruct-q8_0,rule_rag,tops,2,74,0.6666666666666666,0.6666666666666666,0.0,5.405405405405405
case-cce943551dd396ff,llama3.1:8b-instruct-q8_0,no_rag,tops,1,66,0.0,0.0,,0.0
case-cce943551dd396ff,llama3.1:8b-instruct-q8_0,rule_rag,tops,1,61,0.5,0.5,,3.278688524590164
case-5280268c99e36001,llama3.1:8b-instruct-q8_0,no_rag,tops,1,58,0.14285714285714285,0.14285714285714285,,1.7241379310344827
case-5280268c99e36001,llama3.1:8b-instruct-q8_0,rule_rag,tops,1,64,0.2,0.2,,1.5625
case-b036b4e33774d56d,llama3.1:8b-instruct-q8_0,no_rag,tops,1,64,0.0,0.0,,0.0
case-b036b4e33774d56d,llama3.1:8b-instruct-q8_0,rule_rag,tops,1,69,0.75,0.75,,4.3478260869565215
case-3002b181b2a5f9fc,llama3.1:8b-instruct-q8_0,no_rag,tops,1,63,0.0,0.3333333333333333,,0.0
case-3002b181b2a5f9fc,llama3.1:8b-instruct-q8_0,rule_rag,tops,1,68,0.3333333333333333,0.3333333333333333,,1.4705882352941178
case-4373ff3cda4972d6,llama3.1:8b-instruct-q8_0,no_rag,tops,1,67,0.0,0.0,0.0,0.0
case-806b396f998d24ef,llama3.1:8b-instruct-q8_0,no_rag,tops,1,60,0.0,0.0,0.0,0.0
case-806b396f998d24ef,llama3.1:8b-instruct-q8_0,rule_rag,tops,1,59,0.0,0.0,,0.0
case-baa6ef97872fb508,llama3.1:8b-instruct-q8_0,no_rag,tops,2,60,0.16666666666666666,0.16666666666666666,,1.6666666666666667
case-baa6ef97872fb508,llama3.1:8b-instruct-q8_0,rule_rag,tops,2,70,0.16666666666666666,0.16666666666666666,,1.4285714285714286
case-51dbfaffec08d7c1,llama3.1:8b-instruct-q8_0,no_rag,tops,2,52,0.0,0.0,,0.0
case-51dbfaffec08d7c1,llama3.1:8b-instruct-q8_0,rule_rag,tops,2,75,0.0,0.0,,0.0
case-28e71c22a43c272a,llama3.1:8b-instruct-q8_0,no_rag,tops,1,67,0.0,0.0,,0.0
case-18513b7046cb77c0,llama3.1:8b-instruct-q8_0,no_rag,tops,1,59,0.0,0.0,,0.0
case-18513b7046cb77c0,llama3.1:8b-instruct-q8_0,rule_rag,tops,1,60,0.3333333333333333,0.3333333333333333,,1.6666666666666667
case-ebf0178ee41f3d25,llama3.1:8b-instruct-q8_0,no_rag,tops,1,66,0.0,0.0,0.0,0.0
case-ebf0178ee41f3d25,llama3.1:8b-instruct-q8_0,rule_rag,tops,1,69,0.4,0.4,,2.898550724637681
case-3354be494f1e6d0b,llama3.1:8b-instruct-q8_0,no_rag,tops,1,48,0.0,0.0,,0.0
case-f8a75930060304aa,llama3.1:8b-instruct-q8_0,no_rag,tops,1,69,0.16666666666666666,0.16666666666666666,0.0,1.4492753623188406
case-f8a75930060304aa,llama3.1:8b-instruct-q8_0,rule_rag,tops,1,72,0.0,0.0,1.0,0.0
case-808697b5cd70de93,llama3.1:8b-instruct-q8_0,no_rag,tops,2,56,0.14285714285714285,0.14285714285714285,0.0,1.7857142857142858
case-808697b5cd70de93,llama3.1:8b-instruct-q8_0,rule_rag,tops,2,70,0.14285714285714285,0.14285714285714285,,1.4285714285714286
case-5a26eb6b60aa2842,llama3.1:8b-instruct-q8_0,no_rag,tops,1,60,0.16666666666666666,0.16666666666666666,,1.6666666666666667
case-5a26eb6b60aa2842,llama3.1:8b-instruct-q8_0,rule_rag,tops,1,75,0.5,0.5,,2.6666666666666665
case-a348552e4709eb33,llama3.1:8b-instruct-q8_0,no_rag,tops,1,54,0.0,0.0,,0.0
case-a348552e4709eb33,llama3.1:8b-instruct-q8_0,rule_rag,tops,1,72,0.2,0.2,,1.3888888888888888
case-852e5bade56d69e2,llama3.1:8b-instruct-q8_0,no_rag,tops,1,52,0.0,0.0,,0.0
case-852e5bade56d69e2,llama3.1:8b-instruct-q8_0,rule_rag,tops,1,66,0.6,0.6,0.0,4.545454545454546
case-e47eac906f5f4997,llama3.1:8b-instruct-q8_0,no_rag,tops,1,69,0.0,0.0,,0.0
case-aef4dfde0d364cd8,llama3.1:8b-instruct-q8_0,no_rag,tops,1,55,0.0,0.0,,0.0
case-aef4dfde0d364cd8,llama3.1:8b-instruct-q8_0,rule_rag,tops,1,63,0.25,0.25,,1.5873015873015872
case-f76e2df716df4967,llama3.1:8b-instruct-q8_0,no_rag,tops,1,64,0.0,0.0,,0.0
case-9f8b772a6cbd60ed,llama3.1:8b-instruct-q8_0,no_rag,bottoms,1,64,0.0,0.0,,0.0
case-9f8b772a6cbd60ed,llama3.1:8b-instruct-q8_0,rule_rag,bottoms,1,74,0.0,0.0,,0.0
case-2710e3bfdf0b6ddc,llama3.1:8b-instruct-q8_0,no_rag,bottoms,1,54,0.0,0.0,,0.0
case-2710e3bfdf0b6ddc,llama3.1:8b-instruct-q8_0,rule_rag,bottoms,1,63,0.25,0.25,,1.5873015873015872
case-4ce828649973c8ad,llama3.1:8b-instruct-q8_0,no_rag,bottoms,1,64,0.0,0.0,,0.0
case-4ce828649973c8ad,llama3.1:8b-instruct-q8_0,rule_rag,bottoms,1,66,0.16666666666666666,0.16666666666666666,,1.5151515151515151
case-b71aa9e31a1247e4,llama3.1:8b-instruct-q8_0,no_rag,bottoms,2,53,0.0,0.0,,0.0
case-b71aa9e31a1247e4,llama3.1:8b-instruct-q8_0,rule_rag,bottoms,2,65,0.0,0.0,,0.0
case-967d8e0d3b5b240a,llama3.1:8b-instruct-q8_0,no_rag,bottoms,1,54,0.0,0.0,,0.0
case-967d8e0d3b5b240a,llama3.1:8b-instruct-q8_0,rule_rag,bottoms,1,67,0.3333333333333333,0.3333333333333333,,2.985074626865672
case-928b7fbcb802ee08,llama3.1:8b-instruct-q8_0,no_rag,bottoms,1,61,0.0,0.0,,0.0
case-928b7fbcb802ee08,llama3.1:8b-instruct-q8_0,rule_rag,bottoms,1,63,0.25,0.25,,1.5873015873015872
case-8a3d3ed3708ff820,llama3.1:8b-instruct-q8_0,no_rag,bottoms,1,63,0.0,0.0,,0.0
case-8a3d3ed3708ff820,llama3.1:8b-instruct-q8_0,rule_rag,bottoms,1,74,0.5,0.5,,5.405405405405405
case-e5c750f7975c88b2,llama3.1:8b-instruct-q8_0,no_rag,bottoms,1,54,0.0,0.0,,0.0
case-e5c750f7975c88b2,llama3.1:8b-instruct-q8_0,rule_rag,bottoms,1,75,0.3333333333333333,0.3333333333333333,,2.6666666666666665
case-cb4f24893461fd71,llama3.1:8b-instruct-q8_0,no_rag,bottoms,2,59,0.0,0.0,,0.0
case-cb4f24893461fd71,llama3.1:8b-instruct-q8_0,rule_rag,bottoms,2,59,0.3333333333333333,0.3333333333333333,,1.694915254237288
case-55a4829025e5f139,llama3.1:8b-instruct-q8_0,no_rag,bottoms,2,62,0.0,0.0,,0.0
case-00394c0d34524ad6,llama3.1:8b-instruct-q8_0,no_rag,bottoms,2,63,0.0,0.0,0.0,0.0
case-00394c0d34524ad6,llama3.1:8b-instruct-q8_0,rule_rag,bottoms,2,70,0.3333333333333333,0.3333333333333333,,1.4285714285714286
case-ded616af17e82ed6,llama3.1:8b-instruct-q8_0,no_rag,bottoms,1,57,0.0,0.0,,0.0
case-ded616af17e82ed6,llama3.1:8b-instruct-q8_0,rule_rag,bottoms,1,73,0.5,0.5,,4.109589041095891
case-e686e5b6c8809b92,llama3.1:8b-instruct-q8_0,no_rag,bottoms,1,62,0.25,0.25,,1.6129032258064515
case-e686e5b6c8809b92,llama3.1:8b-instruct-q8_0,rule_rag,bottoms,1,64,0.3333333333333333,0.3333333333333333,,1.5625
case-d57105489b1f7ab0,llama3.1:8b-instruct-q8_0,no_rag,bottoms,1,59,0.0,0.0,,0.0
case-d57105489b1f7ab0,llama3.1:8b-instruct-q8_0,rule_rag,bottoms,1,70,0.6,0.6,,4.285714285714286
case-fd0a0092e6309217,llama3.1:8b-instruct-q8_0,no_rag,bottoms,1,56,0.0,0.0,,0.0
case-fd0a0092e6309217,llama3.1:8b-instruct-q8_0,rule_rag,bottoms,1,74,0.25,0.25,,1.3513513513513513
case-529f2069bca1b92e,llama3.1:8b-instruct-q8_0,no_rag,bottoms,1,60,0.0,0.0,,0.0
case-529f2069bca1b92e,llama3.1:8b-instruct-q8_0,rule_rag,bottoms,1,63,0.25,0.25,,1.5873015873015872
case-a7ca4398c1c6e424,llama3.1:8b-instruct-q8_0,no_rag,bottoms,2,56,0.0,0.0,,0.0
case-a7ca4398c1c6e424,llama3.1:8b-instruct-q8_0,rule_rag,bottoms,2,69,0.25,0.25,,1.4492753623188406
case-a766a61c1d849a00,llama3.1:8b-instruct-q8_0,no_rag,bottoms,1,56,0.0,0.0,,0.0
case-a766a61c1d849a00,llama3.1:8b-instruct-q8_0,rule_rag,bottoms,1,73,0.6666666666666666,0.6666666666666666,,2.73972602739726
case-782b622a9483969d,llama3.1:8b-instruct-q8_0,no_rag,bottoms,1,61,0.0,0.0,,0.0
case-782b622a9483969d,llama3.1:8b-instruct-q8_0,rule_rag,bottoms,1,64,0.3333333333333333,0.3333333333333333,,1.5625
case-4ae57684976e97ea,llama3.1:8b-instruct-q8_0,no_rag,bottoms,2,59,0.0,0.0,,0.0
case-4ae57684976e97ea,llama3.1:8b-instruct-q8_0,rule_rag,bottoms,2,67,0.3333333333333333,0.3333333333333333,,1.492537313432836
case-6e3ec1644d06a819,llama3.1:8b-instruct-q8_0,no_rag,bottoms,2,67,0.125,0.125,,1.492537313432836
case-db5ced9df30070fa,llama3.1:8b-instruct-q8_0,no_rag,bottoms,1,59,0.0,0.0,,0.0
case-db5ced9df30070fa,llama3.1:8b-instruct-q8_0,rule_rag,bottoms,1,72,0.5,0.5,,4.166666666666667
case-fc4ffb29ca9726bd,llama3.1:8b-instruct-q8_0,no_rag,bottoms,2,66,0.2,0.2,,1.5151515151515151
case-fc4ffb29ca9726bd,llama3.1:8b-instruct-q8_0,rule_rag,bottoms,2,68,0.3333333333333333,0.3333333333333333,,1.4705882352941178
case-c936f56876e91fd4,llama3.1:8b-instruct-q8_0,rule_rag,bottoms,1,62,0.14285714285714285,0.14285714285714285,,1.6129032258064515
case-b88d6c2f4c794913,llama3.1:8b-instruct-q8_0,no_rag,bottoms,1,58,0.0,0.0,,0.0
case-b88d6c2f4c794913,llama3.1:8b-instruct-q8_0,rule_rag,bottoms,1,69,0.0,1.0,,0.0
case-7eec54b62acb3939,llama3.1:8b-instruct-q8_0,no_rag,bottoms,1,64,0.0,0.0,,0.0
case-7eec54b62acb3939,llama3.1:8b-instruct-q8_0,rule_rag,bottoms,1,64,0.4,0.4,,3.125
case-4f51197d9c0ba957,llama3.1:8b-instruct-q8_0,no_rag,bottoms,1,57,0.25,0.25,0.0,3.508771929824561
case-84db4199c9d80200,llama3.1:8b-instruct-q8_0,no_rag,bottoms,2,60,0.0,0.0,,0.0
case-84db4199c9d80200,llama3.1:8b-instruct-q8_0,rule_rag,bottoms,2,64,0.14285714285714285,0.14285714285714285,,1.5625
case-a52efa1607a54c55,llama3.1:8b-instruct-q8_0,no_rag,bottoms,1,64,0.0,0.0,0.0,0.0
case-a52efa1607a54c55,llama3.1:8b-instruct-q8_0,rule_rag,bottoms,1,65,0.0,0.0,,0.0
case-b3312c490a6b7f35,llama3.1:8b-instruct-q8_0,no_rag,bottoms,1,67,0.0,0.0,,0.0
case-b3312c490a6b7f35,llama3.1:8b-instruct-q8_0,rule_rag,bottoms,1,63,0.5,0.5,,1.5873015873015872
case-c0d252c08d3c46c8,llama3.1:8b-instruct-q8_0,no_rag,bottoms,1,62,0.0,0.0,,0.0
case-c0d252c08d3c46c8,llama3.1:8b-instruct-q8_0,rule_rag,bottoms,1,73,0.5,0.5,,2.73972602739726
case-ae11ff65d1656b63,llama3.1:8b-instruct-q8_0,no_rag,bottoms,1,51,0.0,0.0,,0.0
case-ae11ff65d1656b63,llama3.1:8b-instruct-q8_0,rule_rag,bottoms,1,63,0.2,0.4,,1.5873015873015872
case-c6ff8ba375e0134a,llama3.1:8b-instruct-q8_0,no_rag,bottoms,1,54,0.0,0.0,,0.0
case-c6ff8ba375e0134a,llama3.1:8b-instruct-q8_0,rule_rag,bottoms,1,66,0.4,0.4,,3.0303030303030303
case-4ea800318d039661,llama3.1:8b-instruct-q8_0,no_rag,bottoms,1,51,0.0,0.0,,0.0
case-4ea800318d039661,llama3.1:8b-instruct-q8_0,rule_rag,bottoms,1,57,0.3333333333333333,0.3333333333333333,,1.7543859649122806
case-5453855ce50fe3d3,llama3.1:8b-instruct-q8_0,no_rag,bottoms,1,56,0.0,0.0,,0.0
case-5453855ce50fe3d3,llama3.1:8b-instruct-q8_0,rule_rag,bottoms,1,64,0.14285714285714285,0.14285714285714285,,1.5625
case-5e15f67213c04556,llama3.1:8b-instruct-q8_0,no_rag,bottoms,1,64,0.16666666666666666,0.16666666666666666,,1.5625
case-5e15f67213c04556,llama3.1:8b-instruct-q8_0,rule_rag,bottoms,1,74,0.8333333333333334,0.8333333333333334,,6.756756756756757
case-a66e4375a19a7b26,llama3.1:8b-instruct-q8_0,no_rag,bottoms,2,56,0.25,0.25,,1.7857142857142858
case-a66e4375a19a7b26,llama3.1:8b-instruct-q8_0,rule_rag,bottoms,2,61,0.3333333333333333,0.3333333333333333,,1.639344262295082
case-9ca3fbefc8236e27,llama3.1:8b-instruct-q8_0,no_rag,bottoms,2,57,0.0,0.0,,0.0
case-9ca3fbefc8236e27,llama3.1:8b-instruct-q8_0,rule_rag,bottoms,2,75,1.0,1.0,,5.333333333333333
case-3ebc3958cac62af7,llama3.1:8b-instruct-q8_0,no_rag,bottoms,2,73,0.2,0.2,0.0,2.73972602739726
case-d3bb3e5a52055602,llama3.1:8b-instruct-q8_0,rule_rag,bottoms,2,64,0.0,0.0,0.0,0.0
case-8d16688f1e64c3f3,llama3.1:8b-instruct-q8_0,no_rag,bottoms,2,60,0.0,0.0,,0.0
case-f7eeb8b2fc65cbcc,llama3.1:8b-instruct-q8_0,no_rag,bottoms,2,66,0.0,0.0,,0.0
case-aa14bfb7328fd47b,llama3.1:8b-instruct-q8_0,no_rag,bottoms,1,62,0.0,0.0,,0.0
case-aa14bfb7328fd47b,llama3.1:8b-instruct-q8_0,rule_rag,bottoms,1,67,0.3333333333333333,0.3333333333333333,,1.492537313432836
case-63a58beb6ea115c5,llama3.1:8b-instruct-q8_0,no_rag,bottoms,1,57,0.0,0.0,,0.0
case-63a58beb6ea115c5,llama3.1:8b-instruct-q8_0,rule_rag,bottoms,1,61,0.5,0.5,,3.278688524590164
case-6366141a50eed6ba,llama3.1:8b-instruct-q8_0,no_rag,bottoms,1,66,0.0,0.0,,0.0
case-6366141a50eed6ba,llama3.1:8b-instruct-q8_0,rule_rag,bottoms,1,68,0.0,0.0,,0.0
case-58adae9c7dbaccb1,llama3.1:8b-instruct-q8_0,no_rag,bottoms,2,56,0.0,0.0,0.0,0.0
case-8f5d549a83ef995c,llama3.1:8b-instruct-q8_0,no_rag,bottoms,1,60,0.0,0.0,,0.0
case-8f5d549a83ef995c,llama3.1:8b-instruct-q8_0,rule_rag,bottoms,1,72,0.16666666666666666,0.16666666666666666,,1.3888888888888888
case-47719727bb968f28,llama3.1:8b-instruct-q8_0,no_rag,bottoms,1,63,0.0,0.0,,0.0
case-b1bd5903a8a5a8f6,llama3.1:8b-instruct-q8_0,no_rag,bottoms,1,57,0.0,0.0,,0.0
case-b1bd5903a8a5a8f6,llama3.1:8b-instruct-q8_0,rule_rag,bottoms,1,70,0.2,0.2,,1.4285714285714286
case-1de749080832764d,llama3.1:8b-instruct-q8_0,no_rag,bottoms,1,56,0.1,0.1,0.0,1.7857142857142858
case-1de749080832764d,llama3.1:8b-instruct-q8_0,rule_rag,bottoms,1,67,0.6,0.6,,4.477611940298507
case-72df7fd0c046a914,llama3.1:8b-instruct-q8_0,no_rag,bottoms,1,63,0.0,0.0,,0.0
case-72df7fd0c046a914,llama3.1:8b-instruct-q8_0,rule_rag,bottoms,1,63,0.4,0.4,,3.1746031746031744
case-cea00e98dc6ed9f0,llama3.1:8b-instruct-q8_0,no_rag,bottoms,2,66,0.14285714285714285,0.14285714285714285,0.0,1.5151515151515151
case-75c1226b1f08fd8f,llama3.1:8b-instruct-q8_0,no_rag,bottoms,2,57,0.0,0.0,,0.0
case-75c1226b1f08fd8f,llama3.1:8b-instruct-q8_0,rule_rag,bottoms,2,66,1.0,1.0,,4.545454545454546
case-e56ce526ea8271a5,llama3.1:8b-instruct-q8_0,no_rag,bottoms,2,63,0.0,0.0,,0.0
case-e56ce526ea8271a5,llama3.1:8b-instruct-q8_0,rule_rag,bottoms,2,60,0.25,0.25,,1.6666666666666667
case-37b04213170d8755,llama3.1:8b-instruct-q8_0,rule_rag,bottoms,1,67,1.0,1.0,,4.477611940298507
case-3444860a11d2efb9,llama3.1:8b-instruct-q8_0,no_rag,bottoms,1,60,0.0,0.0,,0.0
case-3444860a11d2efb9,llama3.1:8b-instruct-q8_0,rule_rag,bottoms,1,68,0.0,0.0,,0.0
case-014db2eb6705d417,llama3.1:8b-instruct-q8_0,no_rag,bottoms,2,63,0.16666666666666666,0.16666666666666666,,1.5873015873015872
case-014db2eb6705d417,llama3.1:8b-instruct-q8_0,rule_rag,bottoms,2,70,0.0,0.0,0.0,0.0
case-1f6de73980748067,llama3.1:8b-instruct-q8_0,no_rag,bottoms,1,55,0.0,0.0,,0.0
case-1f6de73980748067,llama3.1:8b-instruct-q8_0,rule_rag,bottoms,1,65,0.16666666666666666,0.16666666666666666,,1.5384615384615385
case-f1b5f7ea5ce01cda,llama3.1:8b-instruct-q8_0,no_rag,bottoms,1,63,0.2,0.2,,1.5873015873015872
case-f1b5f7ea5ce01cda,llama3.1:8b-instruct-q8_0,rule_rag,bottoms,1,61,0.3333333333333333,0.3333333333333333,,1.639344262295082
case-d348b640a9485d13,llama3.1:8b-instruct-q8_0,no_rag,bottoms,2,54,0.0,0.0,,0.0
case-d348b640a9485d13,llama3.1:8b-instruct-q8_0,rule_rag,bottoms,2,72,0.2,0.2,,1.3888888888888888
case-7c8bb7d3da3c6025,llama3.1:8b-instruct-q8_0,no_rag,bottoms,1,65,0.0,0.0,,0.0
case-7c8bb7d3da3c6025,llama3.1:8b-instruct-q8_0,rule_rag,bottoms,1,74,0.5,0.5,,4.054054054054054
case-2a15768d334f9a8b,llama3.1:8b-instruct-q8_0,no_rag,bottoms,2,57,0.0,0.0,,0.0
case-2a15768d334f9a8b,llama3.1:8b-instruct-q8_0,rule_rag,bottoms,2,62,0.5,0.5,,3.225806451612903
case-f2fe2544c12e993d,llama3.1:8b-instruct-q8_0,no_rag,bottoms,2,59,0.0,0.0,,0.0
case-f2fe2544c12e993d,llama3.1:8b-instruct-q8_0,rule_rag,bottoms,2,63,0.8,0.8,,6.349206349206349
case-33e8d5bb1b786bc2,llama3.1:8b-instruct-q8_0,no_rag,bottoms,1,55,0.0,0.0,0.0,0.0
case-33e8d5bb1b786bc2,llama3.1:8b-instruct-q8_0,rule_rag,bottoms,1,70,0.625,0.625,0.0,7.142857142857143
case-7758548fafb7a3ac,llama3.1:8b-instruct-q8_0,no_rag,bottoms,1,63,0.0,0.0,,0.0
case-7758548fafb7a3ac,llama3.1:8b-instruct-q8_0,rule_rag,bottoms,1,74,0.3333333333333333,0.3333333333333333,,1.3513513513513513
case-016755b4f2bd3327,llama3.1:8b-instruct-q8_0,no_rag,bottoms,1,59,0.0,0.0,,0.0
case-016755b4f2bd3327,llama3.1:8b-instruct-q8_0,rule_rag,bottoms,1,70,0.16666666666666666,0.16666666666666666,,1.4285714285714286
case-a4b763a7b6415e99,llama3.1:8b-instruct-q8_0,no_rag,bottoms,1,56,0.0,0.0,,0.0
case-a4b763a7b6415e99,llama3.1:8b-instruct-q8_0,rule_rag,bottoms,1,59,0.1111111111111111,0.1111111111111111,,1.694915254237288
case-ee10eaa9acbaee49,llama3.1:8b-instruct-q8_0,rule_rag,bottoms,1,57,0.0,0.0,0.0,0.0
case-1beb353b17306966,llama3.1:8b-instruct-q8_0,no_rag,bottoms,1,68,0.0,0.0,,0.0
case-1beb353b17306966,llama3.1:8b-instruct-q8_0,rule_rag,bottoms,1,65,0.5,0.5,,3.076923076923077
case-130ea8ef62ad0d80,llama3.1:8b-instruct-q8_0,no_rag,bottoms,1,61,0.0,0.0,,0.0
case-130ea8ef62ad0d80,llama3.1:8b-instruct-q8_0,rule_rag,bottoms,1,66,0.16666666666666666,0.16666666666666666,,1.5151515151515151
case-3ef519c788a9ee91,llama3.1:8b-instruct-q8_0,no_rag,bottoms,1,57,0.0,0.0,,0.0
case-3ef519c788a9ee91,llama3.1:8b-instruct-q8_0,rule_rag,bottoms,1,70,0.0,0.0,,0.0
case-a88637480d0b7898,llama3.1:8b-instruct-q8_0,no_rag,bottoms,2,63,0.0,0.0,,0.0
case-a88637480d0b7898,llama3.1:8b-instruct-q8_0,rule_rag,bottoms,2,66,0.125,0.125,,1.5151515151515151
case-45d1d1499e342031,llama3.1:8b-instruct-q8_0,no_rag,bottoms,1,58,0.0,0.0,,0.0
case-45d1d1499e342031,llama3.1:8b-instruct-q8_0,rule_rag,bottoms,1,60,0.2222222222222222,0.2222222222222222,0.0,3.3333333333333335
case-f9f17497d6a9d19d,llama3.1:8b-instruct-q8_0,no_rag,bottoms,1,60,0.0,0.0,,0.0
case-f9f17497d6a9d19d,llama3.1:8b-instruct-q8_0,rule_rag,bottoms,1,65,0.0,0.0,,0.0
case-8349f428fc0b7638,llama3.1:8b-instruct-q8_0,no_rag,bottoms,1,60,0.0,0.0,0.0,0.0
case-8349f428fc0b7638,llama3.1:8b-instruct-q8_0,rule_rag,bottoms,1,68,0.2,0.2,,1.4705882352941178
case-4f314be34e5112c2,llama3.1:8b-instruct-q8_0,no_rag,bottoms,1,49,0.0,0.0,,0.0
case-4f314be34e5112c2,llama3.1:8b-instruct-q8_0,rule_rag,bottoms,1,72,0.16666666666666666,0.16666666666666666,0.0,1.3888888888888888
case-63d2228aab2a95e9,llama3.1:8b-instruct-q8_0,no_rag,bottoms,1,66,0.0,0.0,,0.0
case-63d2228aab2a95e9,llama3.1:8b-instruct-q8_0,rule_rag,bottoms,1,71,0.3333333333333333,0.3333333333333333,,2.816901408450704
case-a5208f7055d14d14,llama3.1:8b-instruct-q8_0,no_rag,bottoms,1,62,0.0,0.0,,0.0
case-a5208f7055d14d14,llama3.1:8b-instruct-q8_0,rule_rag,bottoms,1,62,0.3333333333333333,0.3333333333333333,,1.6129032258064515
case-b93bf97731508905,llama3.1:8b-instruct-q8_0,no_rag,bottoms,1,58,0.0,0.0,,0.0
case-b93bf97731508905,llama3.1:8b-instruct-q8_0,rule_rag,bottoms,1,60,0.5,0.5,,5.0
case-e4ac0a5e43d6be43,llama3.1:8b-instruct-q8_0,no_rag,bottoms,2,68,0.0,0.0,,0.0
case-e4ac0a5e43d6be43,llama3.1:8b-instruct-q8_0,rule_rag,bottoms,2,75,1.0,1.0,,4.0
case-1a68eddb9ffd239a,llama3.1:8b-instruct-q8_0,no_rag,bottoms,1,68,0.0,0.0,,0.0
case-1a68eddb9ffd239a,llama3.1:8b-instruct-q8_0,rule_rag,bottoms,1,71,0.3333333333333333,0.3333333333333333,,1.408450704225352
case-82aa8f252f4ad221,llama3.1:8b-instruct-q8_0,no_rag,bottoms,1,57,0.0,0.0,0.0,0.0
case-82aa8f252f4ad221,llama3.1:8b-instruct-q8_0,rule_rag,bottoms,1,64,0.25,0.25,,1.5625
case-abd6343cc9bfb19a,llama3.1:8b-instruct-q8_0,no_rag,bottoms,2,68,0.14285714285714285,0.14285714285714285,0.0,1.4705882352941178
case-abd6343cc9bfb19a,llama3.1:8b-instruct-q8_0,rule_rag,bottoms,2,75,0.5,0.5,,2.6666666666666665
case-738f79848e941268,llama3.1:8b-instruct-q8_0,no_rag,bottoms,3,62,0.0,0.0,,0.0
case-738f79848e941268,llama3.1:8b-instruct-q8_0,rule_rag,bottoms,3,68,0.3333333333333333,0.3333333333333333,,1.4705882352941178
case-36d5163b8f4be0a1,llama3.1:8b-instruct-q8_0,no_rag,bottoms,1,66,0.0,0.0,,0.0
case-36d5163b8f4be0a1,llama3.1:8b-instruct-q8_0,rule_rag,bottoms,1,74,0.3333333333333333,0.3333333333333333,,1.3513513513513513
case-9d08ed41af49eb7a,llama3.1:8b-instruct-q8_0,no_rag,bottoms,2,56,0.0,0.0,,0.0
case-9d08ed41af49eb7a,llama3.1:8b-instruct-q8_0,rule_rag,bottoms,2,70,0.3333333333333333,0.3333333333333333,,1.4285714285714286
case-65e46fb688749825,llama3.1:8b-instruct-q8_0,no_rag,bottoms,1,58,0.0,0.0,,0.0
case-65e46fb688749825,llama3.1:8b-instruct-q8_0,rule_rag,bottoms,1,62,0.0,0.0,0.0,0.0
case-9e0105778179541f,llama3.1:8b-instruct-q8_0,no_rag,bottoms,1,60,0.0,0.16666666666666666,,0.0
case-9e0105778179541f,llama3.1:8b-instruct-q8_0,rule_rag,bottoms,1,57,0.25,0.25,,1.7543859649122806
case-8ea978088f43a384,llama3.1:8b-instruct-q8_0,no_rag,bottoms,1,56,0.0,0.0,,0.0
case-8ea978088f43a384,llama3.1:8b-instruct-q8_0,rule_rag,bottoms,1,68,0.75,0.75,,4.411764705882353
case-ca964518d3cf3a78,llama3.1:8b-instruct-q8_0,no_rag,bottoms,1,63,0.0,0.0,,0.0
case-94fb417aa7000d83,llama3.1:8b-instruct-q8_0,no_rag,bottoms,1,58,0.0,0.0,,0.0
case-94fb417aa7000d83,llama3.1:8b-instruct-q8_0,rule_rag,bottoms,1,71,0.16666666666666666,0.16666666666666666,,1.408450704225352
case-cca4f77298454a1d,llama3.1:8b-instruct-q8_0,no_rag,bottoms,1,57,0.2,0.2,0.0,1.7543859649122806
case-cca4f77298454a1d,llama3.1:8b-instruct-q8_0,rule_rag,bottoms,1,60,0.3333333333333333,0.3333333333333333,,1.6666666666666667
case-cf7d90d96d094480,llama3.1:8b-instruct-q8_0,rule_rag,bottoms,1,71,0.125,0.125,0.0,1.408450704225352
case-6c91e4376a293695,llama3.1:8b-instruct-q8_0,no_rag,bottoms,1,64,0.0,0.0,0.0,0.0
case-16512ea253d9f43a,llama3.1:8b-instruct-q8_0,no_rag,bottoms,1,56,0.125,0.125,0.0,1.7857142857142858
case-16512ea253d9f43a,llama3.1:8b-instruct-q8_0,rule_rag,bottoms,1,65,0.3,0.3,0.0,4.615384615384615
case-03aa92a88990b171,llama3.1:8b-instruct-q8_0,no_rag,bottoms,1,69,0.0,0.0,,0.0
case-03aa92a88990b171,llama3.1:8b-instruct-q8_0,rule_rag,bottoms,1,69,0.0,0.0,,0.0
case-76ea242e676f6ade,llama3.1:8b-instruct-q8_0,no_rag,bottoms,1,59,0.0,0.0,,0.0
case-76ea242e676f6ade,llama3.1:8b-instruct-q8_0,rule_rag,bottoms,1,71,0.3333333333333333,0.3333333333333333,,2.816901408450704
case-318f21cce91b1acd,llama3.1:8b-instruct-q8_0,no_rag,bottoms,1,62,0.0,0.0,0.0,0.0
case-318f21cce91b1acd,llama3.1:8b-instruct-q8_0,rule_rag,bottoms,1,67,0.0,0.0,,0.0
case-d223bc3f33c919fd,llama3.1:8b-instruct-q8_0,no_rag,shoes,1,66,0.0,0.0,,0.0
case-d223bc3f33c919fd,llama3.1:8b-instruct-q8_0,rule_rag,shoes,1,74,0.0,0.0,,0.0
case-3b5f48f37a41aa0f,llama3.1:8b-instruct-q8_0,no_rag,shoes,1,55,0.09090909090909091,0.09090909090909091,0.0,1.8181818181818181
case-3b5f48f37a41aa0f,llama3.1:8b-instruct-q8_0,rule_rag,shoes,1,69,0.5714285714285714,0.5714285714285714,,5.797101449275362
case-3f9333411c3cb6fe,llama3.1:8b-instruct-q8_0,no_rag,shoes,1,60,0.0,0.0,,0.0
case-3f9333411c3cb6fe,llama3.1:8b-instruct-q8_0,rule_rag,shoes,1,68,0.2857142857142857,0.2857142857142857,,2.9411764705882355
case-2710eb84113dc9f6,llama3.1:8b-instruct-q8_0,no_rag,shoes,1,55,0.0,0.0,,0.0
case-2710eb84113dc9f6,llama3.1:8b-instruct-q8_0,rule_rag,shoes,1,70,0.3333333333333333,0.3333333333333333,,1.4285714285714286
case-8f77d4226a777c56,llama3.1:8b-instruct-q8_0,no_rag,shoes,1,58,0.0,0.0,,0.0
case-8f77d4226a777c56,llama3.1:8b-instruct-q8_0,rule_rag,shoes,1,69,0.16666666666666666,0.16666666666666666,,1.4492753623188406
case-4cf096f55643d9c2,llama3.1:8b-instruct-q8_0,no_rag,shoes,1,61,0.0,0.0,,0.0
case-4cf096f55643d9c2,llama3.1:8b-instruct-q8_0,rule_rag,shoes,1,61,0.8333333333333334,0.8333333333333334,0.0,8.19672131147541
case-9bcace2dfdd9cc31,llama3.1:8b-instruct-q8_0,no_rag,shoes,1,56,0.0,0.0,,0.0
case-9bcace2dfdd9cc31,llama3.1:8b-instruct-q8_0,rule_rag,shoes,1,66,0.2857142857142857,0.2857142857142857,,3.0303030303030303
case-03c159181e5dee57,llama3.1:8b-instruct-q8_0,no_rag,shoes,1,73,0.0,0.0,,0.0
case-03c159181e5dee57,llama3.1:8b-instruct-q8_0,rule_rag,shoes,1,62,0.6,0.6,,4.838709677419355
case-7daea1a1372c1483,llama3.1:8b-instruct-q8_0,no_rag,shoes,1,57,0.0,0.0,0.0,0.0
case-7daea1a1372c1483,llama3.1:8b-instruct-q8_0,rule_rag,shoes,1,69,0.5,0.5,,4.3478260869565215
case-b3cdbd3cb5d3d955,llama3.1:8b-instruct-q8_0,no_rag,shoes,1,58,0.14285714285714285,0.14285714285714285,,1.7241379310344827
case-b3cdbd3cb5d3d955,llama3.1:8b-instruct-q8_0,rule_rag,shoes,1,69,0.3333333333333333,0.3333333333333333,,1.4492753623188406
case-18a4a12f6193ad55,llama3.1:8b-instruct-q8_0,no_rag,shoes,1,68,0.0,0.0,0.0,0.0
case-18a4a12f6193ad55,llama3.1:8b-instruct-q8_0,rule_rag,shoes,1,66,0.0,0.0,0.0,0.0
case-3484a89e8f2822a0,llama3.1:8b-instruct-q8_0,no_rag,shoes,2,62,0.0,0.0,0.0,0.0
case-3484a89e8f2822a0,llama3.1:8b-instruct-q8_0,rule_rag,shoes,2,60,0.5555555555555556,0.5555555555555556,0.0,8.333333333333334
case-b8f2bcf32108d0c3,llama3.1:8b-instruct-q8_0,no_rag,shoes,1,54,0.0,0.0,,0.0
case-b8f2bcf32108d0c3,llama3.1:8b-instruct-q8_0,rule_rag,shoes,1,73,0.25,0.25,,1.36986301369863
case-b5e8dcbb166dc1a5,llama3.1:8b-instruct-q8_0,no_rag,shoes,1,61,0.0,0.0,,0.0
case-b5e8dcbb166dc1a5,llama3.1:8b-instruct-q8_0,rule_rag,shoes,1,75,0.5,0.5,,1.3333333333333333
case-97869a7da56bd812,llama3.1:8b-instruct-q8_0,no_rag,shoes,1,62,0.0,0.0,,0.0
case-97869a7da56bd812,llama3.1:8b-instruct-q8_0,rule_rag,shoes,1,73,0.3333333333333333,0.3333333333333333,,1.36986301369863
case-216ac70eeaf32dc9,llama3.1:8b-instruct-q8_0,no_rag,shoes,1,65,0.0,0.0,0.0,0.0
case-216ac70eeaf32dc9,llama3.1:8b-instruct-q8_0,rule_rag,shoes,1,70,0.25,0.25,,1.4285714285714286
case-e0415847d595a32a,llama3.1:8b-instruct-q8_0,no_rag,shoes,1,59,0.25,0.25,,1.694915254237288
case-e0415847d595a32a,llama3.1:8b-instruct-q8_0,rule_rag,shoes,1,62,0.0,0.0,0.0,0.0
case-8cf14fab75f46293,llama3.1:8b-instruct-q8_0,no_rag,shoes,1,50,0.0,0.0,,0.0
case-8cf14fab75f46293,llama3.1:8b-instruct-q8_0,rule_rag,shoes,1,70,0.5,0.5,,2.857142857142857
case-d9d7717598efb49e,llama3.1:8b-instruct-q8_0,no_rag,shoes,1,65,0.0,0.0,,0.0
case-d9d7717598efb49e,llama3.1:8b-instruct-q8_0,rule_rag,shoes,1,60,0.0,0.0,,0.0
case-d22ea202d39b847b,llama3.1:8b-instruct-q8_0,no_rag,shoes,1,59,0.0,0.0,,0.0
case-d22ea202d39b847b,llama3.1:8b-instruct-q8_0,rule_rag,shoes,1,75,0.42857142857142855,0.42857142857142855,,4.0
case-611766b23fdef85d,llama3.1:8b-instruct-q8_0,no_rag,shoes,1,54,0.0,0.0,,0.0
case-611766b23fdef85d,llama3.1:8b-instruct-q8_0,rule_rag,shoes,1,65,0.0,0.3333333333333333,,0.0
case-85ec27f16b8d327c,llama3.1:8b-instruct-q8_0,no_rag,shoes,1,62,0.0,0.0,,0.0
case-85ec27f16b8d327c,llama3.1:8b-instruct-q8_0,rule_rag,shoes,1,70,0.16666666666666666,0.16666666666666666,,1.4285714285714286
case-1d2737e23ac6b3f0,llama3.1:8b-instruct-q8_0,no_rag,shoes,1,63,0.0,0.0,0.0,0.0
case-1d2737e23ac6b3f0,llama3.1:8b-instruct-q8_0,rule_rag,shoes,1,70,0.0,0.0,,0.0
case-b5891b17e9582be0,llama3.1:8b-instruct-q8_0,no_rag,shoes,1,63,0.0,0.0,0.0,0.0
case-b5891b17e9582be0,llama3.1:8b-instruct-q8_0,rule_rag,shoes,1,62,0.0,0.0,,0.0
case-463e926e9e99d9ba,llama3.1:8b-instruct-q8_0,no_rag,shoes,1,65,0.0,0.0,,0.0
case-463e926e9e99d9ba,llama3.1:8b-instruct-q8_0,rule_rag,shoes,1,68,0.3333333333333333,0.3333333333333333,,2.9411764705882355
case-88b9c25feba9f990,llama3.1:8b-instruct-q8_0,no_rag,shoes,1,61,0.0,0.0,,0.0
case-6623a3f06836eee0,llama3.1:8b-instruct-q8_0,no_rag,shoes,1,64,0.0,0.0,,0.0
case-6623a3f06836eee0,llama3.1:8b-instruct-q8_0,rule_rag,shoes,1,70,0.0,0.0,,0.0
case-2f0037267d7a8d0c,llama3.1:8b-instruct-q8_0,no_rag,shoes,1,62,0.0,0.0,0.0,0.0
case-92a2f1b7ab2b53df,llama3.1:8b-instruct-q8_0,no_rag,shoes,1,57,0.0,0.0,0.0,0.0
case-92a2f1b7ab2b53df,llama3.1:8b-instruct-q8_0,rule_rag,shoes,1,62,0.14285714285714285,0.14285714285714285,,1.6129032258064515
case-aa08bbcd3047bb5d,llama3.1:8b-instruct-q8_0,no_rag,shoes,2,62,0.0,0.0,,0.0
case-aa08bbcd3047bb5d,llama3.1:8b-instruct-q8_0,rule_rag,shoes,2,75,0.4,0.4,,2.6666666666666665
case-1162e8ed0ed6ad00,llama3.1:8b-instruct-q8_0,no_rag,shoes,1,56,0.0,0.0,,0.0
case-1162e8ed0ed6ad00,llama3.1:8b-instruct-q8_0,rule_rag,shoes,1,72,0.3333333333333333,0.3333333333333333,,2.7777777777777777
case-0fe1a953b53776f6,llama3.1:8b-instruct-q8_0,no_rag,shoes,1,58,0.0,0.0,,0.0
case-0fe1a953b53776f6,llama3.1:8b-instruct-q8_0,rule_rag,shoes,1,66,0.25,0.25,,1.5151515151515151
case-69c8d2739999d79e,llama3.1:8b-instruct-q8_0,no_rag,shoes,2,68,0.0,0.0,,0.0
case-69c8d2739999d79e,llama3.1:8b-instruct-q8_0,rule_rag,shoes,2,70,0.0,0.0,,0.0
case-7755b461f4759928,llama3.1:8b-instruct-q8_0,no_rag,shoes,2,50,0.18181818181818182,0.18181818181818182,0.0,4.0
case-7755b461f4759928,llama3.1:8b-instruct-q8_0,rule_rag,shoes,2,72,0.16666666666666666,0.16666666666666666,,1.3888888888888888
case-34e82ce878d9baa4,llama3.1:8b-instruct-q8_0,no_rag,shoes,1,55,0.0,0.0,0.0,0.0
case-34e82ce878d9baa4,llama3.1:8b-instruct-q8_0,rule_rag,shoes,1,73,0.2,0.2,,1.36986301369863
case-f639be208463bed4,llama3.1:8b-instruct-q8_0,no_rag,shoes,1,63,0.0,0.0,,0.0
case-f639be208463bed4,llama3.1:8b-instruct-q8_0,rule_rag,shoes,1,66,0.3333333333333333,0.3333333333333333,,3.0303030303030303
case-e6a8fdf54339470d,llama3.1:8b-instruct-q8_0,no_rag,shoes,2,62,0.0,0.0,,0.0
case-e6a8fdf54339470d,llama3.1:8b-instruct-q8_0,rule_rag,shoes,2,73,0.25,0.5,,1.36986301369863
case-e4aa602db9064344,llama3.1:8b-instruct-q8_0,no_rag,shoes,1,59,0.375,0.375,0.0,5.084745762711864
case-e4aa602db9064344,llama3.1:8b-instruct-q8_0,rule_rag,shoes,1,63,0.0,0.0,,0.0
case-51d878f9301d9dc8,llama3.1:8b-instruct-q8_0,no_rag,shoes,1,59,0.0,0.0,,0.0
case-51d878f9301d9dc8,llama3.1:8b-instruct-q8_0,rule_rag,shoes,1,64,0.3333333333333333,0.3333333333333333,,1.5625
case-f76e34c623249a09,llama3.1:8b-instruct-q8_0,no_rag,shoes,1,55,0.0,0.0,,0.0
case-f76e34c623249a09,llama3.1:8b-instruct-q8_0,rule_rag,shoes,1,59,0.14285714285714285,0.14285714285714285,,1.694915254237288
case-0e09fa322e23031e,llama3.1:8b-instruct-q8_0,no_rag,shoes,1,55,0.0,0.0,,0.0
case-0e09fa322e23031e,llama3.1:8b-instruct-q8_0,rule_rag,shoes,1,63,0.3333333333333333,0.3333333333333333,,3.1746031746031744
case-08f8cffdd1fd87da,llama3.1:8b-instruct-q8_0,no_rag,shoes,1,66,0.0,0.0,,0.0
case-08f8cffdd1fd87da,llama3.1:8b-instruct-q8_0,rule_rag,shoes,1,60,0.2,0.2,,1.6666666666666667
case-a6c8e1165603f25b,llama3.1:8b-instruct-q8_0,no_rag,shoes,1,57,0.0,0.0,,0.0
case-a6c8e1165603f25b,llama3.1:8b-instruct-q8_0,rule_rag,shoes,1,64,0.0,0.0,,0.0
case-9a4db0d2e83d1695,llama3.1:8b-instruct-q8_0,no_rag,shoes,1,57,0.0,0.0,0.0,0.0
case-9a4db0d2e83d1695,llama3.1:8b-instruct-q8_0,rule_rag,shoes,1,69,0.25,0.25,0.0,1.4492753623188406
case-fb56ee8e6416e41d,llama3.1:8b-instruct-q8_0,no_rag,shoes,1,61,0.0,0.0,,0.0
case-fb56ee8e6416e41d,llama3.1:8b-instruct-q8_0,rule_rag,shoes,1,74,0.25,0.25,,1.3513513513513513
case-04c0e19c3be2d124,llama3.1:8b-instruct-q8_0,no_rag,shoes,1,55,0.0,0.0,0.0,0.0
case-04c0e19c3be2d124,llama3.1:8b-instruct-q8_0,rule_rag,shoes,1,68,0.16666666666666666,0.16666666666666666,0.0,2.9411764705882355
case-e33bdbd28c008ec0,llama3.1:8b-instruct-q8_0,no_rag,shoes,1,65,0.0,0.0,,0.0
case-e33bdbd28c008ec0,llama3.1:8b-instruct-q8_0,rule_rag,shoes,1,66,0.0,0.0,,0.0
case-8f1bdacb04e88d2b,llama3.1:8b-instruct-q8_0,no_rag,shoes,1,62,0.0,0.0,0.0,0.0
case-8f1bdacb04e88d2b,llama3.1:8b-instruct-q8_0,rule_rag,shoes,1,63,0.14285714285714285,0.14285714285714285,0.0,1.5873015873015872
case-7feb45a8ad29f57d,llama3.1:8b-instruct-q8_0,no_rag,shoes,1,60,0.0,0.0,,0.0
case-f3ca09946f86f804,llama3.1:8b-instruct-q8_0,no_rag,shoes,1,56,0.0,0.0,,0.0
case-f3ca09946f86f804,llama3.1:8b-instruct-q8_0,rule_rag,shoes,1,75,0.0,0.0,,0.0
case-049f4c3321d95a46,llama3.1:8b-instruct-q8_0,no_rag,shoes,2,64,0.0,0.0,,0.0
case-049f4c3321d95a46,llama3.1:8b-instruct-q8_0,rule_rag,shoes,2,64,0.0,0.0,0.0,0.0
case-78c921b2b4a5e544,llama3.1:8b-instruct-q8_0,no_rag,shoes,1,63,0.0,0.0,,0.0
case-78c921b2b4a5e544,llama3.1:8b-instruct-q8_0,rule_rag,shoes,1,70,0.2,0.2,,1.4285714285714286
case-fe4a41b4ad9d16ad,llama3.1:8b-instruct-q8_0,no_rag,shoes,1,60,0.0,0.0,,0.0
case-fe4a41b4ad9d16ad,llama3.1:8b-instruct-q8_0,rule_rag,shoes,1,65,0.2,0.2,,1.5384615384615385
case-47e3067a52cd77f0,llama3.1:8b-instruct-q8_0,no_rag,shoes,1,65,0.3333333333333333,0.3333333333333333,0.0,3.076923076923077
case-47e3067a52cd77f0,llama3.1:8b-instruct-q8_0,rule_rag,shoes,1,74,0.3333333333333333,0.3333333333333333,,1.3513513513513513
case-0a3210140612bf08,llama3.1:8b-instruct-q8_0,no_rag,shoes,1,65,0.0,0.0,0.0,0.0
case-0a3210140612bf08,llama3.1:8b-instruct-q8_0,rule_rag,shoes,1,73,0.0,0.0,0.0,0.0
case-fdec5e7905907833,llama3.1:8b-instruct-q8_0,no_rag,shoes,1,69,0.0,0.0,,0.0
case-fdec5e7905907833,llama3.1:8b-instruct-q8_0,rule_rag,shoes,1,55,0.5,0.5,,3.6363636363636362
case-02eee18676b73841,llama3.1:8b-instruct-q8_0,no_rag,shoes,1,61,0.0,0.0,,0.0
case-02eee18676b73841,llama3.1:8b-instruct-q8_0,rule_rag,shoes,1,72,0.5,0.5,,2.7777777777777777
case-a2abde66a3c63ac6,llama3.1:8b-instruct-q8_0,no_rag,shoes,3,58,0.0,0.0,,0.0
case-a2abde66a3c63ac6,llama3.1:8b-instruct-q8_0,rule_rag,shoes,3,72,0.25,0.25,,1.3888888888888888
case-6cb5892c6dc29d30,llama3.1:8b-instruct-q8_0,no_rag,shoes,2,54,0.0,0.0,0.0,0.0
case-6cb5892c6dc29d30,llama3.1:8b-instruct-q8_0,rule_rag,shoes,2,68,0.0,0.0,,0.0
case-a515187f2ac23d62,llama3.1:8b-instruct-q8_0,no_rag,shoes,1,57,0.0,0.0,,0.0
case-a515187f2ac23d62,llama3.1:8b-instruct-q8_0,rule_rag,shoes,1,68,0.5,0.5,,2.9411764705882355
case-b3f16b5164e10b07,llama3.1:8b-instruct-q8_0,no_rag,shoes,2,70,0.0,0.0,,0.0
case-b3f16b5164e10b07,llama3.1:8b-instruct-q8_0,rule_rag,shoes,2,72,0.0,0.0,,0.0
case-3088724ee56fe103,llama3.1:8b-instruct-q8_0,rule_rag,shoes,1,71,0.25,0.25,,1.408450704225352
case-4cb5d5d0a926a357,llama3.1:8b-instruct-q8_0,no_rag,shoes,1,66,0.0,0.0,,0.0
case-4cb5d5d0a926a357,llama3.1:8b-instruct-q8_0,rule_rag,shoes,1,65,0.0,0.0,,0.0
case-4513c5a5229f3cc8,llama3.1:8b-instruct-q8_0,no_rag,shoes,2,63,0.0,0.0,,0.0
case-4513c5a5229f3cc8,llama3.1:8b-instruct-q8_0,rule_rag,shoes,2,69,0.1111111111111111,0.1111111111111111,,1.4492753623188406
case-043797c4cb7dee57,llama3.1:8b-instruct-q8_0,no_rag,shoes,1,57,0.0,0.0,,0.0
case-043797c4cb7dee57,llama3.1:8b-instruct-q8_0,rule_rag,shoes,1,61,0.0,0.0,,0.0
case-abbacc58433f8649,llama3.1:8b-instruct-q8_0,no_rag,shoes,1,61,0.0,0.0,,0.0
case-abbacc58433f8649,llama3.1:8b-instruct-q8_0,rule_rag,shoes,1,63,0.5,0.5,,3.1746031746031744
case-2dd12213b1f6e303,llama3.1:8b-instruct-q8_0,no_rag,shoes,1,58,0.0,0.0,,0.0
case-2dd12213b1f6e303,llama3.1:8b-instruct-q8_0,rule_rag,shoes,1,58,0.0,0.0,,0.0
case-80245b8e3a1f2eab,llama3.1:8b-instruct-q8_0,no_rag,shoes,1,67,0.0,0.0,,0.0
case-80245b8e3a1f2eab,llama3.1:8b-instruct-q8_0,rule_rag,shoes,1,68,0.0,0.0,0.0,0.0
case-fd0ea19a16542367,llama3.1:8b-instruct-q8_0,no_rag,shoes,1,54,0.0,0.0,,0.0
case-fd0ea19a16542367,llama3.1:8b-instruct-q8_0,rule_rag,shoes,1,72,0.2,0.2,,1.3888888888888888
case-c8733bf42c735e40,llama3.1:8b-instruct-q8_0,no_rag,shoes,1,64,0.0,0.0,,0.0
case-c8733bf42c735e40,llama3.1:8b-instruct-q8_0,rule_rag,shoes,1,65,0.5,0.5,,3.076923076923077
case-b7db40718b1b1be4,llama3.1:8b-instruct-q8_0,no_rag,shoes,1,71,0.0,0.0,0.0,0.0
case-df7d09d69117fd4e,llama3.1:8b-instruct-q8_0,no_rag,shoes,1,55,0.0,0.0,,0.0
case-df7d09d69117fd4e,llama3.1:8b-instruct-q8_0,rule_rag,shoes,1,71,0.5,0.5,,2.816901408450704
case-e3e8650b6815c408,llama3.1:8b-instruct-q8_0,no_rag,shoes,1,68,0.0,0.1111111111111111,0.0,0.0
case-e3e8650b6815c408,llama3.1:8b-instruct-q8_0,rule_rag,shoes,1,66,0.6666666666666666,0.6666666666666666,,6.0606060606060606
case-3a93baa047109f3a,llama3.1:8b-instruct-q8_0,no_rag,shoes,1,63,0.0,0.0,,0.0
case-3a93baa047109f3a,llama3.1:8b-instruct-q8_0,rule_rag,shoes,1,70,0.4,0.4,,2.857142857142857
case-be0abfcd0d857983,llama3.1:8b-instruct-q8_0,no_rag,shoes,2,57,0.0,0.0,,0.0
case-be0abfcd0d857983,llama3.1:8b-instruct-q8_0,rule_rag,shoes,2,73,0.125,0.125,0.0,1.36986301369863
case-0565bcc9faed41ed,llama3.1:8b-instruct-q8_0,no_rag,shoes,1,61,0.0,0.0,,0.0
case-0565bcc9faed41ed,llama3.1:8b-instruct-q8_0,rule_rag,shoes,1,67,0.3333333333333333,0.3333333333333333,,4.477611940298507
case-be88815e58ac6c18,llama3.1:8b-instruct-q8_0,no_rag,shoes,1,61,0.0,0.0,,0.0
case-be88815e58ac6c18,llama3.1:8b-instruct-q8_0,rule_rag,shoes,1,73,1.0,1.0,,2.73972602739726
case-296e6b19ae62c75d,llama3.1:8b-instruct-q8_0,no_rag,shoes,1,65,0.0,0.0,,0.0
case-296e6b19ae62c75d,llama3.1:8b-instruct-q8_0,rule_rag,shoes,1,60,0.5,0.5,,3.3333333333333335
case-685c3cbd961f473e,llama3.1:8b-instruct-q8_0,no_rag,shoes,1,60,0.0,0.0,,0.0
case-685c3cbd961f473e,llama3.1:8b-instruct-q8_0,rule_rag,shoes,1,68,0.75,0.75,,4.411764705882353
case-564c35fc5525c6d7,llama3.1:8b-instruct-q8_0,no_rag,shoes,1,65,0.0,0.0,,0.0
case-564c35fc5525c6d7,llama3.1:8b-instruct-q8_0,rule_rag,shoes,1,67,0.0,0.0,,0.0
case-f9d36728095e2ded,llama3.1:8b-instruct-q8_0,no_rag,shoes,1,62,0.0,0.0,,0.0
case-f9d36728095e2ded,llama3.1:8b-instruct-q8_0,rule_rag,shoes,1,75,0.6,0.6,,4.0
case-8d25a0449f9ea874,llama3.1:8b-instruct-q8_0,no_rag,shoes,1,60,0.0,0.0,,0.0
case-8d25a0449f9ea874,llama3.1:8b-instruct-q8_0,rule_rag,shoes,1,73,0.5,0.5,,2.73972602739726
case-6eee33da7de7fca7,llama3.1:8b-instruct-q8_0,no_rag,shoes,1,54,0.0,0.0,0.0,0.0
case-6eee33da7de7fca7,llama3.1:8b-instruct-q8_0,rule_rag,shoes,1,64,0.0,0.0,,0.0
case-7720a8d795af6264,llama3.1:8b-instruct-q8_0,no_rag,shoes,1,59,0.0,0.0,,0.0
case-01791dc765e6cf67,llama3.1:8b-instruct-q8_0,no_rag,shoes,1,60,0.0,0.0,,0.0
case-01791dc765e6cf67,llama3.1:8b-instruct-q8_0,rule_rag,shoes,1,72,0.0,0.3333333333333333,,0.0
case-82f1e3e83b6b6a0c,llama3.1:8b-instruct-q8_0,no_rag,shoes,1,56,0.0,0.0,,0.0
case-82f1e3e83b6b6a0c,llama3.1:8b-instruct-q8_0,rule_rag,shoes,1,66,0.25,0.25,,1.5151515151515151
case-6a432761da9c260a,llama3.1:8b-instruct-q8_0,no_rag,shoes,1,60,0.0,0.0,0.0,0.0
case-6a432761da9c260a,llama3.1:8b-instruct-q8_0,rule_rag,shoes,1,70,0.4,0.4,,2.857142857142857
case-8c53b0f615d3bd09,llama3.1:8b-instruct-q8_0,no_rag,shoes,1,57,0.0,0.0,,0.0
case-8c53b0f615d3bd09,llama3.1:8b-instruct-q8_0,rule_rag,shoes,1,60,0.25,0.25,,1.6666666666666667
case-bdc08581897cce21,llama3.1:8b-instruct-q8_0,no_rag,shoes,2,64,0.0,0.0,,0.0
case-bdc08581897cce21,llama3.1:8b-instruct-q8_0,rule_rag,shoes,2,73,0.4,0.4,,2.73972602739726
case-70fbd8db87657a69,llama3.1:8b-instruct-q8_0,no_rag,shoes,1,62,0.25,0.25,0.0,3.225806451612903
case-70fbd8db87657a69,llama3.1:8b-instruct-q8_0,rule_rag,shoes,1,60,0.3333333333333333,0.3333333333333333,,3.3333333333333335
case-dc4715aac3ac4b83,llama3.1:8b-instruct-q8_0,no_rag,shoes,1,51,0.0,0.0,,0.0
case-dc4715aac3ac4b83,llama3.1:8b-instruct-q8_0,rule_rag,shoes,1,71,0.0,0.0,,0.0
case-f589d0b1915aa942,llama3.1:8b-instruct-q8_0,no_rag,shoes,1,48,0.0,0.0,,0.0
case-f589d0b1915aa942,llama3.1:8b-instruct-q8_0,rule_rag,shoes,1,63,0.25,0.25,,1.5873015873015872
case-e6475c6cbe86332f,llama3.1:8b-instruct-q8_0,rule_rag,shoes,1,56,0.25,0.25,,3.5714285714285716
case-b2ac2a635ceee426,llama3.1:8b-instruct-q8_0,no_rag,shoes,1,63,0.14285714285714285,0.14285714285714285,0.0,1.5873015873015872
case-b2ac2a635ceee426,llama3.1:8b-instruct-q8_0,rule_rag,shoes,1,70,0.2857142857142857,0.2857142857142857,,2.857142857142857
case-d91b075c634f86a9,llama3.1:8b-instruct-q8_0,no_rag,shoes,1,54,0.0,0.0,,0.0
case-d91b075c634f86a9,llama3.1:8b-instruct-q8_0,rule_rag,shoes,1,63,0.5714285714285714,0.5714285714285714,,6.349206349206349
case-1acf945c74bef884,llama3.1:8b-instruct-q8_0,no_rag,shoes,1,54,0.0,0.0,,0.0
case-f456466d172dabc8,llama3.1:8b-instruct-q8_0,no_rag,shoes,1,69,0.0,0.0,,0.0
case-f456466d172dabc8,llama3.1:8b-instruct-q8_0,rule_rag,shoes,1,70,0.0,0.0,,0.0
case-698e3d5b9b81d0c0,llama3.1:8b-instruct-q8_0,no_rag,shoes,3,55,0.0,0.0,,0.0
case-698e3d5b9b81d0c0,llama3.1:8b-instruct-q8_0,rule_rag,shoes,3,64,0.16666666666666666,0.16666666666666666,,1.5625
case-81d6a0988faa4591,llama3.1:8b-instruct-q8_0,no_rag,shoes,1,52,0.0,0.0,,0.0
case-81d6a0988faa4591,llama3.1:8b-instruct-q8_0,rule_rag,shoes,1,74,0.5,0.5,,2.7027027027027026
case-de057b5453abd0b9,llama3.1:8b-instruct-q8_0,no_rag,shoes,1,59,0.0,0.0,0.0,0.0
case-de057b5453abd0b9,llama3.1:8b-instruct-q8_0,rule_rag,shoes,1,68,0.0,0.0,0.0,0.0
case-45d14d02101f56a5,llama3.1:8b-instruct-q8_0,no_rag,outerwear,1,57,0.0,0.0,,0.0
case-45d14d02101f56a5,llama3.1:8b-instruct-q8_0,rule_rag,outerwear,1,65,0.5,0.5,,3.076923076923077
case-37ca5d93803056f1,llama3.1:8b-instruct-q8_0,no_rag,outerwear,1,60,0.0,0.0,0.0,0.0
case-37ca5d93803056f1,llama3.1:8b-instruct-q8_0,rule_rag,outerwear,1,68,0.6,0.6,,4.411764705882353
case-ba3567f28e01ac21,llama3.1:8b-instruct-q8_0,no_rag,outerwear,1,62,0.0,0.0,,0.0
case-6db25a2bd7a8df2c,llama3.1:8b-instruct-q8_0,no_rag,outerwear,2,62,0.0,0.0,,0.0
case-6db25a2bd7a8df2c,llama3.1:8b-instruct-q8_0,rule_rag,outerwear,2,71,0.16666666666666666,0.16666666666666666,,1.408450704225352
case-c3143592be34268f,llama3.1:8b-instruct-q8_0,no_rag,outerwear,1,60,0.125,0.125,0.0,1.6666666666666667
case-c3143592be34268f,llama3.1:8b-instruct-q8_0,rule_rag,outerwear,1,70,0.25,0.25,,1.4285714285714286
case-ad3f2e8805582409,llama3.1:8b-instruct-q8_0,no_rag,outerwear,2,62,0.0,0.0,,0.0
case-ad3f2e8805582409,llama3.1:8b-instruct-q8_0,rule_rag,outerwear,2,63,0.4,0.4,0.0,3.1746031746031744
case-8c96e47351a66444,llama3.1:8b-instruct-q8_0,no_rag,outerwear,3,58,0.0,0.0,,0.0
case-8c96e47351a66444,llama3.1:8b-instruct-q8_0,rule_rag,outerwear,3,58,0.0,0.0,,0.0
case-69f8aed48fa1dca1,llama3.1:8b-instruct-q8_0,no_rag,outerwear,2,61,0.0,0.0,,0.0
case-69f8aed48fa1dca1,llama3.1:8b-instruct-q8_0,rule_rag,outerwear,2,63,0.2,0.2,,1.5873015873015872
case-ae074bb0015a3d75,llama3.1:8b-instruct-q8_0,no_rag,outerwear,1,58,0.0,0.0,,0.0
case-ae074bb0015a3d75,llama3.1:8b-instruct-q8_0,rule_rag,outerwear,1,63,0.3333333333333333,0.3333333333333333,,1.5873015873015872
case-1b29b19b84746cc8,llama3.1:8b-instruct-q8_0,no_rag,outerwear,1,55,0.0,0.0,,0.0
case-1b29b19b84746cc8,llama3.1:8b-instruct-q8_0,rule_rag,outerwear,1,53,0.4,0.4,,3.7735849056603774
case-1f9625ec5b3bce19,llama3.1:8b-instruct-q8_0,no_rag,outerwear,1,64,0.0,0.0,,0.0
case-dfb8333520da71d1,llama3.1:8b-instruct-q8_0,no_rag,outerwear,1,58,0.0,0.0,,0.0
case-dfb8333520da71d1,llama3.1:8b-instruct-q8_0,rule_rag,outerwear,1,65,0.2,0.2,,1.5384615384615385
case-aad581a28b4c003d,llama3.1:8b-instruct-q8_0,no_rag,outerwear,1,67,0.0,0.0,,0.0
case-aad581a28b4c003d,llama3.1:8b-instruct-q8_0,rule_rag,outerwear,1,69,0.4,0.4,,2.898550724637681
case-fb5032d99e47b0e5,llama3.1:8b-instruct-q8_0,no_rag,outerwear,1,64,0.25,0.25,0.0,3.125
case-fb5032d99e47b0e5,llama3.1:8b-instruct-q8_0,rule_rag,outerwear,1,70,0.4,0.4,,2.857142857142857
case-880e065e37616656,llama3.1:8b-instruct-q8_0,no_rag,outerwear,1,63,0.2222222222222222,0.2222222222222222,0.0,3.1746031746031744
case-880e065e37616656,llama3.1:8b-instruct-q8_0,rule_rag,outerwear,1,54,0.0,0.0,0.0,0.0
case-80648b3e49a84db1,llama3.1:8b-instruct-q8_0,no_rag,outerwear,2,51,0.0,0.0,,0.0
case-80648b3e49a84db1,llama3.1:8b-instruct-q8_0,rule_rag,outerwear,2,72,0.0,0.0,,0.0
case-34e705af854dd2fc,llama3.1:8b-instruct-q8_0,no_rag,outerwear,1,65,0.125,0.125,,1.5384615384615385
case-34e705af854dd2fc,llama3.1:8b-instruct-q8_0,rule_rag,outerwear,1,64,1.0,1.0,,6.25
case-d9ba9bc0fcd90fbc,llama3.1:8b-instruct-q8_0,no_rag,outerwear,1,62,0.25,0.25,,1.6129032258064515
case-d9ba9bc0fcd90fbc,llama3.1:8b-instruct-q8_0,rule_rag,outerwear,1,68,0.16666666666666666,0.16666666666666666,,1.4705882352941178
case-4cedb91c2c64159c,llama3.1:8b-instruct-q8_0,no_rag,outerwear,1,61,0.0,0.0,,0.0
case-4cedb91c2c64159c,llama3.1:8b-instruct-q8_0,rule_rag,outerwear,1,70,0.3333333333333333,0.3333333333333333,,1.4285714285714286
case-a73ea6f7d1868876,llama3.1:8b-instruct-q8_0,no_rag,outerwear,1,57,0.0,0.0,,0.0
case-a73ea6f7d1868876,llama3.1:8b-instruct-q8_0,rule_rag,outerwear,1,63,0.0,0.0,,0.0
case-41f2e56595efb1ca,llama3.1:8b-instruct-q8_0,no_rag,outerwear,1,59,0.0,0.0,,0.0
case-41f2e56595efb1ca,llama3.1:8b-instruct-q8_0,rule_rag,outerwear,1,71,0.2857142857142857,0.2857142857142857,,2.816901408450704
case-260981628aae3e9a,llama3.1:8b-instruct-q8_0,no_rag,outerwear,2,57,0.0,0.0,,0.0
case-260981628aae3e9a,llama3.1:8b-instruct-q8_0,rule_rag,outerwear,2,67,0.0,0.0,,0.0
case-4056d280137a90ec,llama3.1:8b-instruct-q8_0,no_rag,outerwear,1,66,0.0,0.0,,0.0
case-4056d280137a90ec,llama3.1:8b-instruct-q8_0,rule_rag,outerwear,1,64,0.16666666666666666,0.16666666666666666,,1.5625
case-e50129a7d6461ffe,llama3.1:8b-instruct-q8_0,no_rag,outerwear,2,64,0.25,0.25,,3.125
case-e50129a7d6461ffe,llama3.1:8b-instruct-q8_0,rule_rag,outerwear,2,70,0.0,0.0,,0.0
case-e4cf649abc96128d,llama3.1:8b-instruct-q8_0,no_rag,outerwear,1,58,0.125,0.125,,1.7241379310344827
case-e4cf649abc96128d,llama3.1:8b-instruct-q8_0,rule_rag,outerwear,1,57,0.5,0.5,,5.2631578947368425
case-a4c7797664411475,llama3.1:8b-instruct-q8_0,no_rag,outerwear,1,57,0.0,0.0,0.0,0.0
case-a4c7797664411475,llama3.1:8b-instruct-q8_0,rule_rag,outerwear,1,64,0.375,0.375,0.0,4.6875
case-40e632bed4b2d24c,llama3.1:8b-instruct-q8_0,no_rag,outerwear,1,57,0.0,0.0,,0.0
case-40e632bed4b2d24c,llama3.1:8b-instruct-q8_0,rule_rag,outerwear,1,73,0.375,0.375,,4.109589041095891
case-7fd5dbf7a1986752,llama3.1:8b-instruct-q8_0,no_rag,outerwear,2,64,0.0,0.0,,0.0
case-7fd5dbf7a1986752,llama3.1:8b-instruct-q8_0,rule_rag,outerwear,2,66,0.0,0.0,,0.0
case-03ef2447e81a3c05,llama3.1:8b-instruct-q8_0,no_rag,outerwear,2,59,0.0,0.0,,0.0
case-03ef2447e81a3c05,llama3.1:8b-instruct-q8_0,rule_rag,outerwear,2,73,0.3333333333333333,0.3333333333333333,,2.73972602739726
case-efd92660d8a6453f,llama3.1:8b-instruct-q8_0,no_rag,outerwear,1,52,0.0,0.0,,0.0
case-c6675b2abc9a33c8,llama3.1:8b-instruct-q8_0,no_rag,outerwear,1,52,0.0,0.0,,0.0
case-c6675b2abc9a33c8,llama3.1:8b-instruct-q8_0,rule_rag,outerwear,1,65,0.5,0.5,,3.076923076923077
case-4054549a8e5a8ae7,llama3.1:8b-instruct-q8_0,no_rag,outerwear,1,69,0.0,0.0,,0.0
case-4054549a8e5a8ae7,llama3.1:8b-instruct-q8_0,rule_rag,outerwear,1,69,0.4444444444444444,0.4444444444444444,,5.797101449275362
case-f23a4cac7ebd192c,llama3.1:8b-instruct-q8_0,no_rag,outerwear,2,60,0.0,0.0,,0.0
case-f23a4cac7ebd192c,llama3.1:8b-instruct-q8_0,rule_rag,outerwear,2,67,0.5,0.5,,2.985074626865672
case-3f55321c82664d81,llama3.1:8b-instruct-q8_0,no_rag,outerwear,1,60,0.0,0.0,,0.0
case-3f55321c82664d81,llama3.1:8b-instruct-q8_0,rule_rag,outerwear,1,63,0.0,0.0,0.0,0.0
case-89d817553eb87ae7,llama3.1:8b-instruct-q8_0,no_rag,outerwear,1,56,0.0,0.0,0.0,0.0
case-89d817553eb87ae7,llama3.1:8b-instruct-q8_0,rule_rag,outerwear,1,69,0.5,0.5,,2.898550724637681
case-ada89b267ec582bf,llama3.1:8b-instruct-q8_0,no_rag,outerwear,1,61,0.0,0.0,,0.0
case-ada89b267ec582bf,llama3.1:8b-instruct-q8_0,rule_rag,outerwear,1,58,0.3333333333333333,0.3333333333333333,,1.7241379310344827
case-b17e4f9154dfdade,llama3.1:8b-instruct-q8_0,no_rag,outerwear,1,56,0.0,0.0,0.0,0.0
case-b17e4f9154dfdade,llama3.1:8b-instruct-q8_0,rule_rag,outerwear,1,66,0.5,0.5,,3.0303030303030303
case-5f664d1ed4ceb29f,llama3.1:8b-instruct-q8_0,no_rag,outerwear,2,69,0.14285714285714285,0.14285714285714285,0.0,1.4492753623188406
case-5f664d1ed4ceb29f,llama3.1:8b-instruct-q8_0,rule_rag,outerwear,2,64,0.4,0.4,,3.125
case-79b9dac1e486af78,llama3.1:8b-instruct-q8_0,no_rag,outerwear,1,59,0.125,0.125,0.0,1.694915254237288
case-79b9dac1e486af78,llama3.1:8b-instruct-q8_0,rule_rag,outerwear,1,56,0.75,0.75,,5.357142857142857
case-2a2ec5d056dc89c6,llama3.1:8b-instruct-q8_0,no_rag,outerwear,1,52,0.0,0.0,,0.0
case-2a2ec5d056dc89c6,llama3.1:8b-instruct-q8_0,rule_rag,outerwear,1,74,1.0,1.0,,5.405405405405405
case-0173bdb2934d615e,llama3.1:8b-instruct-q8_0,no_rag,outerwear,1,65,0.0,0.0,0.0,0.0
case-0173bdb2934d615e,llama3.1:8b-instruct-q8_0,rule_rag,outerwear,1,67,0.08333333333333333,0.08333333333333333,0.0,1.492537313432836
case-14b7352b2d12f819,llama3.1:8b-instruct-q8_0,no_rag,outerwear,2,57,0.0,0.0,,0.0
case-14b7352b2d12f819,llama3.1:8b-instruct-q8_0,rule_rag,outerwear,2,66,0.0,0.0,,0.0
case-0c1644002e09f0a9,llama3.1:8b-instruct-q8_0,no_rag,outerwear,1,53,0.0,0.0,,0.0
case-0c1644002e09f0a9,llama3.1:8b-instruct-q8_0,rule_rag,outerwear,1,64,0.6666666666666666,0.6666666666666666,,3.125
case-28797a81b6bbfaea,llama3.1:8b-instruct-q8_0,no_rag,outerwear,1,69,0.0,0.0,0.0,0.0
case-28797a81b6bbfaea,llama3.1:8b-instruct-q8_0,rule_rag,outerwear,1,73,0.5714285714285714,0.5714285714285714,0.0,5.47945205479452
case-162553774c68df41,llama3.1:8b-instruct-q8_0,no_rag,outerwear,2,55,0.16666666666666666,0.16666666666666666,0.0,1.8181818181818181
case-162553774c68df41,llama3.1:8b-instruct-q8_0,rule_rag,outerwear,2,69,0.5,0.5,0.0,2.898550724637681
case-5ec3d961036cff40,llama3.1:8b-instruct-q8_0,no_rag,outerwear,2,66,0.0,0.0,,0.0
case-5ec3d961036cff40,llama3.1:8b-instruct-q8_0,rule_rag,outerwear,2,68,0.4,0.4,,2.9411764705882355
case-0e610afd8b819497,llama3.1:8b-instruct-q8_0,no_rag,outerwear,1,58,0.0,0.0,,0.0
case-0e610afd8b819497,llama3.1:8b-instruct-q8_0,rule_rag,outerwear,1,63,0.3333333333333333,0.3333333333333333,,3.1746031746031744
case-35247481bc9f87aa,llama3.1:8b-instruct-q8_0,no_rag,outerwear,2,56,0.14285714285714285,0.14285714285714285,0.0,1.7857142857142858
case-35247481bc9f87aa,llama3.1:8b-instruct-q8_0,rule_rag,outerwear,2,66,0.16666666666666666,0.16666666666666666,,1.5151515151515151
case-c84b7c490ea74db8,llama3.1:8b-instruct-q8_0,no_rag,outerwear,1,59,0.0,0.0,,0.0
case-c84b7c490ea74db8,llama3.1:8b-instruct-q8_0,rule_rag,outerwear,1,72,0.25,0.25,,1.3888888888888888
case-5d62b571a35bd590,llama3.1:8b-instruct-q8_0,no_rag,outerwear,1,59,0.0,0.0,0.0,0.0
case-f7ca55167b175bf6,llama3.1:8b-instruct-q8_0,no_rag,outerwear,1,58,0.0,0.0,,0.0
case-f7ca55167b175bf6,llama3.1:8b-instruct-q8_0,rule_rag,outerwear,1,74,0.0,0.16666666666666666,,0.0
case-f8ffd6d71a270252,llama3.1:8b-instruct-q8_0,no_rag,outerwear,1,55,0.0,0.0,,0.0
case-f8ffd6d71a270252,llama3.1:8b-instruct-q8_0,rule_rag,outerwear,1,69,1.0,1.0,,5.797101449275362
case-a047521daeb33818,llama3.1:8b-instruct-q8_0,rule_rag,outerwear,1,74,0.25,0.25,,1.3513513513513513
case-1f56a1ea393cad23,llama3.1:8b-instruct-q8_0,no_rag,outerwear,1,62,0.0,0.0,,0.0
case-1f56a1ea393cad23,llama3.1:8b-instruct-q8_0,rule_rag,outerwear,1,67,0.25,0.25,,1.492537313432836
case-fe4d5e37a3af844b,llama3.1:8b-instruct-q8_0,no_rag,outerwear,1,56,0.0,0.0,,0.0
case-fe4d5e37a3af844b,llama3.1:8b-instruct-q8_0,rule_rag,outerwear,1,66,0.0,0.0,,0.0
case-eae9d40b3c26eb1f,llama3.1:8b-instruct-q8_0,no_rag,outerwear,1,53,0.0,0.0,,0.0
case-eae9d40b3c26eb1f,llama3.1:8b-instruct-q8_0,rule_rag,outerwear,1,63,0.4,0.4,,3.1746031746031744
case-82376f78fb26f2d7,llama3.1:8b-instruct-q8_0,no_rag,outerwear,1,60,0.0,0.0,,0.0
case-82376f78fb26f2d7,llama3.1:8b-instruct-q8_0,rule_rag,outerwear,1,65,0.0,0.25,,0.0
case-dde11f06d79c8f8b,llama3.1:8b-instruct-q8_0,no_rag,outerwear,2,60,0.0,0.0,,0.0
case-dde11f06d79c8f8b,llama3.1:8b-instruct-q8_0,rule_rag,outerwear,2,63,0.3333333333333333,0.3333333333333333,,1.5873015873015872
case-eb837537afb53719,llama3.1:8b-instruct-q8_0,no_rag,outerwear,2,63,0.0,0.0,,0.0
case-eb837537afb53719,llama3.1:8b-instruct-q8_0,rule_rag,outerwear,2,74,0.2,0.2,,1.3513513513513513
case-3b372de1e59de7e3,llama3.1:8b-instruct-q8_0,no_rag,outerwear,1,65,0.0,0.0,,0.0
case-3b372de1e59de7e3,llama3.1:8b-instruct-q8_0,rule_rag,outerwear,1,63,0.0,0.0,,0.0
case-87d568be3364da41,llama3.1:8b-instruct-q8_0,no_rag,outerwear,3,66,0.0,0.0,,0.0
case-87d568be3364da41,llama3.1:8b-instruct-q8_0,rule_rag,outerwear,3,59,0.25,0.25,,1.694915254237288
case-0b262dcd5d6c39a4,llama3.1:8b-instruct-q8_0,no_rag,outerwear,2,75,0.0,0.0,,0.0
case-0b262dcd5d6c39a4,llama3.1:8b-instruct-q8_0,rule_rag,outerwear,2,74,0.0,0.0,,0.0
case-08579e6c896be310,llama3.1:8b-instruct-q8_0,no_rag,outerwear,2,60,0.0,0.0,,0.0
case-08579e6c896be310,llama3.1:8b-instruct-q8_0,rule_rag,outerwear,2,69,0.125,0.125,,1.4492753623188406
case-a70c54680aa27909,llama3.1:8b-instruct-q8_0,no_rag,outerwear,2,59,0.2,0.2,,1.694915254237288
case-a70c54680aa27909,llama3.1:8b-instruct-q8_0,rule_rag,outerwear,2,71,0.0,0.0,,0.0
case-9e7bbf7fb677ace5,llama3.1:8b-instruct-q8_0,no_rag,outerwear,1,53,0.0,0.0,,0.0
case-9e7bbf7fb677ace5,llama3.1:8b-instruct-q8_0,rule_rag,outerwear,1,75,0.25,0.25,,1.3333333333333333
case-74660e9ba52c9cfa,llama3.1:8b-instruct-q8_0,no_rag,outerwear,1,68,0.0,0.0,,0.0
case-74660e9ba52c9cfa,llama3.1:8b-instruct-q8_0,rule_rag,outerwear,1,71,0.6,0.6,,4.225352112676056
case-de3163b7018d75ee,llama3.1:8b-instruct-q8_0,no_rag,outerwear,1,60,0.0,0.0,,0.0
case-de3163b7018d75ee,llama3.1:8b-instruct-q8_0,rule_rag,outerwear,1,67,0.16666666666666666,0.16666666666666666,,1.492537313432836
case-cf4175b42222defb,llama3.1:8b-instruct-q8_0,no_rag,outerwear,1,60,0.0,0.0,0.0,0.0
case-cf4175b42222defb,llama3.1:8b-instruct-q8_0,rule_rag,outerwear,1,64,0.0,0.0,,0.0
case-b6a634f1b3ff7f97,llama3.1:8b-instruct-q8_0,no_rag,outerwear,1,65,0.0,0.0,0.0,0.0
case-b6a634f1b3ff7f97,llama3.1:8b-instruct-q8_0,rule_rag,outerwear,1,62,0.25,0.25,,1.6129032258064515
case-d33b8ae29039eeb2,llama3.1:8b-instruct-q8_0,no_rag,outerwear,2,61,0.0,0.0,,0.0
case-f0190ff9482ff327,llama3.1:8b-instruct-q8_0,no_rag,outerwear,1,58,0.0,0.0,,0.0
case-f0190ff9482ff327,llama3.1:8b-instruct-q8_0,rule_rag,outerwear,1,64,0.0,0.0,,0.0
case-84493325ca805eea,llama3.1:8b-instruct-q8_0,no_rag,outerwear,1,65,0.0,0.0,,0.0
case-84493325ca805eea,llama3.1:8b-instruct-q8_0,rule_rag,outerwear,1,67,0.5,0.5,,1.492537313432836
case-dc14b267771cc49d,llama3.1:8b-instruct-q8_0,no_rag,outerwear,1,55,0.0,0.0,,0.0
case-21a63fff9a220bba,llama3.1:8b-instruct-q8_0,no_rag,outerwear,1,61,0.0,0.0,,0.0
case-21a63fff9a220bba,llama3.1:8b-instruct-q8_0,rule_rag,outerwear,1,71,0.5714285714285714,0.5714285714285714,,5.633802816901408
case-a0dd3c75a186f3c0,llama3.1:8b-instruct-q8_0,no_rag,outerwear,1,66,0.0,0.0,,0.0
case-a0dd3c75a186f3c0,llama3.1:8b-instruct-q8_0,rule_rag,outerwear,1,60,0.16666666666666666,0.16666666666666666,,1.6666666666666667
case-fa9a66e63bb75f63,llama3.1:8b-instruct-q8_0,no_rag,outerwear,1,62,0.0,0.0,,0.0
case-fa9a66e63bb75f63,llama3.1:8b-instruct-q8_0,rule_rag,outerwear,1,69,0.4,0.4,,2.898550724637681
case-f2933aca4d414359,llama3.1:8b-instruct-q8_0,no_rag,outerwear,2,65,0.0,0.0,0.0,0.0
case-f2933aca4d414359,llama3.1:8b-instruct-q8_0,rule_rag,outerwear,2,73,0.0,0.0,,0.0
case-45c30cf3d7826943,llama3.1:8b-instruct-q8_0,no_rag,outerwear,2,57,0.0,0.0,,0.0
case-45c30cf3d7826943,llama3.1:8b-instruct-q8_0,rule_rag,outerwear,2,72,0.0,0.2,,0.0
case-0216651fe59b29df,llama3.1:8b-instruct-q8_0,no_rag,outerwear,1,57,0.0,0.0,,0.0
case-0216651fe59b29df,llama3.1:8b-instruct-q8_0,rule_rag,outerwear,1,64,0.75,0.75,,4.6875
case-414a1eee02ee8a9d,llama3.1:8b-instruct-q8_0,no_rag,outerwear,1,53,0.0,0.0,,0.0
case-414a1eee02ee8a9d,llama3.1:8b-instruct-q8_0,rule_rag,outerwear,1,71,0.3333333333333333,0.3333333333333333,,2.816901408450704
case-7ea95ebc5127fcf9,llama3.1:8b-instruct-q8_0,no_rag,outerwear,1,55,0.0,0.0,,0.0
case-6a01b6ffd8a5b72e,llama3.1:8b-instruct-q8_0,no_rag,outerwear,1,63,0.2,0.2,0.0,1.5873015873015872
case-6a01b6ffd8a5b72e,llama3.1:8b-instruct-q8_0,rule_rag,outerwear,1,64,0.4,0.4,,3.125
case-721d857c59b20626,llama3.1:8b-instruct-q8_0,no_rag,outerwear,1,55,0.0,0.0,,0.0
case-721d857c59b20626,llama3.1:8b-instruct-q8_0,rule_rag,outerwear,1,49,0.3333333333333333,0.3333333333333333,,2.0408163265306123
case-d72ad0cefad4fa7c,llama3.1:8b-instruct-q8_0,no_rag,outerwear,1,58,0.0,0.0,,0.0
case-d72ad0cefad4fa7c,llama3.1:8b-instruct-q8_0,rule_rag,outerwear,1,62,0.6666666666666666,0.6666666666666666,,3.225806451612903
case-9b80d90c3771b1ab,llama3.1:8b-instruct-q8_0,no_rag,outerwear,1,58,0.16666666666666666,0.16666666666666666,0.0,1.7241379310344827
case-9b80d90c3771b1ab,llama3.1:8b-instruct-q8_0,rule_rag,outerwear,1,75,0.3333333333333333,0.3333333333333333,,1.3333333333333333
case-3219c5f313052a17,llama3.1:8b-instruct-q8_0,no_rag,outerwear,1,65,0.0,0.0,,0.0
case-3219c5f313052a17,llama3.1:8b-instruct-q8_0,rule_rag,outerwear,1,65,0.16666666666666666,0.16666666666666666,,1.5384615384615385
case-0e732fb05fe127b8,llama3.1:8b-instruct-q8_0,no_rag,outerwear,1,54,0.0,0.0,0.0,0.0
case-0c5484cde5027e15,llama3.1:8b-instruct-q8_0,no_rag,outerwear,1,63,0.0,0.0,,0.0
case-0c5484cde5027e15,llama3.1:8b-instruct-q8_0,rule_rag,outerwear,1,69,0.3333333333333333,0.3333333333333333,,2.898550724637681
case-3a6c86c940652fe6,llama3.1:8b-instruct-q8_0,no_rag,outerwear,3,63,0.0,0.0,,0.0
case-3a6c86c940652fe6,llama3.1:8b-instruct-q8_0,rule_rag,outerwear,3,68,0.2857142857142857,0.2857142857142857,,2.9411764705882355
case-b8c19d6762d091d5,llama3.1:8b-instruct-q8_0,no_rag,outerwear,3,65,0.0,0.0,,0.0
case-b8c19d6762d091d5,llama3.1:8b-instruct-q8_0,rule_rag,outerwear,3,73,0.25,0.25,,1.36986301369863
case-b623c66c46f04438,llama3.1:8b-instruct-q8_0,no_rag,outerwear,1,61,0.0,0.0,0.0,0.0
case-c45f7e5cc14de96b,llama3.1:8b-instruct-q8_0,no_rag,outerwear,1,62,0.0,0.0,,0.0
case-c45f7e5cc14de96b,llama3.1:8b-instruct-q8_0,rule_rag,outerwear,1,72,0.3333333333333333,0.3333333333333333,,1.3888888888888888
case-88012cb7f6afca63,llama3.1:8b-instruct-q8_0,no_rag,outerwear,2,61,0.0,0.0,0.0,0.0
case-cb88fa6460eba1c4,llama3.1:8b-instruct-q8_0,no_rag,outerwear,2,58,0.0,0.0,,0.0
case-cb88fa6460eba1c4,llama3.1:8b-instruct-q8_0,rule_rag,outerwear,2,66,0.4,0.4,,3.0303030303030303
case-69720234f8b00d88,llama3.1:8b-instruct-q8_0,no_rag,outerwear,1,67,0.0,0.0,,0.0
case-69720234f8b00d88,llama3.1:8b-instruct-q8_0,rule_rag,outerwear,1,70,0.0,0.0,,0.0
case-4fefdf24a68b89c7,llama3.1:8b-instruct-q8_0,no_rag,outerwear,1,61,0.0,0.0,,0.0
case-4fefdf24a68b89c7,llama3.1:8b-instruct-q8_0,rule_rag,outerwear,1,72,0.5,0.5,,2.7777777777777777
case-387b5c3c187dc9e5,llama3.1:8b-instruct-q8_0,no_rag,outerwear,1,58,0.0,0.0,,0.0
case-387b5c3c187dc9e5,llama3.1:8b-instruct-q8_0,rule_rag,outerwear,1,61,0.5833333333333334,0.5833333333333334,,11.475409836065573
case-eecf57d0129b6729,llama3.1:8b-instruct-q8_0,no_rag,outerwear,2,56,0.0,0.0,,0.0
case-eecf57d0129b6729,llama3.1:8b-instruct-q8_0,rule_rag,outerwear,2,72,0.6,0.6,,4.166666666666667
case-da5e8a8783a81611,llama3.1:8b-instruct-q8_0,no_rag,outerwear,1,63,0.0,0.0,,0.0
case-da5e8a8783a81611,llama3.1:8b-instruct-q8_0,rule_rag,outerwear,1,69,0.5,0.5,,2.898550724637681
case-ed465659b2d28ba7,llama3.1:8b-instruct-q8_0,no_rag,bags,1,66,0.0,0.0,,0.0
case-ed465659b2d28ba7,llama3.1:8b-instruct-q8_0,rule_rag,bags,1,59,0.25,0.25,0.0,3.389830508474576
case-45adf9f5cc53f44e,llama3.1:8b-instruct-q8_0,no_rag,bags,1,70,0.0,0.0,,0.0
case-45adf9f5cc53f44e,llama3.1:8b-instruct-q8_0,rule_rag,bags,1,71,0.0,0.0,,0.0
case-2329e43c1f95d833,llama3.1:8b-instruct-q8_0,no_rag,bags,1,58,0.0,0.0,,0.0
case-2329e43c1f95d833,llama3.1:8b-instruct-q8_0,rule_rag,bags,1,67,0.3333333333333333,0.3333333333333333,,1.492537313432836
case-b60b460e7c8a1415,llama3.1:8b-instruct-q8_0,no_rag,bags,1,62,0.0,0.0,,0.0
case-402050210c12fc18,llama3.1:8b-instruct-q8_0,rule_rag,bags,1,65,0.0,0.0,,0.0
case-b1233900f3207045,llama3.1:8b-instruct-q8_0,no_rag,bags,1,69,0.25,0.25,,1.4492753623188406
case-b1233900f3207045,llama3.1:8b-instruct-q8_0,rule_rag,bags,1,62,0.3333333333333333,0.3333333333333333,,1.6129032258064515
case-8cbc521b744b945d,llama3.1:8b-instruct-q8_0,no_rag,bags,1,61,0.0,0.0,,0.0
case-8cbc521b744b945d,llama3.1:8b-instruct-q8_0,rule_rag,bags,1,63,0.3333333333333333,0.3333333333333333,,3.1746031746031744
case-e5e81d227b73dbf2,llama3.1:8b-instruct-q8_0,no_rag,bags,1,63,0.25,0.25,,3.1746031746031744
case-e5e81d227b73dbf2,llama3.1:8b-instruct-q8_0,rule_rag,bags,1,61,0.375,0.375,,4.918032786885246
case-9e44a7b05917d5b8,llama3.1:8b-instruct-q8_0,no_rag,bags,1,57,0.0,0.0,,0.0
case-645431198b322bb7,llama3.1:8b-instruct-q8_0,no_rag,bags,1,59,0.2,0.2,0.0,1.694915254237288
case-645431198b322bb7,llama3.1:8b-instruct-q8_0,rule_rag,bags,1,62,0.6,0.6,,4.838709677419355
case-ba8022d57a581386,llama3.1:8b-instruct-q8_0,no_rag,bags,1,54,0.0,0.0,,0.0
case-ba8022d57a581386,llama3.1:8b-instruct-q8_0,rule_rag,bags,1,59,0.25,0.25,,1.694915254237288
case-9028ec514732880f,llama3.1:8b-instruct-q8_0,no_rag,bags,1,62,0.0,0.0,,0.0
case-9028ec514732880f,llama3.1:8b-instruct-q8_0,rule_rag,bags,1,65,0.6666666666666666,0.6666666666666666,,3.076923076923077
case-e4cf2bf6d0aed2c7,llama3.1:8b-instruct-q8_0,no_rag,bags,2,60,0.0,0.0,,0.0
case-e4cf2bf6d0aed2c7,llama3.1:8b-instruct-q8_0,rule_rag,bags,2,63,0.2,0.2,,1.5873015873015872
case-cccc6d3f8efab00d,llama3.1:8b-instruct-q8_0,no_rag,bags,2,64,0.0,0.0,,0.0
case-cccc6d3f8efab00d,llama3.1:8b-instruct-q8_0,rule_rag,bags,2,69,0.0,0.0,,0.0
case-4758f4873e0ee799,llama3.1:8b-instruct-q8_0,no_rag,bags,2,56,0.0,0.0,,0.0
case-4758f4873e0ee799,llama3.1:8b-instruct-q8_0,rule_rag,bags,2,71,0.5,0.5,,4.225352112676056
case-53a4758c0e8ecd58,llama3.1:8b-instruct-q8_0,no_rag,bags,1,54,0.0,0.0,,0.0
case-53a4758c0e8ecd58,llama3.1:8b-instruct-q8_0,rule_rag,bags,1,73,0.2,0.2,,1.36986301369863
case-4111a07241e7e7be,llama3.1:8b-instruct-q8_0,no_rag,bags,2,49,0.0,0.0,,0.0
case-4111a07241e7e7be,llama3.1:8b-instruct-q8_0,rule_rag,bags,2,61,0.3333333333333333,0.3333333333333333,,1.639344262295082
case-5779f1937844ea96,llama3.1:8b-instruct-q8_0,no_rag,bags,1,63,0.0,0.0,,0.0
case-5779f1937844ea96,llama3.1:8b-instruct-q8_0,rule_rag,bags,1,71,0.0,0.0,,0.0
case-0cf08d1b57986cc4,llama3.1:8b-instruct-q8_0,no_rag,bags,1,58,0.0,0.0,,0.0
case-0cf08d1b57986cc4,llama3.1:8b-instruct-q8_0,rule_rag,bags,1,61,0.25,0.25,,1.639344262295082
case-f4ac372b14ce4136,llama3.1:8b-instruct-q8_0,no_rag,bags,1,65,0.0,0.0,,0.0
case-f4ac372b14ce4136,llama3.1:8b-instruct-q8_0,rule_rag,bags,1,72,0.3333333333333333,0.3333333333333333,,1.3888888888888888
case-67c6998df1f930ae,llama3.1:8b-instruct-q8_0,no_rag,bags,1,54,0.0,0.0,0.0,0.0
case-67c6998df1f930ae,llama3.1:8b-instruct-q8_0,rule_rag,bags,1,75,0.14285714285714285,0.14285714285714285,,1.3333333333333333
case-b037c9fc62dbf352,llama3.1:8b-instruct-q8_0,no_rag,bags,1,65,0.25,0.25,,1.5384615384615385
case-b037c9fc62dbf352,llama3.1:8b-instruct-q8_0,rule_rag,bags,1,65,0.25,0.25,,1.5384615384615385
case-41b19503ef1947ed,llama3.1:8b-instruct-q8_0,no_rag,bags,2,67,0.0,0.0,,0.0
case-d8730b5bc0b68e64,llama3.1:8b-instruct-q8_0,no_rag,bags,3,67,0.0,0.0,,0.0
case-d8730b5bc0b68e64,llama3.1:8b-instruct-q8_0,rule_rag,bags,3,72,0.125,0.125,,1.3888888888888888
case-3be1225fa67be46e,llama3.1:8b-instruct-q8_0,no_rag,bags,5,56,0.0,0.0,,0.0
case-3be1225fa67be46e,llama3.1:8b-instruct-q8_0,rule_rag,bags,5,62,0.6666666666666666,0.6666666666666666,,3.225806451612903
case-3eb40c68f1ff916e,llama3.1:8b-instruct-q8_0,rule_rag,bags,1,65,0.42857142857142855,0.42857142857142855,,4.615384615384615
case-3dd083e2ddff706c,llama3.1:8b-instruct-q8_0,no_rag,bags,1,58,0.1,0.1,0.0,1.7241379310344827
case-3dd083e2ddff706c,llama3.1:8b-instruct-q8_0,rule_rag,bags,1,58,0.25,0.25,0.0,1.7241379310344827
case-4f6d832d666d2d76,llama3.1:8b-instruct-q8_0,no_rag,bags,2,60,0.1875,0.1875,0.0,5.0
case-4f6d832d666d2d76,llama3.1:8b-instruct-q8_0,rule_rag,bags,2,65,0.2222222222222222,0.2222222222222222,,3.076923076923077
case-379b8e3aaf19ff9a,llama3.1:8b-instruct-q8_0,no_rag,bags,1,59,0.0,0.0,,0.0
case-379b8e3aaf19ff9a,llama3.1:8b-instruct-q8_0,rule_rag,bags,1,58,0.2,0.2,,1.7241379310344827
case-9191aa71073cdd07,llama3.1:8b-instruct-q8_0,no_rag,bags,1,69,0.25,0.25,0.0,2.898550724637681
case-9191aa71073cdd07,llama3.1:8b-instruct-q8_0,rule_rag,bags,1,67,0.2,0.2,,1.492537313432836
case-407c89e927b9e857,llama3.1:8b-instruct-q8_0,no_rag,bags,2,57,0.0,0.0,,0.0
case-407c89e927b9e857,llama3.1:8b-instruct-q8_0,rule_rag,bags,2,65,0.375,0.375,,4.615384615384615
case-b085a2007e479de4,llama3.1:8b-instruct-q8_0,no_rag,bags,1,59,0.0,0.0,,0.0
case-b085a2007e479de4,llama3.1:8b-instruct-q8_0,rule_rag,bags,1,52,0.3333333333333333,0.3333333333333333,,1.9230769230769231
case-9f9ab290e71396f1,llama3.1:8b-instruct-q8_0,no_rag,bags,1,63,0.0,0.0,,0.0
case-9f9ab290e71396f1,llama3.1:8b-instruct-q8_0,rule_rag,bags,1,59,0.14285714285714285,0.2857142857142857,,1.694915254237288
case-144767dc6e2b0cde,llama3.1:8b-instruct-q8_0,no_rag,bags,1,61,0.3333333333333333,0.3333333333333333,,3.278688524590164
case-144767dc6e2b0cde,llama3.1:8b-instruct-q8_0,rule_rag,bags,1,67,0.4,0.4,,2.985074626865672
case-d0140f16bf394914,llama3.1:8b-instruct-q8_0,no_rag,bags,2,56,0.0,0.0,,0.0
case-d0140f16bf394914,llama3.1:8b-instruct-q8_0,rule_rag,bags,2,62,0.5,0.5,,3.225806451612903
case-a8a9b3bec9d6fc20,llama3.1:8b-instruct-q8_0,no_rag,bags,2,54,0.0,0.0,0.0,0.0
case-a8a9b3bec9d6fc20,llama3.1:8b-instruct-q8_0,rule_rag,bags,2,62,0.3333333333333333,0.3333333333333333,,3.225806451612903
case-e8681adc824f3196,llama3.1:8b-instruct-q8_0,no_rag,bags,2,61,0.0,0.0,0.0,0.0
case-e8681adc824f3196,llama3.1:8b-instruct-q8_0,rule_rag,bags,2,70,0.6,0.6,,4.285714285714286
case-f3492c1f8397e32e,llama3.1:8b-instruct-q8_0,no_rag,bags,1,50,0.0,0.0,,0.0
case-f3492c1f8397e32e,llama3.1:8b-instruct-q8_0,rule_rag,bags,1,69,0.4,0.4,,2.898550724637681
case-d08ee46581417121,llama3.1:8b-instruct-q8_0,no_rag,bags,1,71,0.0,0.0,,0.0
case-d08ee46581417121,llama3.1:8b-instruct-q8_0,rule_rag,bags,1,72,0.8,0.8,,5.555555555555555
case-c3a0bf452a50d600,llama3.1:8b-instruct-q8_0,no_rag,bags,1,61,0.0,0.0,,0.0
case-c3a0bf452a50d600,llama3.1:8b-instruct-q8_0,rule_rag,bags,1,65,0.0,0.0,,0.0
case-e2e32d77f07807ca,llama3.1:8b-instruct-q8_0,no_rag,bags,2,65,0.0,0.0,,0.0
case-e2e32d77f07807ca,llama3.1:8b-instruct-q8_0,rule_rag,bags,2,73,0.36363636363636365,0.36363636363636365,,5.47945205479452
case-051b60b8ffa574ab,llama3.1:8b-instruct-q8_0,no_rag,bags,1,51,0.0,0.0,,0.0
case-051b60b8ffa574ab,llama3.1:8b-instruct-q8_0,rule_rag,bags,1,69,0.0,0.0,0.0,0.0
case-0f21fb9ebf941daa,llama3.1:8b-instruct-q8_0,no_rag,bags,1,58,0.0,0.0,0.0,0.0
case-0f21fb9ebf941daa,llama3.1:8b-instruct-q8_0,rule_rag,bags,1,63,0.1111111111111111,0.1111111111111111,0.0,1.5873015873015872
case-ed912d244f3f932b,llama3.1:8b-instruct-q8_0,no_rag,bags,2,50,0.0,0.0,,0.0
case-ed912d244f3f932b,llama3.1:8b-instruct-q8_0,rule_rag,bags,2,59,0.75,0.75,,5.084745762711864
case-9c2513a91d9d2dc1,llama3.1:8b-instruct-q8_0,no_rag,bags,1,58,0.0,0.0,,0.0
case-9c2513a91d9d2dc1,llama3.1:8b-instruct-q8_0,rule_rag,bags,1,68,0.3333333333333333,0.3333333333333333,,1.4705882352941178
case-d327576807f09afc,llama3.1:8b-instruct-q8_0,no_rag,bags,1,59,0.0,0.0,,0.0
case-d327576807f09afc,llama3.1:8b-instruct-q8_0,rule_rag,bags,1,63,0.3333333333333333,0.3333333333333333,,1.5873015873015872
case-5f37164cb86235fd,llama3.1:8b-instruct-q8_0,no_rag,bags,1,62,0.42857142857142855,0.42857142857142855,0.0,4.838709677419355
case-5f37164cb86235fd,llama3.1:8b-instruct-q8_0,rule_rag,bags,1,63,0.3333333333333333,0.3333333333333333,,3.1746031746031744
case-9cdfb15673951b1f,llama3.1:8b-instruct-q8_0,no_rag,bags,2,59,0.0,0.0,,0.0
case-9cdfb15673951b1f,llama3.1:8b-instruct-q8_0,rule_rag,bags,2,72,0.4,0.4,,2.7777777777777777
case-5d45076ad4db3f96,llama3.1:8b-instruct-q8_0,no_rag,bags,1,60,0.0,0.0,0.0,0.0
case-5d45076ad4db3f96,llama3.1:8b-instruct-q8_0,rule_rag,bags,1,72,0.14285714285714285,0.14285714285714285,,1.3888888888888888
case-38d9daf56c8a259d,llama3.1:8b-instruct-q8_0,no_rag,bags,2,53,0.0,0.0,,0.0
case-38d9daf56c8a259d,llama3.1:8b-instruct-q8_0,rule_rag,bags,2,67,0.4,0.4,,2.985074626865672
case-6c5e1609dbb6eae0,llama3.1:8b-instruct-q8_0,no_rag,bags,2,55,0.0,0.0,,0.0
case-6c5e1609dbb6eae0,llama3.1:8b-instruct-q8_0,rule_rag,bags,2,69,0.5,0.5,,4.3478260869565215
case-92dc09e7ba228fbd,llama3.1:8b-instruct-q8_0,no_rag,bags,2,54,0.0,0.0,,0.0
case-92dc09e7ba228fbd,llama3.1:8b-instruct-q8_0,rule_rag,bags,2,61,0.5,0.5,0.0,4.918032786885246
case-406ef596570d5195,llama3.1:8b-instruct-q8_0,no_rag,bags,2,67,0.0,0.0,,0.0
case-406ef596570d5195,llama3.1:8b-instruct-q8_0,rule_rag,bags,2,58,0.5,0.5,,3.4482758620689653
case-1ef79624a6769a14,llama3.1:8b-instruct-q8_0,no_rag,bags,2,69,0.2,0.2,,1.4492753623188406
case-1ef79624a6769a14,llama3.1:8b-instruct-q8_0,rule_rag,bags,2,65,0.6666666666666666,0.6666666666666666,,3.076923076923077
case-861fbfd66c1db78e,llama3.1:8b-instruct-q8_0,no_rag,bags,2,70,0.25,0.25,,1.4285714285714286
case-861fbfd66c1db78e,llama3.1:8b-instruct-q8_0,rule_rag,bags,2,55,0.5,0.5,,3.6363636363636362
case-82497394371f880d,llama3.1:8b-instruct-q8_0,rule_rag,bags,2,71,0.0,0.0,0.0,0.0
case-776fde673d514594,llama3.1:8b-instruct-q8_0,no_rag,bags,1,58,0.0,0.0,,0.0
case-776fde673d514594,llama3.1:8b-instruct-q8_0,rule_rag,bags,1,63,0.7142857142857143,0.7142857142857143,,7.936507936507937
case-681f473ec49877ad,llama3.1:8b-instruct-q8_0,no_rag,bags,1,57,0.0,0.0,0.0,0.0
case-681f473ec49877ad,llama3.1:8b-instruct-q8_0,rule_rag,bags,1,60,0.5,0.5,,5.0
case-95aa186e95b8252d,llama3.1:8b-instruct-q8_0,rule_rag,bags,1,66,0.14285714285714285,0.14285714285714285,0.0,1.5151515151515151
case-953fde98d1e16d32,llama3.1:8b-instruct-q8_0,no_rag,bags,1,54,0.0,0.0,,0.0
case-953fde98d1e16d32,llama3.1:8b-instruct-q8_0,rule_rag,bags,1,54,0.16666666666666666,0.16666666666666666,,1.8518518518518519
case-39ea475eb27ebcb7,llama3.1:8b-instruct-q8_0,no_rag,bags,1,57,0.0,0.0,,0.0
case-39ea475eb27ebcb7,llama3.1:8b-instruct-q8_0,rule_rag,bags,1,69,0.3333333333333333,0.3333333333333333,,2.898550724637681
case-5188b28e55707a58,llama3.1:8b-instruct-q8_0,no_rag,bags,1,61,0.0,0.0,,0.0
case-5188b28e55707a58,llama3.1:8b-instruct-q8_0,rule_rag,bags,1,60,0.16666666666666666,0.16666666666666666,,1.6666666666666667
case-408f75421d71ce1c,llama3.1:8b-instruct-q8_0,no_rag,bags,1,63,0.0,0.0,,0.0
case-408f75421d71ce1c,llama3.1:8b-instruct-q8_0,rule_rag,bags,1,66,0.25,0.25,0.0,1.5151515151515151
case-7e2813816192d597,llama3.1:8b-instruct-q8_0,no_rag,bags,2,65,0.0,0.0,,0.0
case-7e2813816192d597,llama3.1:8b-instruct-q8_0,rule_rag,bags,2,75,0.42857142857142855,0.42857142857142855,,4.0
case-d48012afabfc541c,llama3.1:8b-instruct-q8_0,no_rag,bags,1,65,0.0,0.0,,0.0
case-d48012afabfc541c,llama3.1:8b-instruct-q8_0,rule_rag,bags,1,67,0.4,0.4,0.0,5.970149253731344
case-64e7395e07e61a9d,llama3.1:8b-instruct-q8_0,no_rag,bags,1,57,0.0,0.0,,0.0
case-64e7395e07e61a9d,llama3.1:8b-instruct-q8_0,rule_rag,bags,1,61,0.25,0.25,,3.278688524590164
case-0c8fe6d54112ca26,llama3.1:8b-instruct-q8_0,no_rag,bags,1,55,0.0,0.0,,0.0
case-0c8fe6d54112ca26,llama3.1:8b-instruct-q8_0,rule_rag,bags,1,65,0.3333333333333333,0.3333333333333333,,3.076923076923077
case-f906a1612d7bfaf4,llama3.1:8b-instruct-q8_0,no_rag,bags,2,69,0.0,0.0,0.0,0.0
case-f906a1612d7bfaf4,llama3.1:8b-instruct-q8_0,rule_rag,bags,2,72,0.25,0.25,0.0,1.3888888888888888
case-7669e4ccfa55bdb9,llama3.1:8b-instruct-q8_0,no_rag,bags,1,58,0.0,0.0,,0.0
case-7669e4ccfa55bdb9,llama3.1:8b-instruct-q8_0,rule_rag,bags,1,63,0.25,0.25,,1.5873015873015872
case-e3b7ada098e4e660,llama3.1:8b-instruct-q8_0,no_rag,bags,1,58,0.0,0.0,,0.0
case-0cac5b9e1c55b529,llama3.1:8b-instruct-q8_0,no_rag,bags,2,61,0.0,0.0,,0.0
case-0cac5b9e1c55b529,llama3.1:8b-instruct-q8_0,rule_rag,bags,2,66,0.6666666666666666,0.6666666666666666,,3.0303030303030303
case-97d49b42c7a1c1ea,llama3.1:8b-instruct-q8_0,no_rag,bags,2,64,0.0,0.0,,0.0
case-97d49b42c7a1c1ea,llama3.1:8b-instruct-q8_0,rule_rag,bags,2,70,0.5555555555555556,0.5555555555555556,,7.142857142857143
case-941b6898c1efe7f7,llama3.1:8b-instruct-q8_0,no_rag,bags,1,55,0.0,0.0,,0.0
case-941b6898c1efe7f7,llama3.1:8b-instruct-q8_0,rule_rag,bags,1,69,0.42857142857142855,0.42857142857142855,,4.3478260869565215
case-c6ac63bc155a7ef3,llama3.1:8b-instruct-q8_0,no_rag,bags,1,54,0.0,0.0,,0.0
case-c6ac63bc155a7ef3,llama3.1:8b-instruct-q8_0,rule_rag,bags,1,59,0.2222222222222222,0.2222222222222222,,3.389830508474576
case-664b08b67fb50a5b,llama3.1:8b-instruct-q8_0,no_rag,bags,1,59,0.0,0.0,,0.0
case-664b08b67fb50a5b,llama3.1:8b-instruct-q8_0,rule_rag,bags,1,63,0.0,0.0,,0.0
case-4e70ab460f6ed638,llama3.1:8b-instruct-q8_0,no_rag,bags,1,59,0.0,0.0,,0.0
case-4e70ab460f6ed638,llama3.1:8b-instruct-q8_0,rule_rag,bags,1,73,0.0,0.0,,0.0
case-d8aadaa848419451,llama3.1:8b-instruct-q8_0,no_rag,bags,2,57,0.0,0.0,,0.0
case-d8aadaa848419451,llama3.1:8b-instruct-q8_0,rule_rag,bags,2,73,0.0,0.0,,0.0
case-a2619279a3bf0f1a,llama3.1:8b-instruct-q8_0,no_rag,bags,2,61,0.0,0.0,,0.0
case-a2619279a3bf0f1a,llama3.1:8b-instruct-q8_0,rule_rag,bags,2,66,0.42857142857142855,0.42857142857142855,,4.545454545454546
case-f08fafec9f844279,llama3.1:8b-instruct-q8_0,no_rag,bags,1,65,0.0,0.0,0.0,0.0
case-f08fafec9f844279,llama3.1:8b-instruct-q8_0,rule_rag,bags,1,74,0.2,0.2,,1.3513513513513513
case-21c592c32bd06035,llama3.1:8b-instruct-q8_0,no_rag,bags,2,59,0.0,0.0,,0.0
case-21c592c32bd06035,llama3.1:8b-instruct-q8_0,rule_rag,bags,2,59,0.5,0.5,,3.389830508474576
case-f2a13c1c554006a4,llama3.1:8b-instruct-q8_0,no_rag,bags,1,64,0.2,0.2,,1.5625
case-f2a13c1c554006a4,llama3.1:8b-instruct-q8_0,rule_rag,bags,1,61,0.25,0.25,,1.639344262295082
case-0cc5d527ad1c2086,llama3.1:8b-instruct-q8_0,no_rag,bags,2,57,0.14285714285714285,0.14285714285714285,,1.7543859649122806
case-0cc5d527ad1c2086,llama3.1:8b-instruct-q8_0,rule_rag,bags,2,60,0.5,0.5,,3.3333333333333335
case-3209b8c790555b79,llama3.1:8b-instruct-q8_0,no_rag,bags,3,57,0.0,0.0,,0.0
case-3209b8c790555b79,llama3.1:8b-instruct-q8_0,rule_rag,bags,3,65,0.5,0.5,,6.153846153846154
case-df79d6879298453f,llama3.1:8b-instruct-q8_0,no_rag,bags,1,54,0.0,0.0,,0.0
case-df79d6879298453f,llama3.1:8b-instruct-q8_0,rule_rag,bags,1,68,0.2,0.2,,1.4705882352941178
case-316409483c6b15d0,llama3.1:8b-instruct-q8_0,no_rag,bags,1,56,0.0,0.0,,0.0
case-69bfed4abebbc311,llama3.1:8b-instruct-q8_0,no_rag,bags,1,56,0.0,0.0,,0.0
case-69bfed4abebbc311,llama3.1:8b-instruct-q8_0,rule_rag,bags,1,73,0.3333333333333333,0.3333333333333333,,1.36986301369863
case-e2d8dffd7209135f,llama3.1:8b-instruct-q8_0,no_rag,bags,2,56,0.0,0.0,,0.0
case-e2d8dffd7209135f,llama3.1:8b-instruct-q8_0,rule_rag,bags,2,67,0.2,0.2,,1.492537313432836
case-0693c9edf972beff,llama3.1:8b-instruct-q8_0,no_rag,bags,1,56,0.0,0.0,,0.0
case-0693c9edf972beff,llama3.1:8b-instruct-q8_0,rule_rag,bags,1,71,0.25,0.25,,1.408450704225352
case-6d1d81849f570950,llama3.1:8b-instruct-q8_0,no_rag,bags,1,58,0.25,0.25,,1.7241379310344827
case-6d1d81849f570950,llama3.1:8b-instruct-q8_0,rule_rag,bags,1,58,0.25,0.25,,1.7241379310344827
case-8669af248b389185,llama3.1:8b-instruct-q8_0,no_rag,bags,2,67,0.0,0.0,,0.0
case-8669af248b389185,llama3.1:8b-instruct-q8_0,rule_rag,bags,2,72,0.5,0.5,,5.555555555555555
case-04f411a897ac7ef9,llama3.1:8b-instruct-q8_0,no_rag,bags,1,57,0.0,0.0,,0.0
case-04f411a897ac7ef9,llama3.1:8b-instruct-q8_0,rule_rag,bags,1,59,0.3333333333333333,0.3333333333333333,,1.694915254237288
case-af02867d30624d47,llama3.1:8b-instruct-q8_0,no_rag,bags,2,50,0.0,0.0,,0.0
case-af02867d30624d47,llama3.1:8b-instruct-q8_0,rule_rag,bags,2,64,0.4,0.4,0.0,3.125
case-4c270f35981150c9,llama3.1:8b-instruct-q8_0,no_rag,bags,2,63,0.0,0.0,,0.0
case-4c270f35981150c9,llama3.1:8b-instruct-q8_0,rule_rag,bags,2,67,0.0,0.0,,0.0
case-c6f16cfcaae0bc3c,llama3.1:8b-instruct-q8_0,no_rag,bags,1,59,0.0,0.0,,0.0
case-c6f16cfcaae0bc3c,llama3.1:8b-instruct-q8_0,rule_rag,bags,1,65,0.16666666666666666,0.16666666666666666,,1.5384615384615385
case-f05b60a817f02dcf,llama3.1:8b-instruct-q8_0,no_rag,bags,1,59,0.0,0.0,,0.0
case-f05b60a817f02dcf,llama3.1:8b-instruct-q8_0,rule_rag,bags,1,63,0.375,0.375,,4.761904761904762
case-41819020e1bc7aac,llama3.1:8b-instruct-q8_0,no_rag,bags,1,65,0.25,0.25,,1.5384615384615385
case-41819020e1bc7aac,llama3.1:8b-instruct-q8_0,rule_rag,bags,1,57,0.3333333333333333,0.3333333333333333,,3.508771929824561
case-d78b871ae57c7a59,llama3.1:8b-instruct-q8_0,no_rag,bags,1,50,0.0,0.0,,0.0
case-07a04fef92ba12c1,llama3.1:8b-instruct-q8_0,no_rag,bags,1,70,0.0,0.0,,0.0
case-07a04fef92ba12c1,llama3.1:8b-instruct-q8_0,rule_rag,bags,1,62,0.14285714285714285,0.14285714285714285,,1.6129032258064515
case-a26a5d77e1031c70,llama3.1:8b-instruct-q8_0,no_rag,bags,1,58,0.0,0.0,,0.0
case-a26a5d77e1031c70,llama3.1:8b-instruct-q8_0,rule_rag,bags,1,62,0.5,0.5,,3.225806451612903
case-0e9bfb5fc191165c,llama3.1:8b-instruct-q8_0,no_rag,bags,1,58,0.0,0.0,,0.0
case-0e9bfb5fc191165c,llama3.1:8b-instruct-q8_0,rule_rag,bags,1,60,0.2,0.2,,1.6666666666666667
case-e429feb0c2a9f49c,ministral-3:14b-instruct-2512-q4_K_M,no_rag,tops,1,70,0.0,0.0,,0.0
case-c2ea09f4e654ee14,ministral-3:14b-instruct-2512-q4_K_M,no_rag,tops,1,65,0.0,0.0,0.0,0.0
case-c2ea09f4e654ee14,ministral-3:14b-instruct-2512-q4_K_M,rule_rag,tops,1,69,0.0,0.0,0.0,0.0
case-1c7225eeebc390f4,ministral-3:14b-instruct-2512-q4_K_M,no_rag,tops,1,65,0.0,0.0,0.0,0.0
case-919baac95ca88066,ministral-3:14b-instruct-2512-q4_K_M,no_rag,tops,1,74,0.0,0.0,,0.0
case-919baac95ca88066,ministral-3:14b-instruct-2512-q4_K_M,rule_rag,tops,1,73,0.0,0.0,,0.0
case-af84513c121c7811,ministral-3:14b-instruct-2512-q4_K_M,no_rag,tops,1,69,0.25,0.25,,1.4492753623188406
case-af84513c121c7811,ministral-3:14b-instruct-2512-q4_K_M,rule_rag,tops,1,66,0.2,0.2,,1.5151515151515151
case-1becd8554ecaa063,ministral-3:14b-instruct-2512-q4_K_M,no_rag,tops,2,60,0.0,0.0,,0.0
case-1becd8554ecaa063,ministral-3:14b-instruct-2512-q4_K_M,rule_rag,tops,2,66,0.0,0.0,,0.0
case-23100c6fb3b44e88,ministral-3:14b-instruct-2512-q4_K_M,no_rag,tops,1,70,0.0,0.0,0.0,0.0
case-23100c6fb3b44e88,ministral-3:14b-instruct-2512-q4_K_M,rule_rag,tops,1,75,0.0,0.0,,0.0
case-47ae7d461877e5d1,ministral-3:14b-instruct-2512-q4_K_M,no_rag,tops,1,51,0.0,0.0,,0.0
case-47ae7d461877e5d1,ministral-3:14b-instruct-2512-q4_K_M,rule_rag,tops,1,70,0.0,0.0,,0.0
case-3db7cb0b016641de,ministral-3:14b-instruct-2512-q4_K_M,no_rag,tops,1,62,0.0,0.0,,0.0
case-3db7cb0b016641de,ministral-3:14b-instruct-2512-q4_K_M,rule_rag,tops,1,50,0.0,0.0,,0.0
case-2d6a99b75f885593,ministral-3:14b-instruct-2512-q4_K_M,rule_rag,tops,1,54,0.0,0.0,,0.0
case-d0b1e265804f2872,ministral-3:14b-instruct-2512-q4_K_M,no_rag,tops,1,59,0.0,0.0,,0.0
case-d0b1e265804f2872,ministral-3:14b-instruct-2512-q4_K_M,rule_rag,tops,1,74,0.0,0.0,,0.0
case-094db2a4cbd25ec7,ministral-3:14b-instruct-2512-q4_K_M,no_rag,tops,1,58,0.0,0.0,0.0,0.0
case-094db2a4cbd25ec7,ministral-3:14b-instruct-2512-q4_K_M,rule_rag,tops,1,59,0.0,0.0,0.0,0.0
case-ef347392f6aba290,ministral-3:14b-instruct-2512-q4_K_M,no_rag,tops,1,61,0.0,0.0,0.0,0.0
case-ef347392f6aba290,ministral-3:14b-instruct-2512-q4_K_M,rule_rag,tops,1,59,0.0,0.0,,0.0
case-8ed19313c52a2a9e,ministral-3:14b-instruct-2512-q4_K_M,no_rag,tops,1,61,0.0,0.0,,0.0
case-8ed19313c52a2a9e,ministral-3:14b-instruct-2512-q4_K_M,rule_rag,tops,1,72,0.2222222222222222,0.2222222222222222,,2.7777777777777777
case-589fe5f6da25a6f1,ministral-3:14b-instruct-2512-q4_K_M,no_rag,tops,1,52,0.0,0.0,,0.0
case-589fe5f6da25a6f1,ministral-3:14b-instruct-2512-q4_K_M,rule_rag,tops,1,67,0.0,0.0,,0.0
case-cf60faf5d470f130,ministral-3:14b-instruct-2512-q4_K_M,no_rag,tops,1,61,0.0,0.0,,0.0
case-cf60faf5d470f130,ministral-3:14b-instruct-2512-q4_K_M,rule_rag,tops,1,67,0.2,0.2,,1.492537313432836
case-b84372a3927144c5,ministral-3:14b-instruct-2512-q4_K_M,no_rag,tops,2,66,0.0,0.0,,0.0
case-b84372a3927144c5,ministral-3:14b-instruct-2512-q4_K_M,rule_rag,tops,2,66,0.0,0.0,,0.0
case-99bd2625e23132fa,ministral-3:14b-instruct-2512-q4_K_M,no_rag,tops,1,62,0.0,0.0,,0.0
case-99bd2625e23132fa,ministral-3:14b-instruct-2512-q4_K_M,rule_rag,tops,1,72,0.125,0.125,,1.3888888888888888
case-2fc8f6828101e5ac,ministral-3:14b-instruct-2512-q4_K_M,no_rag,tops,2,56,0.0,0.0,,0.0
case-2fc8f6828101e5ac,ministral-3:14b-instruct-2512-q4_K_M,rule_rag,tops,2,71,0.1111111111111111,0.1111111111111111,,1.408450704225352
case-8f0f670d2da88e40,ministral-3:14b-instruct-2512-q4_K_M,no_rag,tops,1,64,0.0,0.0,,0.0
case-8f0f670d2da88e40,ministral-3:14b-instruct-2512-q4_K_M,rule_rag,tops,1,60,0.0,0.0,,0.0
case-c30772c778470c1b,ministral-3:14b-instruct-2512-q4_K_M,no_rag,tops,1,55,0.1111111111111111,0.1111111111111111,0.0,1.8181818181818181
case-c30772c778470c1b,ministral-3:14b-instruct-2512-q4_K_M,rule_rag,tops,1,50,0.0,0.0,,0.0
case-4c2de2725e595ab7,ministral-3:14b-instruct-2512-q4_K_M,no_rag,tops,1,59,0.125,0.125,0.0,1.694915254237288
case-4c2de2725e595ab7,ministral-3:14b-instruct-2512-q4_K_M,rule_rag,tops,1,57,0.0,0.0,0.0,0.0
case-23bf6bb2a780b76b,ministral-3:14b-instruct-2512-q4_K_M,no_rag,tops,3,75,0.0,0.0,,0.0
case-23bf6bb2a780b76b,ministral-3:14b-instruct-2512-q4_K_M,rule_rag,tops,3,63,0.14285714285714285,0.14285714285714285,,1.5873015873015872
case-3502648ffe08495a,ministral-3:14b-instruct-2512-q4_K_M,no_rag,tops,3,54,0.0,0.0,,0.0
case-3502648ffe08495a,ministral-3:14b-instruct-2512-q4_K_M,rule_rag,tops,3,63,0.6666666666666666,0.6666666666666666,,3.1746031746031744
case-ff7627d8332912be,ministral-3:14b-instruct-2512-q4_K_M,no_rag,tops,1,60,0.0,0.0,,0.0
case-ff7627d8332912be,ministral-3:14b-instruct-2512-q4_K_M,rule_rag,tops,1,62,0.09090909090909091,0.09090909090909091,,1.6129032258064515
case-1fc4df64ac242c0a,ministral-3:14b-instruct-2512-q4_K_M,no_rag,tops,2,68,0.0,0.0,,0.0
case-1fc4df64ac242c0a,ministral-3:14b-instruct-2512-q4_K_M,rule_rag,tops,2,72,0.1,0.1,,1.3888888888888888
case-76bbf48e671bfd5a,ministral-3:14b-instruct-2512-q4_K_M,no_rag,tops,2,64,0.0,0.0,,0.0
case-76bbf48e671bfd5a,ministral-3:14b-instruct-2512-q4_K_M,rule_rag,tops,2,66,0.0,0.0,0.0,0.0
case-99ee3c23efb6f2d2,ministral-3:14b-instruct-2512-q4_K_M,no_rag,tops,2,61,0.0,0.0,,0.0
case-99ee3c23efb6f2d2,ministral-3:14b-instruct-2512-q4_K_M,rule_rag,tops,2,61,0.0,0.0,,0.0
case-3b802060b9b2bb8e,ministral-3:14b-instruct-2512-q4_K_M,no_rag,tops,1,71,0.0,0.0,0.6666666666666666,0.0
case-3b802060b9b2bb8e,ministral-3:14b-instruct-2512-q4_K_M,rule_rag,tops,1,74,0.0,0.0,,0.0
case-7704b746a54d342c,ministral-3:14b-instruct-2512-q4_K_M,no_rag,tops,2,68,0.0,0.0,0.0,0.0
case-7704b746a54d342c,ministral-3:14b-instruct-2512-q4_K_M,rule_rag,tops,2,71,0.0,0.0,0.0,0.0
case-2ae8ee00828c7c73,ministral-3:14b-instruct-2512-q4_K_M,no_rag,tops,1,68,0.0,0.0,0.0,0.0
case-2ae8ee00828c7c73,ministral-3:14b-instruct-2512-q4_K_M,rule_rag,tops,1,65,0.0,0.0,0.0,0.0
case-5996ce889a668fed,ministral-3:14b-instruct-2512-q4_K_M,no_rag,tops,1,60,0.0,0.0,,0.0
case-5996ce889a668fed,ministral-3:14b-instruct-2512-q4_K_M,rule_rag,tops,1,54,0.0,0.0,,0.0
case-22baaf00e0b6137d,ministral-3:14b-instruct-2512-q4_K_M,no_rag,tops,2,59,0.0,0.0,,0.0
case-22baaf00e0b6137d,ministral-3:14b-instruct-2512-q4_K_M,rule_rag,tops,2,56,0.0,0.0,,0.0
case-e821db295328c0c4,ministral-3:14b-instruct-2512-q4_K_M,no_rag,tops,1,70,0.14285714285714285,0.14285714285714285,0.0,1.4285714285714286
case-e821db295328c0c4,ministral-3:14b-instruct-2512-q4_K_M,rule_rag,tops,1,73,0.5714285714285714,0.5714285714285714,,5.47945205479452
case-ef9cf26c892fa28e,ministral-3:14b-instruct-2512-q4_K_M,no_rag,tops,1,63,0.2857142857142857,0.2857142857142857,0.0,3.1746031746031744
case-ef9cf26c892fa28e,ministral-3:14b-instruct-2512-q4_K_M,rule_rag,tops,1,67,0.0,0.0,,0.0
case-3b30f17e4d16804f,ministral-3:14b-instruct-2512-q4_K_M,no_rag,tops,2,59,0.0,0.0,,0.0
case-3b30f17e4d16804f,ministral-3:14b-instruct-2512-q4_K_M,rule_rag,tops,2,75,0.0,0.0,,0.0
case-220dd48019439129,ministral-3:14b-instruct-2512-q4_K_M,no_rag,tops,1,56,0.0,0.0,0.0,0.0
case-220dd48019439129,ministral-3:14b-instruct-2512-q4_K_M,rule_rag,tops,1,68,0.0,0.0,,0.0
case-214f2477049c7c43,ministral-3:14b-instruct-2512-q4_K_M,no_rag,tops,1,73,0.0,0.0,,0.0
case-214f2477049c7c43,ministral-3:14b-instruct-2512-q4_K_M,rule_rag,tops,1,71,0.25,0.25,,2.816901408450704
case-9b83d53ac7f4b74a,ministral-3:14b-instruct-2512-q4_K_M,no_rag,tops,1,67,0.0,0.0,,0.0
case-9b83d53ac7f4b74a,ministral-3:14b-instruct-2512-q4_K_M,rule_rag,tops,1,68,0.0,0.0,,0.0
case-f9f995f3dc73cd56,ministral-3:14b-instruct-2512-q4_K_M,no_rag,tops,2,59,0.0,0.0,,0.0
case-f9f995f3dc73cd56,ministral-3:14b-instruct-2512-q4_K_M,rule_rag,tops,2,73,0.0,0.0,,0.0
case-cc745a7894645d84,ministral-3:14b-instruct-2512-q4_K_M,no_rag,tops,1,57,0.0,0.0,,0.0
case-cc745a7894645d84,ministral-3:14b-instruct-2512-q4_K_M,rule_rag,tops,1,63,0.3333333333333333,0.3333333333333333,,4.761904761904762
case-c270f940d4973229,ministral-3:14b-instruct-2512-q4_K_M,no_rag,tops,1,71,0.0,0.0,0.0,0.0
case-c270f940d4973229,ministral-3:14b-instruct-2512-q4_K_M,rule_rag,tops,1,69,0.0,0.0,,0.0
case-bc1649aa0856ead1,ministral-3:14b-instruct-2512-q4_K_M,no_rag,tops,1,55,0.0,0.0,,0.0
case-bc1649aa0856ead1,ministral-3:14b-instruct-2512-q4_K_M,rule_rag,tops,1,60,0.1111111111111111,0.1111111111111111,,1.6666666666666667
case-3686a781cc280214,ministral-3:14b-instruct-2512-q4_K_M,no_rag,tops,1,52,0.0,0.0,0.0,0.0
case-3686a781cc280214,ministral-3:14b-instruct-2512-q4_K_M,rule_rag,tops,1,65,0.0,0.0,0.0,0.0
case-70b3714d210b5847,ministral-3:14b-instruct-2512-q4_K_M,no_rag,tops,1,58,0.0,0.0,,0.0
case-70b3714d210b5847,ministral-3:14b-instruct-2512-q4_K_M,rule_rag,tops,1,59,0.5,0.5,,1.694915254237288
case-0da2688c311a7c25,ministral-3:14b-instruct-2512-q4_K_M,no_rag,tops,1,63,0.0,0.0,0.0,0.0
case-0da2688c311a7c25,ministral-3:14b-instruct-2512-q4_K_M,rule_rag,tops,1,67,0.15384615384615385,0.15384615384615385,,2.985074626865672
case-8fae48ba3bad1d4c,ministral-3:14b-instruct-2512-q4_K_M,no_rag,tops,1,59,0.08333333333333333,0.08333333333333333,0.0,1.694915254237288
case-8fae48ba3bad1d4c,ministral-3:14b-instruct-2512-q4_K_M,rule_rag,tops,1,74,0.16666666666666666,0.16666666666666666,,1.3513513513513513
case-6175885652bb2bd7,ministral-3:14b-instruct-2512-q4_K_M,no_rag,tops,1,67,0.0,0.0,,0.0
case-bdeb5168bcfb859b,ministral-3:14b-instruct-2512-q4_K_M,no_rag,tops,1,67,0.0,0.0,0.0,0.0
case-bdeb5168bcfb859b,ministral-3:14b-instruct-2512-q4_K_M,rule_rag,tops,1,65,0.125,0.125,,1.5384615384615385
case-0b8aa30b40b7cd27,ministral-3:14b-instruct-2512-q4_K_M,no_rag,tops,2,55,0.0,0.0,,0.0
case-0b8aa30b40b7cd27,ministral-3:14b-instruct-2512-q4_K_M,rule_rag,tops,2,72,0.0,0.0,,0.0
case-a4deeeec85ab4325,ministral-3:14b-instruct-2512-q4_K_M,no_rag,tops,1,63,0.0,0.0,,0.0
case-a4deeeec85ab4325,ministral-3:14b-instruct-2512-q4_K_M,rule_rag,tops,1,67,0.3333333333333333,0.3333333333333333,,2.985074626865672
case-2eb68ee3f87c940f,ministral-3:14b-instruct-2512-q4_K_M,rule_rag,tops,2,61,0.0,0.0,0.0,0.0
case-cbeb071042b6e4ed,ministral-3:14b-instruct-2512-q4_K_M,no_rag,tops,1,66,0.0,0.0,0.0,0.0
case-cbeb071042b6e4ed,ministral-3:14b-instruct-2512-q4_K_M,rule_rag,tops,1,73,0.16666666666666666,0.16666666666666666,,1.36986301369863
case-0dfaeb012d2ad15c,ministral-3:14b-instruct-2512-q4_K_M,no_rag,tops,2,51,0.1111111111111111,0.1111111111111111,,1.9607843137254901
case-0dfaeb012d2ad15c,ministral-3:14b-instruct-2512-q4_K_M,rule_rag,tops,2,51,0.2857142857142857,0.2857142857142857,,3.9215686274509802
case-777b98785771f79b,ministral-3:14b-instruct-2512-q4_K_M,no_rag,tops,1,64,0.0,0.0,0.0,0.0
case-777b98785771f79b,ministral-3:14b-instruct-2512-q4_K_M,rule_rag,tops,1,69,0.25,0.25,,1.4492753623188406
case-8e100f904ee4043a,ministral-3:14b-instruct-2512-q4_K_M,no_rag,tops,1,58,0.0,0.0,,0.0
case-8e100f904ee4043a,ministral-3:14b-instruct-2512-q4_K_M,rule_rag,tops,1,68,0.25,0.25,,2.9411764705882355
case-4c35f80695feddcd,ministral-3:14b-instruct-2512-q4_K_M,no_rag,tops,1,59,0.0,0.0,,0.0
case-4c35f80695feddcd,ministral-3:14b-instruct-2512-q4_K_M,rule_rag,tops,1,63,0.16666666666666666,0.16666666666666666,,1.5873015873015872
case-5e393111a23e065f,ministral-3:14b-instruct-2512-q4_K_M,no_rag,tops,1,66,0.0,0.0,0.0,0.0
case-5e393111a23e065f,ministral-3:14b-instruct-2512-q4_K_M,rule_rag,tops,1,65,0.0,0.0,0.0,0.0
case-a2edf3a67b3ac73b,ministral-3:14b-instruct-2512-q4_K_M,no_rag,tops,1,63,0.0,0.0,,0.0
case-a2edf3a67b3ac73b,ministral-3:14b-instruct-2512-q4_K_M,rule_rag,tops,1,56,0.16666666666666666,0.16666666666666666,,1.7857142857142858
case-da662c222842d74f,ministral-3:14b-instruct-2512-q4_K_M,no_rag,tops,1,52,0.0,0.0,0.0,0.0
case-da662c222842d74f,ministral-3:14b-instruct-2512-q4_K_M,rule_rag,tops,1,70,0.0,0.0,,0.0
case-151a455af56c054b,ministral-3:14b-instruct-2512-q4_K_M,no_rag,tops,1,64,0.0,0.0,,0.0
case-151a455af56c054b,ministral-3:14b-instruct-2512-q4_K_M,rule_rag,tops,1,62,0.0,0.0,,0.0
case-8cc99911d3e5d8a2,ministral-3:14b-instruct-2512-q4_K_M,no_rag,tops,2,55,0.0,0.0,,0.0
case-8cc99911d3e5d8a2,ministral-3:14b-instruct-2512-q4_K_M,rule_rag,tops,2,59,0.0,0.0,,0.0
case-7e6e05ad93942a7e,ministral-3:14b-instruct-2512-q4_K_M,no_rag,tops,1,71,0.0,0.0,,0.0
case-7e6e05ad93942a7e,ministral-3:14b-instruct-2512-q4_K_M,rule_rag,tops,1,65,0.0,0.0,,0.0
case-f9c5b7d05746b1be,ministral-3:14b-instruct-2512-q4_K_M,no_rag,tops,1,61,0.0,0.0,0.0,0.0
case-f9c5b7d05746b1be,ministral-3:14b-instruct-2512-q4_K_M,rule_rag,tops,1,71,0.25,0.25,,2.816901408450704
case-db90930f2ce3e090,ministral-3:14b-instruct-2512-q4_K_M,no_rag,tops,2,63,0.0,0.0,,0.0
case-db90930f2ce3e090,ministral-3:14b-instruct-2512-q4_K_M,rule_rag,tops,2,62,0.0,0.0,,0.0
case-026665827bfaaf65,ministral-3:14b-instruct-2512-q4_K_M,no_rag,tops,1,71,0.0,0.0,,0.0
case-026665827bfaaf65,ministral-3:14b-instruct-2512-q4_K_M,rule_rag,tops,1,58,0.3333333333333333,0.3333333333333333,,3.4482758620689653
case-84a86e133194431f,ministral-3:14b-instruct-2512-q4_K_M,no_rag,tops,1,60,0.0,0.0,,0.0
case-84a86e133194431f,ministral-3:14b-instruct-2512-q4_K_M,rule_rag,tops,1,69,0.0,0.0,,0.0
case-31571869b5c23de5,ministral-3:14b-instruct-2512-q4_K_M,no_rag,tops,1,70,0.0,0.0,0.0,0.0
case-31571869b5c23de5,ministral-3:14b-instruct-2512-q4_K_M,rule_rag,tops,1,66,0.0,0.0,,0.0
case-575b4ffda66f631c,ministral-3:14b-instruct-2512-q4_K_M,no_rag,tops,1,74,0.0,0.0,,0.0
case-575b4ffda66f631c,ministral-3:14b-instruct-2512-q4_K_M,rule_rag,tops,1,62,0.3333333333333333,0.3333333333333333,,4.838709677419355
case-32861b40bfbc2330,ministral-3:14b-instruct-2512-q4_K_M,no_rag,tops,1,59,0.0,0.0,,0.0
case-32861b40bfbc2330,ministral-3:14b-instruct-2512-q4_K_M,rule_rag,tops,1,62,0.0,0.0,,0.0
case-f878f5d567344fb9,ministral-3:14b-instruct-2512-q4_K_M,no_rag,tops,1,70,0.0,0.0,0.0,0.0
case-f878f5d567344fb9,ministral-3:14b-instruct-2512-q4_K_M,rule_rag,tops,1,58,0.125,0.125,,1.7241379310344827
case-d7546ae32c13aa41,ministral-3:14b-instruct-2512-q4_K_M,no_rag,tops,1,56,0.0,0.0,,0.0
case-d7546ae32c13aa41,ministral-3:14b-instruct-2512-q4_K_M,rule_rag,tops,1,68,0.0,0.0,,0.0
case-0e9883918b0ca714,ministral-3:14b-instruct-2512-q4_K_M,no_rag,tops,1,70,0.0,0.0,,0.0
case-0e9883918b0ca714,ministral-3:14b-instruct-2512-q4_K_M,rule_rag,tops,1,68,0.0,0.0,0.0,0.0
case-2564828ccbf3de99,ministral-3:14b-instruct-2512-q4_K_M,no_rag,tops,2,68,0.0,0.0,,0.0
case-2564828ccbf3de99,ministral-3:14b-instruct-2512-q4_K_M,rule_rag,tops,2,65,0.07692307692307693,0.07692307692307693,,1.5384615384615385
case-8633eb7ac4daa293,ministral-3:14b-instruct-2512-q4_K_M,no_rag,tops,2,58,0.0,0.0,,0.0
case-8633eb7ac4daa293,ministral-3:14b-instruct-2512-q4_K_M,rule_rag,tops,2,75,0.2,0.2,,1.3333333333333333
case-09628ef84cbf20ab,ministral-3:14b-instruct-2512-q4_K_M,no_rag,tops,1,66,0.0,0.0,0.0,0.0
case-ad7ebd4ca8a78fe2,ministral-3:14b-instruct-2512-q4_K_M,no_rag,tops,1,68,0.0,0.0,,0.0
case-ad7ebd4ca8a78fe2,ministral-3:14b-instruct-2512-q4_K_M,rule_rag,tops,1,61,0.0,0.0,,0.0
case-2115255a06f4a35a,ministral-3:14b-instruct-2512-q4_K_M,no_rag,tops,2,59,0.0,0.0,,0.0
case-2115255a06f4a35a,ministral-3:14b-instruct-2512-q4_K_M,rule_rag,tops,2,55,0.14285714285714285,0.14285714285714285,,1.8181818181818181
case-1a1a490478a526ea,ministral-3:14b-instruct-2512-q4_K_M,no_rag,tops,1,61,0.0,0.0,,0.0
case-1a1a490478a526ea,ministral-3:14b-instruct-2512-q4_K_M,rule_rag,tops,1,74,0.1,0.1,,1.3513513513513513
case-aa908bd8bb725396,ministral-3:14b-instruct-2512-q4_K_M,no_rag,tops,2,63,0.2,0.2,0.0,1.5873015873015872
case-aa908bd8bb725396,ministral-3:14b-instruct-2512-q4_K_M,rule_rag,tops,2,71,0.25,0.25,,1.408450704225352
case-cce943551dd396ff,ministral-3:14b-instruct-2512-q4_K_M,no_rag,tops,1,66,0.0,0.0,,0.0
case-cce943551dd396ff,ministral-3:14b-instruct-2512-q4_K_M,rule_rag,tops,1,66,0.0,0.0,,0.0
case-5280268c99e36001,ministral-3:14b-instruct-2512-q4_K_M,no_rag,tops,1,71,0.2857142857142857,0.2857142857142857,,2.816901408450704
case-5280268c99e36001,ministral-3:14b-instruct-2512-q4_K_M,rule_rag,tops,1,69,0.0,0.0,,0.0
case-b036b4e33774d56d,ministral-3:14b-instruct-2512-q4_K_M,no_rag,tops,1,60,0.0,0.0,,0.0
case-b036b4e33774d56d,ministral-3:14b-instruct-2512-q4_K_M,rule_rag,tops,1,69,0.2,0.2,,1.4492753623188406
case-3002b181b2a5f9fc,ministral-3:14b-instruct-2512-q4_K_M,no_rag,tops,1,65,0.0,0.0,,0.0
case-3002b181b2a5f9fc,ministral-3:14b-instruct-2512-q4_K_M,rule_rag,tops,1,72,0.5454545454545454,0.5454545454545454,,8.333333333333334
case-4373ff3cda4972d6,ministral-3:14b-instruct-2512-q4_K_M,no_rag,tops,1,60,0.0,0.0,0.0,0.0
case-4373ff3cda4972d6,ministral-3:14b-instruct-2512-q4_K_M,rule_rag,tops,1,62,0.0,0.0,,0.0
case-806b396f998d24ef,ministral-3:14b-instruct-2512-q4_K_M,rule_rag,tops,1,73,0.0,0.0,,0.0
case-baa6ef97872fb508,ministral-3:14b-instruct-2512-q4_K_M,no_rag,tops,2,59,0.0,0.0,,0.0
case-baa6ef97872fb508,ministral-3:14b-instruct-2512-q4_K_M,rule_rag,tops,2,56,0.0,0.0,,0.0
case-51dbfaffec08d7c1,ministral-3:14b-instruct-2512-q4_K_M,no_rag,tops,2,56,0.0,0.0,,0.0
case-51dbfaffec08d7c1,ministral-3:14b-instruct-2512-q4_K_M,rule_rag,tops,2,57,0.0,0.0,,0.0
case-28e71c22a43c272a,ministral-3:14b-instruct-2512-q4_K_M,no_rag,tops,1,68,0.0,0.0,,0.0
case-28e71c22a43c272a,ministral-3:14b-instruct-2512-q4_K_M,rule_rag,tops,1,58,0.0,0.2857142857142857,,0.0
case-18513b7046cb77c0,ministral-3:14b-instruct-2512-q4_K_M,no_rag,tops,1,59,0.0,0.0,,0.0
case-18513b7046cb77c0,ministral-3:14b-instruct-2512-q4_K_M,rule_rag,tops,1,62,0.25,0.25,,1.6129032258064515
case-ebf0178ee41f3d25,ministral-3:14b-instruct-2512-q4_K_M,no_rag,tops,1,58,0.0,0.0,0.0,0.0
case-ebf0178ee41f3d25,ministral-3:14b-instruct-2512-q4_K_M,rule_rag,tops,1,65,0.2,0.2,,1.5384615384615385
case-3354be494f1e6d0b,ministral-3:14b-instruct-2512-q4_K_M,no_rag,tops,1,69,0.0,0.0,,0.0
case-3354be494f1e6d0b,ministral-3:14b-instruct-2512-q4_K_M,rule_rag,tops,1,72,0.09090909090909091,0.09090909090909091,,1.3888888888888888
case-f8a75930060304aa,ministral-3:14b-instruct-2512-q4_K_M,no_rag,tops,1,64,0.0,0.0,,0.0
case-f8a75930060304aa,ministral-3:14b-instruct-2512-q4_K_M,rule_rag,tops,1,58,0.0,0.0,0.0,0.0
case-808697b5cd70de93,ministral-3:14b-instruct-2512-q4_K_M,no_rag,tops,2,63,0.2,0.2,0.0,1.5873015873015872
case-808697b5cd70de93,ministral-3:14b-instruct-2512-q4_K_M,rule_rag,tops,2,67,0.0,0.0,,0.0
case-5a26eb6b60aa2842,ministral-3:14b-instruct-2512-q4_K_M,no_rag,tops,1,64,0.0,0.0,,0.0
case-5a26eb6b60aa2842,ministral-3:14b-instruct-2512-q4_K_M,rule_rag,tops,1,66,1.0,1.0,,12.121212121212121
case-a348552e4709eb33,ministral-3:14b-instruct-2512-q4_K_M,no_rag,tops,1,64,0.0,0.0,,0.0
case-a348552e4709eb33,ministral-3:14b-instruct-2512-q4_K_M,rule_rag,tops,1,73,0.0,0.0,,0.0
case-852e5bade56d69e2,ministral-3:14b-instruct-2512-q4_K_M,rule_rag,tops,1,69,0.0,0.0,,0.0
case-e47eac906f5f4997,ministral-3:14b-instruct-2512-q4_K_M,no_rag,tops,1,60,0.0,0.0,,0.0
case-e47eac906f5f4997,ministral-3:14b-instruct-2512-q4_K_M,rule_rag,tops,1,73,0.4,0.4,,2.73972602739726
case-aef4dfde0d364cd8,ministral-3:14b-instruct-2512-q4_K_M,no_rag,tops,1,61,0.125,0.125,,1.639344262295082
case-aef4dfde0d364cd8,ministral-3:14b-instruct-2512-q4_K_M,rule_rag,tops,1,73,0.25,0.25,,1.36986301369863
case-f76e2df716df4967,ministral-3:14b-instruct-2512-q4_K_M,no_rag,tops,1,67,0.0,0.0,,0.0
case-f76e2df716df4967,ministral-3:14b-instruct-2512-q4_K_M,rule_rag,tops,1,73,0.3333333333333333,0.3333333333333333,,4.109589041095891
case-9f8b772a6cbd60ed,ministral-3:14b-instruct-2512-q4_K_M,no_rag,bottoms,1,63,0.0,0.0,,0.0
case-9f8b772a6cbd60ed,ministral-3:14b-instruct-2512-q4_K_M,rule_rag,bottoms,1,67,0.0,0.0,,0.0
case-2710e3bfdf0b6ddc,ministral-3:14b-instruct-2512-q4_K_M,no_rag,bottoms,1,65,0.0,0.0,,0.0
case-2710e3bfdf0b6ddc,ministral-3:14b-instruct-2512-q4_K_M,rule_rag,bottoms,1,68,0.1,0.1,,1.4705882352941178
case-4ce828649973c8ad,ministral-3:14b-instruct-2512-q4_K_M,no_rag,bottoms,1,60,0.0,0.0,0.0,0.0
case-4ce828649973c8ad,ministral-3:14b-instruct-2512-q4_K_M,rule_rag,bottoms,1,66,0.2,0.2,,1.5151515151515151
case-b71aa9e31a1247e4,ministral-3:14b-instruct-2512-q4_K_M,no_rag,bottoms,2,59,0.0,0.0,,0.0
case-b71aa9e31a1247e4,ministral-3:14b-instruct-2512-q4_K_M,rule_rag,bottoms,2,69,0.0,0.0,,0.0
case-967d8e0d3b5b240a,ministral-3:14b-instruct-2512-q4_K_M,no_rag,bottoms,1,63,0.0,0.0,,0.0
case-967d8e0d3b5b240a,ministral-3:14b-instruct-2512-q4_K_M,rule_rag,bottoms,1,67,0.16666666666666666,0.16666666666666666,,2.985074626865672
case-928b7fbcb802ee08,ministral-3:14b-instruct-2512-q4_K_M,no_rag,bottoms,1,68,0.0,0.0,,0.0
case-928b7fbcb802ee08,ministral-3:14b-instruct-2512-q4_K_M,rule_rag,bottoms,1,61,0.3333333333333333,0.3333333333333333,,3.278688524590164
case-8a3d3ed3708ff820,ministral-3:14b-instruct-2512-q4_K_M,no_rag,bottoms,1,63,0.625,0.625,0.0,7.936507936507937
case-8a3d3ed3708ff820,ministral-3:14b-instruct-2512-q4_K_M,rule_rag,bottoms,1,60,0.0,0.0,,0.0
case-e5c750f7975c88b2,ministral-3:14b-instruct-2512-q4_K_M,no_rag,bottoms,1,66,0.0,0.0,0.0,0.0
case-e5c750f7975c88b2,ministral-3:14b-instruct-2512-q4_K_M,rule_rag,bottoms,1,72,0.16666666666666666,0.16666666666666666,,1.3888888888888888
case-cb4f24893461fd71,ministral-3:14b-instruct-2512-q4_K_M,no_rag,bottoms,2,57,0.0,0.0,,0.0
case-cb4f24893461fd71,ministral-3:14b-instruct-2512-q4_K_M,rule_rag,bottoms,2,75,0.0,0.0,,0.0
case-55a4829025e5f139,ministral-3:14b-instruct-2512-q4_K_M,no_rag,bottoms,2,67,0.0,0.0,,0.0
case-55a4829025e5f139,ministral-3:14b-instruct-2512-q4_K_M,rule_rag,bottoms,2,74,0.0,0.0,,0.0
case-00394c0d34524ad6,ministral-3:14b-instruct-2512-q4_K_M,no_rag,bottoms,2,59,0.0,0.0,0.0,0.0
case-00394c0d34524ad6,ministral-3:14b-instruct-2512-q4_K_M,rule_rag,bottoms,2,62,0.7,0.7,,11.290322580645162
case-ded616af17e82ed6,ministral-3:14b-instruct-2512-q4_K_M,no_rag,bottoms,1,62,0.05555555555555555,0.05555555555555555,,1.6129032258064515
case-ded616af17e82ed6,ministral-3:14b-instruct-2512-q4_K_M,rule_rag,bottoms,1,63,0.0,0.0,,0.0
case-e686e5b6c8809b92,ministral-3:14b-instruct-2512-q4_K_M,no_rag,bottoms,1,62,0.3333333333333333,0.3333333333333333,,3.225806451612903
case-e686e5b6c8809b92,ministral-3:14b-instruct-2512-q4_K_M,rule_rag,bottoms,1,61,0.0,0.0,,0.0
case-d57105489b1f7ab0,ministral-3:14b-instruct-2512-q4_K_M,no_rag,bottoms,1,59,0.0,0.0,,0.0
case-d57105489b1f7ab0,ministral-3:14b-instruct-2512-q4_K_M,rule_rag,bottoms,1,63,0.25,0.25,,3.1746031746031744
case-fd0a0092e6309217,ministral-3:14b-instruct-2512-q4_K_M,no_rag,bottoms,1,58,0.18181818181818182,0.18181818181818182,0.0,3.4482758620689653
case-fd0a0092e6309217,ministral-3:14b-instruct-2512-q4_K_M,rule_rag,bottoms,1,67,0.2,0.2,0.0,2.985074626865672
case-529f2069bca1b92e,ministral-3:14b-instruct-2512-q4_K_M,no_rag,bottoms,1,68,0.0,0.0,,0.0
case-529f2069bca1b92e,ministral-3:14b-instruct-2512-q4_K_M,rule_rag,bottoms,1,67,0.1,0.1,,1.492537313432836
case-a7ca4398c1c6e424,ministral-3:14b-instruct-2512-q4_K_M,no_rag,bottoms,2,69,0.0,0.0,,0.0
case-a7ca4398c1c6e424,ministral-3:14b-instruct-2512-q4_K_M,rule_rag,bottoms,2,50,0.0,0.0,,0.0
case-a766a61c1d849a00,ministral-3:14b-instruct-2512-q4_K_M,no_rag,bottoms,1,56,0.42857142857142855,0.42857142857142855,0.0,5.357142857142857
case-a766a61c1d849a00,ministral-3:14b-instruct-2512-q4_K_M,rule_rag,bottoms,1,71,0.8571428571428571,0.8571428571428571,,8.450704225352112
case-782b622a9483969d,ministral-3:14b-instruct-2512-q4_K_M,rule_rag,bottoms,1,73,0.0,0.0,,0.0
case-42746599104dd828,ministral-3:14b-instruct-2512-q4_K_M,no_rag,bottoms,2,61,0.2857142857142857,0.2857142857142857,0.0,3.278688524590164
case-42746599104dd828,ministral-3:14b-instruct-2512-q4_K_M,rule_rag,bottoms,2,69,0.3333333333333333,0.3333333333333333,,1.4492753623188406
case-4ae57684976e97ea,ministral-3:14b-instruct-2512-q4_K_M,no_rag,bottoms,2,55,0.125,0.125,0.0,1.8181818181818181
case-4ae57684976e97ea,ministral-3:14b-instruct-2512-q4_K_M,rule_rag,bottoms,2,68,0.3,0.3,,4.411764705882353
case-6e3ec1644d06a819,ministral-3:14b-instruct-2512-q4_K_M,no_rag,bottoms,2,60,0.0,0.0,0.0,0.0
case-6e3ec1644d06a819,ministral-3:14b-instruct-2512-q4_K_M,rule_rag,bottoms,2,61,0.4,0.4,,3.278688524590164
case-db5ced9df30070fa,ministral-3:14b-instruct-2512-q4_K_M,no_rag,bottoms,1,73,0.0,0.0,0.0,0.0
case-db5ced9df30070fa,ministral-3:14b-instruct-2512-q4_K_M,rule_rag,bottoms,1,74,0.0,0.0,,0.0
case-fc4ffb29ca9726bd,ministral-3:14b-instruct-2512-q4_K_M,no_rag,bottoms,2,59,0.3333333333333333,0.3333333333333333,0.0,3.389830508474576
case-fc4ffb29ca9726bd,ministral-3:14b-instruct-2512-q4_K_M,rule_rag,bottoms,2,70,0.14285714285714285,0.14285714285714285,,1.4285714285714286
case-c936f56876e91fd4,ministral-3:14b-instruct-2512-q4_K_M,no_rag,bottoms,1,69,0.125,0.125,,1.4492753623188406
case-c936f56876e91fd4,ministral-3:14b-instruct-2512-q4_K_M,rule_rag,bottoms,1,66,0.2,0.2,,1.5151515151515151
case-b88d6c2f4c794913,ministral-3:14b-instruct-2512-q4_K_M,no_rag,bottoms,1,55,0.46153846153846156,0.46153846153846156,0.0,10.909090909090908
case-b88d6c2f4c794913,ministral-3:14b-instruct-2512-q4_K_M,rule_rag,bottoms,1,50,0.4444444444444444,0.4444444444444444,0.0,8.0
case-f67ef180b38b45d3,ministral-3:14b-instruct-2512-q4_K_M,no_rag,bottoms,1,64,0.0,0.0,,0.0
case-f67ef180b38b45d3,ministral-3:14b-instruct-2512-q4_K_M,rule_rag,bottoms,1,72,0.14285714285714285,0.14285714285714285,,1.3888888888888888
case-7eec54b62acb3939,ministral-3:14b-instruct-2512-q4_K_M,no_rag,bottoms,1,65,0.0,0.0,,0.0
case-7eec54b62acb3939,ministral-3:14b-instruct-2512-q4_K_M,rule_rag,bottoms,1,58,0.0,0.0,,0.0
case-4f51197d9c0ba957,ministral-3:14b-instruct-2512-q4_K_M,rule_rag,bottoms,1,71,0.0,0.0,,0.0
case-84db4199c9d80200,ministral-3:14b-instruct-2512-q4_K_M,no_rag,bottoms,2,62,0.0,0.0,,0.0
case-84db4199c9d80200,ministral-3:14b-instruct-2512-q4_K_M,rule_rag,bottoms,2,67,0.16666666666666666,0.16666666666666666,,1.492537313432836
case-a52efa1607a54c55,ministral-3:14b-instruct-2512-q4_K_M,no_rag,bottoms,1,62,0.0,0.0,,0.0
case-a52efa1607a54c55,ministral-3:14b-instruct-2512-q4_K_M,rule_rag,bottoms,1,73,0.0,0.0,,0.0
case-b3312c490a6b7f35,ministral-3:14b-instruct-2512-q4_K_M,no_rag,bottoms,1,55,0.0,0.0,0.0,0.0
case-b3312c490a6b7f35,ministral-3:14b-instruct-2512-q4_K_M,rule_rag,bottoms,1,61,0.0,0.0,,0.0
case-c0d252c08d3c46c8,ministral-3:14b-instruct-2512-q4_K_M,no_rag,bottoms,1,71,0.2857142857142857,0.2857142857142857,0.0,2.816901408450704
case-c0d252c08d3c46c8,ministral-3:14b-instruct-2512-q4_K_M,rule_rag,bottoms,1,62,0.0,0.0,,0.0
case-ae11ff65d1656b63,ministral-3:14b-instruct-2512-q4_K_M,no_rag,bottoms,1,66,0.14285714285714285,0.14285714285714285,,1.5151515151515151
case-ae11ff65d1656b63,ministral-3:14b-instruct-2512-q4_K_M,rule_rag,bottoms,1,63,0.3333333333333333,0.3333333333333333,,4.761904761904762
case-c6ff8ba375e0134a,ministral-3:14b-instruct-2512-q4_K_M,no_rag,bottoms,1,57,0.14285714285714285,0.14285714285714285,0.0,1.7543859649122806
case-c6ff8ba375e0134a,ministral-3:14b-instruct-2512-q4_K_M,rule_rag,bottoms,1,73,0.25,0.25,,1.36986301369863
case-4ea800318d039661,ministral-3:14b-instruct-2512-q4_K_M,no_rag,bottoms,1,61,0.0,0.0,0.0,0.0
case-4ea800318d039661,ministral-3:14b-instruct-2512-q4_K_M,rule_rag,bottoms,1,66,0.1111111111111111,0.1111111111111111,0.0,1.5151515151515151
case-5453855ce50fe3d3,ministral-3:14b-instruct-2512-q4_K_M,no_rag,bottoms,1,71,0.0,0.0,,0.0
case-5453855ce50fe3d3,ministral-3:14b-instruct-2512-q4_K_M,rule_rag,bottoms,1,56,0.0,0.0,,0.0
case-5e15f67213c04556,ministral-3:14b-instruct-2512-q4_K_M,no_rag,bottoms,1,61,0.0,0.0,0.0,0.0
case-5e15f67213c04556,ministral-3:14b-instruct-2512-q4_K_M,rule_rag,bottoms,1,64,0.3333333333333333,0.3333333333333333,,1.5625
case-a66e4375a19a7b26,ministral-3:14b-instruct-2512-q4_K_M,no_rag,bottoms,2,61,0.125,0.125,,1.639344262295082
case-a66e4375a19a7b26,ministral-3:14b-instruct-2512-q4_K_M,rule_rag,bottoms,2,62,0.375,0.375,,4.838709677419355
case-9ca3fbefc8236e27,ministral-3:14b-instruct-2512-q4_K_M,rule_rag,bottoms,2,73,0.3333333333333333,0.3333333333333333,,5.47945205479452
case-3ebc3958cac62af7,ministral-3:14b-instruct-2512-q4_K_M,rule_rag,bottoms,2,64,0.3333333333333333,0.3333333333333333,,4.6875
case-d3bb3e5a52055602,ministral-3:14b-instruct-2512-q4_K_M,no_rag,bottoms,2,65,0.0,0.0,0.0,0.0
case-d3bb3e5a52055602,ministral-3:14b-instruct-2512-q4_K_M,rule_rag,bottoms,2,52,0.2857142857142857,0.2857142857142857,,3.8461538461538463
case-8d16688f1e64c3f3,ministral-3:14b-instruct-2512-q4_K_M,no_rag,bottoms,2,64,0.09090909090909091,0.09090909090909091,,1.5625
case-8d16688f1e64c3f3,ministral-3:14b-instruct-2512-q4_K_M,rule_rag,bottoms,2,75,0.0,0.0,,0.0
case-f7eeb8b2fc65cbcc,ministral-3:14b-instruct-2512-q4_K_M,no_rag,bottoms,2,59,0.0,0.0,0.0,0.0
case-f7eeb8b2fc65cbcc,ministral-3:14b-instruct-2512-q4_K_M,rule_rag,bottoms,2,75,0.0,0.0,,0.0
case-aa14bfb7328fd47b,ministral-3:14b-instruct-2512-q4_K_M,no_rag,bottoms,1,68,0.14285714285714285,0.14285714285714285,0.0,1.4705882352941178
case-aa14bfb7328fd47b,ministral-3:14b-instruct-2512-q4_K_M,rule_rag,bottoms,1,67,0.3333333333333333,0.3333333333333333,,1.492537313432836
case-63a58beb6ea115c5,ministral-3:14b-instruct-2512-q4_K_M,no_rag,bottoms,1,67,0.0,0.0,,0.0
case-63a58beb6ea115c5,ministral-3:14b-instruct-2512-q4_K_M,rule_rag,bottoms,1,68,0.2857142857142857,0.2857142857142857,,2.9411764705882355
case-6366141a50eed6ba,ministral-3:14b-instruct-2512-q4_K_M,no_rag,bottoms,1,66,0.0,0.0,,0.0
case-6366141a50eed6ba,ministral-3:14b-instruct-2512-q4_K_M,rule_rag,bottoms,1,57,0.0,0.0,,0.0
case-58adae9c7dbaccb1,ministral-3:14b-instruct-2512-q4_K_M,no_rag,bottoms,2,64,0.0,0.0,0.0,0.0
case-8f5d549a83ef995c,ministral-3:14b-instruct-2512-q4_K_M,no_rag,bottoms,1,64,0.0,0.0,,0.0
case-8f5d549a83ef995c,ministral-3:14b-instruct-2512-q4_K_M,rule_rag,bottoms,1,62,0.1111111111111111,0.1111111111111111,,1.6129032258064515
case-47719727bb968f28,ministral-3:14b-instruct-2512-q4_K_M,no_rag,bottoms,1,61,0.0,0.0,,0.0
case-47719727bb968f28,ministral-3:14b-instruct-2512-q4_K_M,rule_rag,bottoms,1,73,0.3333333333333333,0.3333333333333333,,2.73972602739726
case-b1bd5903a8a5a8f6,ministral-3:14b-instruct-2512-q4_K_M,no_rag,bottoms,1,59,0.1111111111111111,0.1111111111111111,0.0,1.694915254237288
case-b1bd5903a8a5a8f6,ministral-3:14b-instruct-2512-q4_K_M,rule_rag,bottoms,1,68,0.0,0.0,,0.0
case-1de749080832764d,ministral-3:14b-instruct-2512-q4_K_M,no_rag,bottoms,1,62,0.0,0.0,,0.0
case-1de749080832764d,ministral-3:14b-instruct-2512-q4_K_M,rule_rag,bottoms,1,55,0.0,0.0,,0.0
case-72df7fd0c046a914,ministral-3:14b-instruct-2512-q4_K_M,no_rag,bottoms,1,70,0.0,0.0,,0.0
case-72df7fd0c046a914,ministral-3:14b-instruct-2512-q4_K_M,rule_rag,bottoms,1,73,0.0,0.0,,0.0
case-cea00e98dc6ed9f0,ministral-3:14b-instruct-2512-q4_K_M,no_rag,bottoms,2,69,0.0,0.0,,0.0
case-cea00e98dc6ed9f0,ministral-3:14b-instruct-2512-q4_K_M,rule_rag,bottoms,2,72,0.5,0.5,,4.166666666666667
case-75c1226b1f08fd8f,ministral-3:14b-instruct-2512-q4_K_M,no_rag,bottoms,2,68,0.0,0.0,0.0,0.0
case-75c1226b1f08fd8f,ministral-3:14b-instruct-2512-q4_K_M,rule_rag,bottoms,2,71,0.36363636363636365,0.36363636363636365,,5.633802816901408
case-e56ce526ea8271a5,ministral-3:14b-instruct-2512-q4_K_M,no_rag,bottoms,2,64,0.0,0.0,,0.0
case-e56ce526ea8271a5,ministral-3:14b-instruct-2512-q4_K_M,rule_rag,bottoms,2,73,0.1111111111111111,0.1111111111111111,,1.36986301369863
case-37b04213170d8755,ministral-3:14b-instruct-2512-q4_K_M,no_rag,bottoms,1,61,0.0,0.0,,0.0
case-37b04213170d8755,ministral-3:14b-instruct-2512-q4_K_M,rule_rag,bottoms,1,63,0.1,0.1,0.0,1.5873015873015872
case-3444860a11d2efb9,ministral-3:14b-instruct-2512-q4_K_M,no_rag,bottoms,1,59,0.0,0.0,,0.0
case-3444860a11d2efb9,ministral-3:14b-instruct-2512-q4_K_M,rule_rag,bottoms,1,56,0.5,0.5,,10.714285714285714
case-014db2eb6705d417,ministral-3:14b-instruct-2512-q4_K_M,no_rag,bottoms,2,59,0.42857142857142855,0.42857142857142855,0.0,5.084745762711864
case-014db2eb6705d417,ministral-3:14b-instruct-2512-q4_K_M,rule_rag,bottoms,2,69,0.5,0.5,,2.898550724637681
case-1f6de73980748067,ministral-3:14b-instruct-2512-q4_K_M,no_rag,bottoms,1,60,0.2,0.2,,1.6666666666666667
case-1f6de73980748067,ministral-3:14b-instruct-2512-q4_K_M,rule_rag,bottoms,1,65,0.0,0.0,,0.0
case-f1b5f7ea5ce01cda,ministral-3:14b-instruct-2512-q4_K_M,no_rag,bottoms,1,68,0.0,0.0,0.0,0.0
case-f1b5f7ea5ce01cda,ministral-3:14b-instruct-2512-q4_K_M,rule_rag,bottoms,1,62,0.1111111111111111,0.1111111111111111,,1.6129032258064515
case-d348b640a9485d13,ministral-3:14b-instruct-2512-q4_K_M,no_rag,bottoms,2,69,0.1,0.1,,1.4492753623188406
case-d348b640a9485d13,ministral-3:14b-instruct-2512-q4_K_M,rule_rag,bottoms,2,70,0.0,0.375,,0.0
case-7c8bb7d3da3c6025,ministral-3:14b-instruct-2512-q4_K_M,no_rag,bottoms,1,60,0.0,0.0,,0.0
case-7c8bb7d3da3c6025,ministral-3:14b-instruct-2512-q4_K_M,rule_rag,bottoms,1,68,0.14285714285714285,0.14285714285714285,,1.4705882352941178
case-2a15768d334f9a8b,ministral-3:14b-instruct-2512-q4_K_M,no_rag,bottoms,2,67,0.0,0.0,,0.0
case-2a15768d334f9a8b,ministral-3:14b-instruct-2512-q4_K_M,rule_rag,bottoms,2,56,0.0,0.0,,0.0
case-f2fe2544c12e993d,ministral-3:14b-instruct-2512-q4_K_M,no_rag,bottoms,2,53,0.0,0.0,,0.0
case-f2fe2544c12e993d,ministral-3:14b-instruct-2512-q4_K_M,rule_rag,bottoms,2,67,0.16666666666666666,0.16666666666666666,,1.492537313432836
case-33e8d5bb1b786bc2,ministral-3:14b-instruct-2512-q4_K_M,no_rag,bottoms,1,70,0.0,0.0,,0.0
case-33e8d5bb1b786bc2,ministral-3:14b-instruct-2512-q4_K_M,rule_rag,bottoms,1,73,0.0,0.0,,0.0
case-7758548fafb7a3ac,ministral-3:14b-instruct-2512-q4_K_M,no_rag,bottoms,1,65,0.4,0.4,0.0,3.076923076923077
case-7758548fafb7a3ac,ministral-3:14b-instruct-2512-q4_K_M,rule_rag,bottoms,1,75,0.1,0.1,0.0,1.3333333333333333
case-016755b4f2bd3327,ministral-3:14b-instruct-2512-q4_K_M,no_rag,bottoms,1,65,0.0,0.0,0.0,0.0
case-016755b4f2bd3327,ministral-3:14b-instruct-2512-q4_K_M,rule_rag,bottoms,1,75,0.16666666666666666,0.16666666666666666,,1.3333333333333333
case-a4b763a7b6415e99,ministral-3:14b-instruct-2512-q4_K_M,no_rag,bottoms,1,57,0.0,0.0,,0.0
case-a4b763a7b6415e99,ministral-3:14b-instruct-2512-q4_K_M,rule_rag,bottoms,1,60,0.0,0.0,,0.0
case-ee10eaa9acbaee49,ministral-3:14b-instruct-2512-q4_K_M,no_rag,bottoms,1,55,0.2222222222222222,0.2222222222222222,,3.6363636363636362
case-ee10eaa9acbaee49,ministral-3:14b-instruct-2512-q4_K_M,rule_rag,bottoms,1,75,0.2222222222222222,0.2222222222222222,,2.6666666666666665
case-1beb353b17306966,ministral-3:14b-instruct-2512-q4_K_M,rule_rag,bottoms,1,62,0.0,0.0,,0.0
case-130ea8ef62ad0d80,ministral-3:14b-instruct-2512-q4_K_M,no_rag,bottoms,1,61,0.0,0.0,0.0,0.0
case-130ea8ef62ad0d80,ministral-3:14b-instruct-2512-q4_K_M,rule_rag,bottoms,1,69,0.0,0.0,,0.0
case-3ef519c788a9ee91,ministral-3:14b-instruct-2512-q4_K_M,no_rag,bottoms,1,69,0.0,0.0,,0.0
case-3ef519c788a9ee91,ministral-3:14b-instruct-2512-q4_K_M,rule_rag,bottoms,1,75,0.3333333333333333,0.3333333333333333,,2.6666666666666665
case-a88637480d0b7898,ministral-3:14b-instruct-2512-q4_K_M,no_rag,bottoms,2,73,0.0,0.0,0.0,0.0
case-a88637480d0b7898,ministral-3:14b-instruct-2512-q4_K_M,rule_rag,bottoms,2,60,0.0,0.0,,0.0
case-45d1d1499e342031,ministral-3:14b-instruct-2512-q4_K_M,no_rag,bottoms,1,64,0.0,0.0,,0.0
case-45d1d1499e342031,ministral-3:14b-instruct-2512-q4_K_M,rule_rag,bottoms,1,59,0.2,0.2,,1.694915254237288
case-f9f17497d6a9d19d,ministral-3:14b-instruct-2512-q4_K_M,no_rag,bottoms,1,74,0.0,0.0,0.0,0.0
case-f9f17497d6a9d19d,ministral-3:14b-instruct-2512-q4_K_M,rule_rag,bottoms,1,57,0.0,0.0,,0.0
case-8349f428fc0b7638,ministral-3:14b-instruct-2512-q4_K_M,no_rag,bottoms,1,57,0.08333333333333333,0.08333333333333333,0.0,1.7543859649122806
case-8349f428fc0b7638,ministral-3:14b-instruct-2512-q4_K_M,rule_rag,bottoms,1,74,0.3,0.3,,4.054054054054054
case-4f314be34e5112c2,ministral-3:14b-instruct-2512-q4_K_M,rule_rag,bottoms,1,72,0.0,0.0,0.0,0.0
case-63d2228aab2a95e9,ministral-3:14b-instruct-2512-q4_K_M,no_rag,bottoms,1,59,0.0,0.0,0.0,0.0
case-63d2228aab2a95e9,ministral-3:14b-instruct-2512-q4_K_M,rule_rag,bottoms,1,71,0.16666666666666666,0.16666666666666666,,1.408450704225352
case-a5208f7055d14d14,ministral-3:14b-instruct-2512-q4_K_M,rule_rag,bottoms,1,63,0.3333333333333333,0.3333333333333333,,1.5873015873015872
case-b93bf97731508905,ministral-3:14b-instruct-2512-q4_K_M,no_rag,bottoms,1,55,0.0,0.0,,0.0
case-b93bf97731508905,ministral-3:14b-instruct-2512-q4_K_M,rule_rag,bottoms,1,73,0.3333333333333333,0.3333333333333333,,1.36986301369863
case-e4ac0a5e43d6be43,ministral-3:14b-instruct-2512-q4_K_M,no_rag,bottoms,2,66,0.2,0.2,,1.5151515151515151
case-e4ac0a5e43d6be43,ministral-3:14b-instruct-2512-q4_K_M,rule_rag,bottoms,2,69,0.0,0.0,,0.0
case-1a68eddb9ffd239a,ministral-3:14b-instruct-2512-q4_K_M,no_rag,bottoms,1,60,0.0,0.0,,0.0
case-1a68eddb9ffd239a,ministral-3:14b-instruct-2512-q4_K_M,rule_rag,bottoms,1,73,0.2,0.2,,1.36986301369863
case-82aa8f252f4ad221,ministral-3:14b-instruct-2512-q4_K_M,no_rag,bottoms,1,53,0.0,0.0,0.0,0.0
case-82aa8f252f4ad221,ministral-3:14b-instruct-2512-q4_K_M,rule_rag,bottoms,1,66,0.0,0.0,,0.0
case-abd6343cc9bfb19a,ministral-3:14b-instruct-2512-q4_K_M,rule_rag,bottoms,2,55,0.0,0.0,,0.0
case-738f79848e941268,ministral-3:14b-instruct-2512-q4_K_M,no_rag,bottoms,3,64,0.0,0.0,0.0,0.0
case-738f79848e941268,ministral-3:14b-instruct-2512-q4_K_M,rule_rag,bottoms,3,74,0.0,0.0,,0.0
case-36d5163b8f4be0a1,ministral-3:14b-instruct-2512-q4_K_M,no_rag,bottoms,1,64,0.0,0.0,0.0,0.0
case-36d5163b8f4be0a1,ministral-3:14b-instruct-2512-q4_K_M,rule_rag,bottoms,1,59,0.0,0.0,,0.0
case-9d08ed41af49eb7a,ministral-3:14b-instruct-2512-q4_K_M,no_rag,bottoms,2,66,0.1111111111111111,0.1111111111111111,0.0,1.5151515151515151
case-9d08ed41af49eb7a,ministral-3:14b-instruct-2512-q4_K_M,rule_rag,bottoms,2,53,0.0,0.0,,0.0
case-65e46fb688749825,ministral-3:14b-instruct-2512-q4_K_M,no_rag,bottoms,1,62,0.0,0.0,,0.0
case-65e46fb688749825,ministral-3:14b-instruct-2512-q4_K_M,rule_rag,bottoms,1,53,0.0,0.0,,0.0
case-9e0105778179541f,ministral-3:14b-instruct-2512-q4_K_M,no_rag,bottoms,1,66,0.0,0.0,,0.0
case-9e0105778179541f,ministral-3:14b-instruct-2512-q4_K_M,rule_rag,bottoms,1,75,0.2,0.2,,1.3333333333333333
case-8ea978088f43a384,ministral-3:14b-instruct-2512-q4_K_M,no_rag,bottoms,1,57,0.0,0.0,,0.0
case-8ea978088f43a384,ministral-3:14b-instruct-2512-q4_K_M,rule_rag,bottoms,1,66,0.0,0.0,,0.0
case-ca964518d3cf3a78,ministral-3:14b-instruct-2512-q4_K_M,no_rag,bottoms,1,63,0.0,0.0,,0.0
case-ca964518d3cf3a78,ministral-3:14b-instruct-2512-q4_K_M,rule_rag,bottoms,1,73,0.14285714285714285,0.14285714285714285,,1.36986301369863
case-94fb417aa7000d83,ministral-3:14b-instruct-2512-q4_K_M,no_rag,bottoms,1,65,0.0,0.0,,0.0
case-94fb417aa7000d83,ministral-3:14b-instruct-2512-q4_K_M,rule_rag,bottoms,1,59,0.0,0.0,,0.0
case-cca4f77298454a1d,ministral-3:14b-instruct-2512-q4_K_M,no_rag,bottoms,1,62,0.0,0.0,,0.0
case-cca4f77298454a1d,ministral-3:14b-instruct-2512-q4_K_M,rule_rag,bottoms,1,52,0.5,0.5,,1.9230769230769231
case-cf7d90d96d094480,ministral-3:14b-instruct-2512-q4_K_M,no_rag,bottoms,1,59,0.0,0.0,,0.0
case-cf7d90d96d094480,ministral-3:14b-instruct-2512-q4_K_M,rule_rag,bottoms,1,62,0.0,0.0,,0.0
case-6c91e4376a293695,ministral-3:14b-instruct-2512-q4_K_M,no_rag,bottoms,1,66,0.0,0.0,0.0,0.0
case-6c91e4376a293695,ministral-3:14b-instruct-2512-q4_K_M,rule_rag,bottoms,1,61,0.16666666666666666,0.16666666666666666,,1.639344262295082
case-16512ea253d9f43a,ministral-3:14b-instruct-2512-q4_K_M,no_rag,bottoms,1,62,0.0,0.0,0.0,0.0
case-16512ea253d9f43a,ministral-3:14b-instruct-2512-q4_K_M,rule_rag,bottoms,1,67,0.0,0.0,,0.0
case-03aa92a88990b171,ministral-3:14b-instruct-2512-q4_K_M,no_rag,bottoms,1,63,0.0,0.0,0.0,0.0
case-03aa92a88990b171,ministral-3:14b-instruct-2512-q4_K_M,rule_rag,bottoms,1,63,0.0,0.0,,0.0
case-76ea242e676f6ade,ministral-3:14b-instruct-2512-q4_K_M,no_rag,bottoms,1,65,0.0,0.0,,0.0
case-76ea242e676f6ade,ministral-3:14b-instruct-2512-q4_K_M,rule_rag,bottoms,1,67,0.0,0.0,,0.0
case-318f21cce91b1acd,ministral-3:14b-instruct-2512-q4_K_M,no_rag,bottoms,1,57,0.0,0.0,0.0,0.0
case-318f21cce91b1acd,ministral-3:14b-instruct-2512-q4_K_M,rule_rag,bottoms,1,69,0.0,0.0,,0.0
case-d223bc3f33c919fd,ministral-3:14b-instruct-2512-q4_K_M,no_rag,shoes,1,57,0.375,0.375,,5.2631578947368425
case-d223bc3f33c919fd,ministral-3:14b-instruct-2512-q4_K_M,rule_rag,shoes,1,69,0.0,0.0,,0.0
case-3b5f48f37a41aa0f,ministral-3:14b-instruct-2512-q4_K_M,no_rag,shoes,1,64,0.0,0.0,,0.0
case-3b5f48f37a41aa0f,ministral-3:14b-instruct-2512-q4_K_M,rule_rag,shoes,1,57,0.0,0.0,,0.0
case-3f9333411c3cb6fe,ministral-3:14b-instruct-2512-q4_K_M,no_rag,shoes,1,65,0.0,0.0,,0.0
case-3f9333411c3cb6fe,ministral-3:14b-instruct-2512-q4_K_M,rule_rag,shoes,1,63,0.0,0.0,,0.0
case-2710eb84113dc9f6,ministral-3:14b-instruct-2512-q4_K_M,no_rag,shoes,1,62,0.0,0.0,,0.0
case-2710eb84113dc9f6,ministral-3:14b-instruct-2512-q4_K_M,rule_rag,shoes,1,67,0.3,0.3,,4.477611940298507
case-8f77d4226a777c56,ministral-3:14b-instruct-2512-q4_K_M,no_rag,shoes,1,61,0.0,0.0,,0.0
case-8f77d4226a777c56,ministral-3:14b-instruct-2512-q4_K_M,rule_rag,shoes,1,61,0.5,0.5,,4.918032786885246
case-4cf096f55643d9c2,ministral-3:14b-instruct-2512-q4_K_M,no_rag,shoes,1,60,0.0,0.0,,0.0
case-4cf096f55643d9c2,ministral-3:14b-instruct-2512-q4_K_M,rule_rag,shoes,1,63,0.2,0.2,,1.5873015873015872
case-9bcace2dfdd9cc31,ministral-3:14b-instruct-2512-q4_K_M,no_rag,shoes,1,61,0.0,0.0,,0.0
case-9bcace2dfdd9cc31,ministral-3:14b-instruct-2512-q4_K_M,rule_rag,shoes,1,66,0.3333333333333333,0.3333333333333333,,3.0303030303030303
case-03c159181e5dee57,ministral-3:14b-instruct-2512-q4_K_M,no_rag,shoes,1,69,0.0,0.0,,0.0
case-03c159181e5dee57,ministral-3:14b-instruct-2512-q4_K_M,rule_rag,shoes,1,64,0.0,0.0,,0.0
case-7daea1a1372c1483,ministral-3:14b-instruct-2512-q4_K_M,no_rag,shoes,1,69,0.0,0.0,,0.0
case-7daea1a1372c1483,ministral-3:14b-instruct-2512-q4_K_M,rule_rag,shoes,1,65,0.4,0.4,,3.076923076923077
case-b3cdbd3cb5d3d955,ministral-3:14b-instruct-2512-q4_K_M,no_rag,shoes,1,55,0.0,0.0,,0.0
case-b3cdbd3cb5d3d955,ministral-3:14b-instruct-2512-q4_K_M,rule_rag,shoes,1,65,0.0,0.0,,0.0
case-18a4a12f6193ad55,ministral-3:14b-instruct-2512-q4_K_M,no_rag,shoes,1,63,0.0,0.0,0.0,0.0
case-18a4a12f6193ad55,ministral-3:14b-instruct-2512-q4_K_M,rule_rag,shoes,1,63,0.0,0.0,,0.0
case-3484a89e8f2822a0,ministral-3:14b-instruct-2512-q4_K_M,no_rag,shoes,2,68,0.0,0.0,,0.0
case-3484a89e8f2822a0,ministral-3:14b-instruct-2512-q4_K_M,rule_rag,shoes,2,65,0.5,0.5,,6.153846153846154
case-b8f2bcf32108d0c3,ministral-3:14b-instruct-2512-q4_K_M,no_rag,shoes,1,58,0.0,0.0,,0.0
case-b8f2bcf32108d0c3,ministral-3:14b-instruct-2512-q4_K_M,rule_rag,shoes,1,71,0.5,0.5,0.0,5.633802816901408
case-b5e8dcbb166dc1a5,ministral-3:14b-instruct-2512-q4_K_M,no_rag,shoes,1,48,0.0,0.0,,0.0
case-b5e8dcbb166dc1a5,ministral-3:14b-instruct-2512-q4_K_M,rule_rag,shoes,1,58,0.125,0.125,,1.7241379310344827
case-97869a7da56bd812,ministral-3:14b-instruct-2512-q4_K_M,no_rag,shoes,1,47,0.0,0.0,,0.0
case-97869a7da56bd812,ministral-3:14b-instruct-2512-q4_K_M,rule_rag,shoes,1,70,0.0,0.0,,0.0
case-216ac70eeaf32dc9,ministral-3:14b-instruct-2512-q4_K_M,no_rag,shoes,1,61,0.23076923076923078,0.23076923076923078,0.0,4.918032786885246
case-216ac70eeaf32dc9,ministral-3:14b-instruct-2512-q4_K_M,rule_rag,shoes,1,67,0.0,0.0,,0.0
case-e0415847d595a32a,ministral-3:14b-instruct-2512-q4_K_M,no_rag,shoes,1,57,0.0,0.0,0.0,0.0
case-e0415847d595a32a,ministral-3:14b-instruct-2512-q4_K_M,rule_rag,shoes,1,75,0.0,0.0,,0.0
case-8cf14fab75f46293,ministral-3:14b-instruct-2512-q4_K_M,no_rag,shoes,1,60,0.16666666666666666,0.16666666666666666,0.0,1.6666666666666667
case-8cf14fab75f46293,ministral-3:14b-instruct-2512-q4_K_M,rule_rag,shoes,1,63,0.2,0.2,,1.5873015873015872
case-d9d7717598efb49e,ministral-3:14b-instruct-2512-q4_K_M,no_rag,shoes,1,58,0.0,0.0,,0.0
case-d9d7717598efb49e,ministral-3:14b-instruct-2512-q4_K_M,rule_rag,shoes,1,72,0.0,0.0,,0.0
case-d22ea202d39b847b,ministral-3:14b-instruct-2512-q4_K_M,no_rag,shoes,1,65,0.0,0.0,,0.0
case-d22ea202d39b847b,ministral-3:14b-instruct-2512-q4_K_M,rule_rag,shoes,1,75,0.3333333333333333,0.3333333333333333,,2.6666666666666665
case-611766b23fdef85d,ministral-3:14b-instruct-2512-q4_K_M,no_rag,shoes,1,67,0.0,0.0,,0.0
case-611766b23fdef85d,ministral-3:14b-instruct-2512-q4_K_M,rule_rag,shoes,1,73,0.0,0.0,,0.0
case-85ec27f16b8d327c,ministral-3:14b-instruct-2512-q4_K_M,no_rag,shoes,1,66,0.0,0.0,0.6666666666666666,0.0
case-85ec27f16b8d327c,ministral-3:14b-instruct-2512-q4_K_M,rule_rag,shoes,1,69,0.125,0.125,,1.4492753623188406
case-1d2737e23ac6b3f0,ministral-3:14b-instruct-2512-q4_K_M,no_rag,shoes,1,56,0.0,0.0,,0.0
case-1d2737e23ac6b3f0,ministral-3:14b-instruct-2512-q4_K_M,rule_rag,shoes,1,56,0.2,0.2,,1.7857142857142858
case-b5891b17e9582be0,ministral-3:14b-instruct-2512-q4_K_M,no_rag,shoes,1,64,0.0,0.0,,0.0
case-b5891b17e9582be0,ministral-3:14b-instruct-2512-q4_K_M,rule_rag,shoes,1,67,0.0,0.0,,0.0
case-463e926e9e99d9ba,ministral-3:14b-instruct-2512-q4_K_M,no_rag,shoes,1,60,0.0,0.0,,0.0
case-463e926e9e99d9ba,ministral-3:14b-instruct-2512-q4_K_M,rule_rag,shoes,1,67,0.3333333333333333,0.3333333333333333,,2.985074626865672
case-88b9c25feba9f990,ministral-3:14b-instruct-2512-q4_K_M,no_rag,shoes,1,68,0.0,0.0,,0.0
case-88b9c25feba9f990,ministral-3:14b-instruct-2512-q4_K_M,rule_rag,shoes,1,73,0.2222222222222222,0.2222222222222222,,2.73972602739726
case-6623a3f06836eee0,ministral-3:14b-instruct-2512-q4_K_M,rule_rag,shoes,1,73,0.0,0.0,,0.0
case-2f0037267d7a8d0c,ministral-3:14b-instruct-2512-q4_K_M,no_rag,shoes,1,66,0.0,0.0,,0.0
case-2f0037267d7a8d0c,ministral-3:14b-instruct-2512-q4_K_M,rule_rag,shoes,1,66,0.0,0.0,,0.0
case-92a2f1b7ab2b53df,ministral-3:14b-instruct-2512-q4_K_M,no_rag,shoes,1,69,0.0,0.0,,0.0
case-92a2f1b7ab2b53df,ministral-3:14b-instruct-2512-q4_K_M,rule_rag,shoes,1,72,0.16666666666666666,0.16666666666666666,,1.3888888888888888
case-aa08bbcd3047bb5d,ministral-3:14b-instruct-2512-q4_K_M,no_rag,shoes,2,72,0.0,0.0,0.0,0.0
case-aa08bbcd3047bb5d,ministral-3:14b-instruct-2512-q4_K_M,rule_rag,shoes,2,57,0.0,0.0,,0.0
case-1162e8ed0ed6ad00,ministral-3:14b-instruct-2512-q4_K_M,no_rag,shoes,1,67,0.0,0.0,,0.0
case-1162e8ed0ed6ad00,ministral-3:14b-instruct-2512-q4_K_M,rule_rag,shoes,1,73,0.3333333333333333,0.3333333333333333,,1.36986301369863
case-0fe1a953b53776f6,ministral-3:14b-instruct-2512-q4_K_M,no_rag,shoes,1,65,0.0,0.0,0.0,0.0
case-0fe1a953b53776f6,ministral-3:14b-instruct-2512-q4_K_M,rule_rag,shoes,1,63,0.4,0.4,,3.1746031746031744
case-69c8d2739999d79e,ministral-3:14b-instruct-2512-q4_K_M,no_rag,shoes,2,54,0.0,0.0,0.0,0.0
case-69c8d2739999d79e,ministral-3:14b-instruct-2512-q4_K_M,rule_rag,shoes,2,69,0.2,0.2,,2.898550724637681
case-7755b461f4759928,ministral-3:14b-instruct-2512-q4_K_M,no_rag,shoes,2,68,0.0,0.0,0.0,0.0
case-7755b461f4759928,ministral-3:14b-instruct-2512-q4_K_M,rule_rag,shoes,2,70,0.0,0.0,,0.0
case-34e82ce878d9baa4,ministral-3:14b-instruct-2512-q4_K_M,no_rag,shoes,1,61,0.0,0.0,,0.0
case-34e82ce878d9baa4,ministral-3:14b-instruct-2512-q4_K_M,rule_rag,shoes,1,70,0.2,0.2,0.0,1.4285714285714286
case-f639be208463bed4,ministral-3:14b-instruct-2512-q4_K_M,no_rag,shoes,1,67,0.0,0.0,,0.0
case-f639be208463bed4,ministral-3:14b-instruct-2512-q4_K_M,rule_rag,shoes,1,71,0.25,0.25,,1.408450704225352
case-e6a8fdf54339470d,ministral-3:14b-instruct-2512-q4_K_M,no_rag,shoes,2,49,0.0,0.0,,0.0
case-e6a8fdf54339470d,ministral-3:14b-instruct-2512-q4_K_M,rule_rag,shoes,2,65,0.0,0.14285714285714285,,0.0
case-e4aa602db9064344,ministral-3:14b-instruct-2512-q4_K_M,no_rag,shoes,1,61,0.0,0.0,0.0,0.0
case-e4aa602db9064344,ministral-3:14b-instruct-2512-q4_K_M,rule_rag,shoes,1,57,0.2,0.2,0.0,1.7543859649122806
case-51d878f9301d9dc8,ministral-3:14b-instruct-2512-q4_K_M,no_rag,shoes,1,50,0.0,0.0,,0.0
case-51d878f9301d9dc8,ministral-3:14b-instruct-2512-q4_K_M,rule_rag,shoes,1,69,0.16666666666666666,0.16666666666666666,,1.4492753623188406
case-f76e34c623249a09,ministral-3:14b-instruct-2512-q4_K_M,no_rag,shoes,1,60,0.0,0.0,0.0,0.0
case-f76e34c623249a09,ministral-3:14b-instruct-2512-q4_K_M,rule_rag,shoes,1,65,0.14285714285714285,0.14285714285714285,,1.5384615384615385
case-0e09fa322e23031e,ministral-3:14b-instruct-2512-q4_K_M,no_rag,shoes,1,63,0.0,0.0,,0.0
case-08f8cffdd1fd87da,ministral-3:14b-instruct-2512-q4_K_M,no_rag,shoes,1,66,0.0,0.0,,0.0
case-08f8cffdd1fd87da,ministral-3:14b-instruct-2512-q4_K_M,rule_rag,shoes,1,74,0.0,0.0,,0.0
case-a6c8e1165603f25b,ministral-3:14b-instruct-2512-q4_K_M,no_rag,shoes,1,72,0.0,0.0,,0.0
case-a6c8e1165603f25b,ministral-3:14b-instruct-2512-q4_K_M,rule_rag,shoes,1,62,0.0,0.0,,0.0
case-9a4db0d2e83d1695,ministral-3:14b-instruct-2512-q4_K_M,no_rag,shoes,1,71,0.16666666666666666,0.16666666666666666,0.0,1.408450704225352
case-9a4db0d2e83d1695,ministral-3:14b-instruct-2512-q4_K_M,rule_rag,shoes,1,61,0.0,0.0,,0.0
case-fb56ee8e6416e41d,ministral-3:14b-instruct-2512-q4_K_M,no_rag,shoes,1,50,0.0,0.0,,0.0
case-fb56ee8e6416e41d,ministral-3:14b-instruct-2512-q4_K_M,rule_rag,shoes,1,71,0.0,0.0,,0.0
case-04c0e19c3be2d124,ministral-3:14b-instruct-2512-q4_K_M,no_rag,shoes,1,54,0.3333333333333333,0.3333333333333333,0.0,1.8518518518518519
case-04c0e19c3be2d124,ministral-3:14b-instruct-2512-q4_K_M,rule_rag,shoes,1,71,0.0,0.0,,0.0
case-e33bdbd28c008ec0,ministral-3:14b-instruct-2512-q4_K_M,no_rag,shoes,1,58,0.2,0.2,0.0,3.4482758620689653
case-e33bdbd28c008ec0,ministral-3:14b-instruct-2512-q4_K_M,rule_rag,shoes,1,71,0.23076923076923078,0.23076923076923078,,4.225352112676056
case-8f1bdacb04e88d2b,ministral-3:14b-instruct-2512-q4_K_M,no_rag,shoes,1,71,0.0,0.0,,0.0
case-8f1bdacb04e88d2b,ministral-3:14b-instruct-2512-q4_K_M,rule_rag,shoes,1,69,0.0,0.0,,0.0
case-7feb45a8ad29f57d,ministral-3:14b-instruct-2512-q4_K_M,no_rag,shoes,1,54,0.14285714285714285,0.14285714285714285,0.0,1.8518518518518519
case-7feb45a8ad29f57d,ministral-3:14b-instruct-2512-q4_K_M,rule_rag,shoes,1,61,0.3333333333333333,0.3333333333333333,,1.639344262295082
case-f3ca09946f86f804,ministral-3:14b-instruct-2512-q4_K_M,no_rag,shoes,1,53,0.0,0.0,,0.0
case-f3ca09946f86f804,ministral-3:14b-instruct-2512-q4_K_M,rule_rag,shoes,1,61,0.18181818181818182,0.18181818181818182,,3.278688524590164
case-049f4c3321d95a46,ministral-3:14b-instruct-2512-q4_K_M,no_rag,shoes,2,61,0.0,0.0,,0.0
case-049f4c3321d95a46,ministral-3:14b-instruct-2512-q4_K_M,rule_rag,shoes,2,64,0.3333333333333333,0.3333333333333333,,4.6875
case-78c921b2b4a5e544,ministral-3:14b-instruct-2512-q4_K_M,no_rag,shoes,1,63,0.1111111111111111,0.1111111111111111,,1.5873015873015872
case-78c921b2b4a5e544,ministral-3:14b-instruct-2512-q4_K_M,rule_rag,shoes,1,71,0.25,0.25,,1.408450704225352
case-fe4a41b4ad9d16ad,ministral-3:14b-instruct-2512-q4_K_M,no_rag,shoes,1,65,0.0,0.0,0.0,0.0
case-fe4a41b4ad9d16ad,ministral-3:14b-instruct-2512-q4_K_M,rule_rag,shoes,1,63,0.18181818181818182,0.18181818181818182,0.0,3.1746031746031744
case-47e3067a52cd77f0,ministral-3:14b-instruct-2512-q4_K_M,no_rag,shoes,1,61,0.0,0.0,,0.0
case-47e3067a52cd77f0,ministral-3:14b-instruct-2512-q4_K_M,rule_rag,shoes,1,68,0.2,0.2,0.0,2.9411764705882355
case-0a3210140612bf08,ministral-3:14b-instruct-2512-q4_K_M,no_rag,shoes,1,59,0.0,0.0,,0.0
case-0a3210140612bf08,ministral-3:14b-instruct-2512-q4_K_M,rule_rag,shoes,1,59,0.125,0.125,,1.694915254237288
case-fdec5e7905907833,ministral-3:14b-instruct-2512-q4_K_M,no_rag,shoes,1,63,0.0,0.0,,0.0
case-fdec5e7905907833,ministral-3:14b-instruct-2512-q4_K_M,rule_rag,shoes,1,59,0.3333333333333333,0.3333333333333333,,1.694915254237288
case-02eee18676b73841,ministral-3:14b-instruct-2512-q4_K_M,no_rag,shoes,1,66,0.0,0.0,0.0,0.0
case-a2abde66a3c63ac6,ministral-3:14b-instruct-2512-q4_K_M,no_rag,shoes,3,65,0.0,0.0,0.0,0.0
case-a2abde66a3c63ac6,ministral-3:14b-instruct-2512-q4_K_M,rule_rag,shoes,3,73,0.3333333333333333,0.3333333333333333,,4.109589041095891
case-6cb5892c6dc29d30,ministral-3:14b-instruct-2512-q4_K_M,no_rag,shoes,2,64,0.0,0.0,,0.0
case-6cb5892c6dc29d30,ministral-3:14b-instruct-2512-q4_K_M,rule_rag,shoes,2,61,0.125,0.125,,1.639344262295082
case-a515187f2ac23d62,ministral-3:14b-instruct-2512-q4_K_M,no_rag,shoes,1,60,0.0,0.0,,0.0
case-a515187f2ac23d62,ministral-3:14b-instruct-2512-q4_K_M,rule_rag,shoes,1,75,0.0,0.0,,0.0
case-b3f16b5164e10b07,ministral-3:14b-instruct-2512-q4_K_M,no_rag,shoes,2,59,0.0,0.0,,0.0
case-b3f16b5164e10b07,ministral-3:14b-instruct-2512-q4_K_M,rule_rag,shoes,2,62,0.0,0.0,,0.0
case-3088724ee56fe103,ministral-3:14b-instruct-2512-q4_K_M,no_rag,shoes,1,65,0.0,0.0,,0.0
case-3088724ee56fe103,ministral-3:14b-instruct-2512-q4_K_M,rule_rag,shoes,1,69,0.0,0.0,,0.0
case-4cb5d5d0a926a357,ministral-3:14b-instruct-2512-q4_K_M,no_rag,shoes,1,60,0.0,0.0,0.0,0.0
case-4cb5d5d0a926a357,ministral-3:14b-instruct-2512-q4_K_M,rule_rag,shoes,1,66,0.0,0.0,,0.0
case-4513c5a5229f3cc8,ministral-3:14b-instruct-2512-q4_K_M,no_rag,shoes,2,71,0.0,0.0,0.0,0.0
case-4513c5a5229f3cc8,ministral-3:14b-instruct-2512-q4_K_M,rule_rag,shoes,2,67,0.375,0.375,,4.477611940298507
case-043797c4cb7dee57,ministral-3:14b-instruct-2512-q4_K_M,no_rag,shoes,1,64,0.0,0.0,,0.0
case-043797c4cb7dee57,ministral-3:14b-instruct-2512-q4_K_M,rule_rag,shoes,1,74,0.14285714285714285,0.14285714285714285,,1.3513513513513513
case-2dd12213b1f6e303,ministral-3:14b-instruct-2512-q4_K_M,no_rag,shoes,1,63,0.0,0.0,,0.0
case-2dd12213b1f6e303,ministral-3:14b-instruct-2512-q4_K_M,rule_rag,shoes,1,71,0.0,0.0,,0.0
case-80245b8e3a1f2eab,ministral-3:14b-instruct-2512-q4_K_M,no_rag,shoes,1,72,0.0,0.0,0.0,0.0
case-80245b8e3a1f2eab,ministral-3:14b-instruct-2512-q4_K_M,rule_rag,shoes,1,69,0.0,0.0,,0.0
case-fd0ea19a16542367,ministral-3:14b-instruct-2512-q4_K_M,no_rag,shoes,1,69,0.07142857142857142,0.07142857142857142,0.0,1.4492753623188406
case-fd0ea19a16542367,ministral-3:14b-instruct-2512-q4_K_M,rule_rag,shoes,1,61,0.2222222222222222,0.2222222222222222,,3.278688524590164
case-c8733bf42c735e40,ministral-3:14b-instruct-2512-q4_K_M,no_rag,shoes,1,54,0.0,0.0,,0.0
case-c8733bf42c735e40,ministral-3:14b-instruct-2512-q4_K_M,rule_rag,shoes,1,71,0.0,0.0,,0.0
case-b7db40718b1b1be4,ministral-3:14b-instruct-2512-q4_K_M,no_rag,shoes,1,60,0.0,0.0,,0.0
case-b7db40718b1b1be4,ministral-3:14b-instruct-2512-q4_K_M,rule_rag,shoes,1,65,0.125,0.125,0.0,1.5384615384615385
case-df7d09d69117fd4e,ministral-3:14b-instruct-2512-q4_K_M,no_rag,shoes,1,67,0.125,0.125,0.0,2.985074626865672
case-df7d09d69117fd4e,ministral-3:14b-instruct-2512-q4_K_M,rule_rag,shoes,1,67,0.0,0.375,,0.0
case-e3e8650b6815c408,ministral-3:14b-instruct-2512-q4_K_M,no_rag,shoes,1,71,0.0,0.0,,0.0
case-e3e8650b6815c408,ministral-3:14b-instruct-2512-q4_K_M,rule_rag,shoes,1,54,0.5,0.5,,5.555555555555555
case-3a93baa047109f3a,ministral-3:14b-instruct-2512-q4_K_M,no_rag,shoes,1,54,0.2,0.2,,1.8518518518518519
case-3a93baa047109f3a,ministral-3:14b-instruct-2512-q4_K_M,rule_rag,shoes,1,54,0.0,0.0,,0.0
case-be0abfcd0d857983,ministral-3:14b-instruct-2512-q4_K_M,no_rag,shoes,2,59,0.0,0.0,0.0,0.0
case-be0abfcd0d857983,ministral-3:14b-instruct-2512-q4_K_M,rule_rag,shoes,2,66,0.14285714285714285,0.14285714285714285,,1.5151515151515151
case-0565bcc9faed41ed,ministral-3:14b-instruct-2512-q4_K_M,no_rag,shoes,1,64,0.0,0.0,,0.0
case-0565bcc9faed41ed,ministral-3:14b-instruct-2512-q4_K_M,rule_rag,shoes,1,59,0.2,0.2,,1.694915254237288
case-be88815e58ac6c18,ministral-3:14b-instruct-2512-q4_K_M,no_rag,shoes,1,60,0.0,0.0,,0.0
case-296e6b19ae62c75d,ministral-3:14b-instruct-2512-q4_K_M,no_rag,shoes,1,67,0.0,0.0,,0.0
case-296e6b19ae62c75d,ministral-3:14b-instruct-2512-q4_K_M,rule_rag,shoes,1,69,0.0,0.0,,0.0
case-685c3cbd961f473e,ministral-3:14b-instruct-2512-q4_K_M,no_rag,shoes,1,60,0.0,0.0,,0.0
case-685c3cbd961f473e,ministral-3:14b-instruct-2512-q4_K_M,rule_rag,shoes,1,75,0.125,0.125,,1.3333333333333333
case-564c35fc5525c6d7,ministral-3:14b-instruct-2512-q4_K_M,no_rag,shoes,1,53,0.0,0.0,,0.0
case-564c35fc5525c6d7,ministral-3:14b-instruct-2512-q4_K_M,rule_rag,shoes,1,60,0.1111111111111111,0.1111111111111111,,1.6666666666666667
case-f9d36728095e2ded,ministral-3:14b-instruct-2512-q4_K_M,no_rag,shoes,1,64,0.0,0.0,,0.0
case-f9d36728095e2ded,ministral-3:14b-instruct-2512-q4_K_M,rule_rag,shoes,1,54,0.25,0.25,,1.8518518518518519
case-8d25a0449f9ea874,ministral-3:14b-instruct-2512-q4_K_M,no_rag,shoes,1,70,0.2857142857142857,0.2857142857142857,0.0,2.857142857142857
case-6eee33da7de7fca7,ministral-3:14b-instruct-2512-q4_K_M,no_rag,shoes,1,60,0.0,0.0,,0.0
case-6eee33da7de7fca7,ministral-3:14b-instruct-2512-q4_K_M,rule_rag,shoes,1,69,0.2,0.2,,1.4492753623188406
case-7720a8d795af6264,ministral-3:14b-instruct-2512-q4_K_M,no_rag,shoes,1,63,0.0,0.0,,0.0
case-7720a8d795af6264,ministral-3:14b-instruct-2512-q4_K_M,rule_rag,shoes,1,60,0.0,0.0,,0.0
case-01791dc765e6cf67,ministral-3:14b-instruct-2512-q4_K_M,no_rag,shoes,1,51,0.0,0.0,,0.0
case-01791dc765e6cf67,ministral-3:14b-instruct-2512-q4_K_M,rule_rag,shoes,1,55,0.5,0.5,,7.2727272727272725
case-82f1e3e83b6b6a0c,ministral-3:14b-instruct-2512-q4_K_M,no_rag,shoes,1,62,0.0,0.0,,0.0
case-82f1e3e83b6b6a0c,ministral-3:14b-instruct-2512-q4_K_M,rule_rag,shoes,1,71,0.3333333333333333,0.3333333333333333,,2.816901408450704
case-6a432761da9c260a,ministral-3:14b-instruct-2512-q4_K_M,no_rag,shoes,1,68,0.125,0.125,0.0,1.4705882352941178
case-6a432761da9c260a,ministral-3:14b-instruct-2512-q4_K_M,rule_rag,shoes,1,64,0.2,0.2,,1.5625
case-8c53b0f615d3bd09,ministral-3:14b-instruct-2512-q4_K_M,rule_rag,shoes,1,61,0.0,0.0,,0.0
case-bdc08581897cce21,ministral-3:14b-instruct-2512-q4_K_M,no_rag,shoes,2,56,0.0,0.0,,0.0
case-bdc08581897cce21,ministral-3:14b-instruct-2512-q4_K_M,rule_rag,shoes,2,69,0.25,0.25,,1.4492753623188406
case-70fbd8db87657a69,ministral-3:14b-instruct-2512-q4_K_M,no_rag,shoes,1,52,0.14285714285714285,0.14285714285714285,0.0,1.9230769230769231
case-70fbd8db87657a69,ministral-3:14b-instruct-2512-q4_K_M,rule_rag,shoes,1,74,0.0,0.0,,0.0
case-dc4715aac3ac4b83,ministral-3:14b-instruct-2512-q4_K_M,no_rag,shoes,1,56,0.0,0.0,1.0,0.0
case-dc4715aac3ac4b83,ministral-3:14b-instruct-2512-q4_K_M,rule_rag,shoes,1,72,0.25,0.25,0.0,2.7777777777777777
case-f589d0b1915aa942,ministral-3:14b-instruct-2512-q4_K_M,no_rag,shoes,1,58,0.0,0.0,,0.0
case-f589d0b1915aa942,ministral-3:14b-instruct-2512-q4_K_M,rule_rag,shoes,1,55,0.2857142857142857,0.2857142857142857,,3.6363636363636362
case-e6475c6cbe86332f,ministral-3:14b-instruct-2512-q4_K_M,no_rag,shoes,1,59,0.0,0.0,,0.0
case-e6475c6cbe86332f,ministral-3:14b-instruct-2512-q4_K_M,rule_rag,shoes,1,53,0.0,0.0,,0.0
case-b2ac2a635ceee426,ministral-3:14b-instruct-2512-q4_K_M,no_rag,shoes,1,69,0.0,0.0,,0.0
case-b2ac2a635ceee426,ministral-3:14b-instruct-2512-q4_K_M,rule_rag,shoes,1,62,0.0,0.0,,0.0
case-d91b075c634f86a9,ministral-3:14b-instruct-2512-q4_K_M,no_rag,shoes,1,61,0.0,0.0,0.0,0.0
case-d91b075c634f86a9,ministral-3:14b-instruct-2512-q4_K_M,rule_rag,shoes,1,74,0.0,0.0,,0.0
case-1acf945c74bef884,ministral-3:14b-instruct-2512-q4_K_M,no_rag,shoes,1,61,0.0,0.0,,0.0
case-1acf945c74bef884,ministral-3:14b-instruct-2512-q4_K_M,rule_rag,shoes,1,65,0.0,0.0,,0.0
case-f456466d172dabc8,ministral-3:14b-instruct-2512-q4_K_M,no_rag,shoes,1,64,0.0,0.0,,0.0
case-f456466d172dabc8,ministral-3:14b-instruct-2512-q4_K_M,rule_rag,shoes,1,71,0.2222222222222222,0.2222222222222222,,2.816901408450704
case-698e3d5b9b81d0c0,ministral-3:14b-instruct-2512-q4_K_M,no_rag,shoes,3,65,0.0,0.0,,0.0
case-698e3d5b9b81d0c0,ministral-3:14b-instruct-2512-q4_K_M,rule_rag,shoes,3,70,0.14285714285714285,0.14285714285714285,,1.4285714285714286
case-81d6a0988faa4591,ministral-3:14b-instruct-2512-q4_K_M,no_rag,shoes,1,55,0.0,0.0,,0.0
case-81d6a0988faa4591,ministral-3:14b-instruct-2512-q4_K_M,rule_rag,shoes,1,62,0.16666666666666666,0.16666666666666666,,1.6129032258064515
case-de057b5453abd0b9,ministral-3:14b-instruct-2512-q4_K_M,no_rag,shoes,1,70,0.0,0.0,0.0,0.0
case-de057b5453abd0b9,ministral-3:14b-instruct-2512-q4_K_M,rule_rag,shoes,1,73,0.0,0.0,,0.0
case-45d14d02101f56a5,ministral-3:14b-instruct-2512-q4_K_M,no_rag,outerwear,1,62,0.0,0.0,0.0,0.0
case-45d14d02101f56a5,ministral-3:14b-instruct-2512-q4_K_M,rule_rag,outerwear,1,71,0.2857142857142857,0.2857142857142857,0.0,2.816901408450704
case-37ca5d93803056f1,ministral-3:14b-instruct-2512-q4_K_M,no_rag,outerwear,1,59,0.0,0.0,,0.0
case-37ca5d93803056f1,ministral-3:14b-instruct-2512-q4_K_M,rule_rag,outerwear,1,66,0.5,0.5,,7.575757575757576
case-6db25a2bd7a8df2c,ministral-3:14b-instruct-2512-q4_K_M,no_rag,outerwear,2,69,0.0,0.0,0.0,0.0
case-6db25a2bd7a8df2c,ministral-3:14b-instruct-2512-q4_K_M,rule_rag,outerwear,2,60,0.0,0.0,0.0,0.0
case-c3143592be34268f,ministral-3:14b-instruct-2512-q4_K_M,no_rag,outerwear,1,61,0.0,0.0,,0.0
case-c3143592be34268f,ministral-3:14b-instruct-2512-q4_K_M,rule_rag,outerwear,1,66,0.0,0.0,,0.0
case-ad3f2e8805582409,ministral-3:14b-instruct-2512-q4_K_M,no_rag,outerwear,2,72,0.0,0.0,,0.0
case-ad3f2e8805582409,ministral-3:14b-instruct-2512-q4_K_M,rule_rag,outerwear,2,69,0.125,0.125,,1.4492753623188406
case-8c96e47351a66444,ministral-3:14b-instruct-2512-q4_K_M,no_rag,outerwear,3,65,0.0,0.0,0.0,0.0
case-8c96e47351a66444,ministral-3:14b-instruct-2512-q4_K_M,rule_rag,outerwear,3,68,0.0,0.0,,0.0
case-69f8aed48fa1dca1,ministral-3:14b-instruct-2512-q4_K_M,no_rag,outerwear,2,68,0.0,0.0,,0.0
case-ae074bb0015a3d75,ministral-3:14b-instruct-2512-q4_K_M,no_rag,outerwear,1,63,0.0,0.0,,0.0
case-ae074bb0015a3d75,ministral-3:14b-instruct-2512-q4_K_M,rule_rag,outerwear,1,69,0.3333333333333333,0.3333333333333333,,1.4492753623188406
case-1b29b19b84746cc8,ministral-3:14b-instruct-2512-q4_K_M,no_rag,outerwear,1,56,0.0,0.0,,0.0
case-1b29b19b84746cc8,ministral-3:14b-instruct-2512-q4_K_M,rule_rag,outerwear,1,56,0.5714285714285714,0.5714285714285714,,7.142857142857143
case-1f9625ec5b3bce19,ministral-3:14b-instruct-2512-q4_K_M,no_rag,outerwear,1,56,0.0,0.0,,0.0
case-1f9625ec5b3bce19,ministral-3:14b-instruct-2512-q4_K_M,rule_rag,outerwear,1,51,0.0,0.0,,0.0
case-dfb8333520da71d1,ministral-3:14b-instruct-2512-q4_K_M,no_rag,outerwear,1,60,0.0,0.0,,0.0
case-dfb8333520da71d1,ministral-3:14b-instruct-2512-q4_K_M,rule_rag,outerwear,1,73,0.0,0.0,,0.0
case-aad581a28b4c003d,ministral-3:14b-instruct-2512-q4_K_M,no_rag,outerwear,1,61,0.0,0.0,,0.0
case-aad581a28b4c003d,ministral-3:14b-instruct-2512-q4_K_M,rule_rag,outerwear,1,73,0.6666666666666666,0.6666666666666666,,5.47945205479452
case-fb5032d99e47b0e5,ministral-3:14b-instruct-2512-q4_K_M,no_rag,outerwear,1,63,0.0,0.0,,0.0
case-fb5032d99e47b0e5,ministral-3:14b-instruct-2512-q4_K_M,rule_rag,outerwear,1,66,0.10526315789473684,0.10526315789473684,,3.0303030303030303
case-880e065e37616656,ministral-3:14b-instruct-2512-q4_K_M,no_rag,outerwear,1,56,0.0,0.0,,0.0
case-880e065e37616656,ministral-3:14b-instruct-2512-q4_K_M,rule_rag,outerwear,1,68,0.1,0.1,,1.4705882352941178
case-80648b3e49a84db1,ministral-3:14b-instruct-2512-q4_K_M,no_rag,outerwear,2,70,0.0,0.0,,0.0
case-80648b3e49a84db1,ministral-3:14b-instruct-2512-q4_K_M,rule_rag,outerwear,2,72,0.0,0.0,,0.0
case-34e705af854dd2fc,ministral-3:14b-instruct-2512-q4_K_M,no_rag,outerwear,1,60,0.0,0.0,,0.0
case-34e705af854dd2fc,ministral-3:14b-instruct-2512-q4_K_M,rule_rag,outerwear,1,66,0.5,0.5,,6.0606060606060606
case-d9ba9bc0fcd90fbc,ministral-3:14b-instruct-2512-q4_K_M,no_rag,outerwear,1,60,0.0,0.0,0.0,0.0
case-4cedb91c2c64159c,ministral-3:14b-instruct-2512-q4_K_M,no_rag,outerwear,1,67,0.0,0.0,,0.0
case-4cedb91c2c64159c,ministral-3:14b-instruct-2512-q4_K_M,rule_rag,outerwear,1,65,0.0,0.0,,0.0
case-a73ea6f7d1868876,ministral-3:14b-instruct-2512-q4_K_M,no_rag,outerwear,1,65,0.0,0.0,,0.0
case-a73ea6f7d1868876,ministral-3:14b-instruct-2512-q4_K_M,rule_rag,outerwear,1,69,0.0,0.0,,0.0
case-41f2e56595efb1ca,ministral-3:14b-instruct-2512-q4_K_M,no_rag,outerwear,1,64,0.16666666666666666,0.16666666666666666,0.0,3.125
case-41f2e56595efb1ca,ministral-3:14b-instruct-2512-q4_K_M,rule_rag,outerwear,1,52,0.2222222222222222,0.2222222222222222,0.0,3.8461538461538463
case-260981628aae3e9a,ministral-3:14b-instruct-2512-q4_K_M,no_rag,outerwear,2,60,0.0,0.0,,0.0
case-260981628aae3e9a,ministral-3:14b-instruct-2512-q4_K_M,rule_rag,outerwear,2,58,0.0,0.0,,0.0
case-4056d280137a90ec,ministral-3:14b-instruct-2512-q4_K_M,no_rag,outerwear,1,65,0.0,0.0,,0.0
case-4056d280137a90ec,ministral-3:14b-instruct-2512-q4_K_M,rule_rag,outerwear,1,70,0.5555555555555556,0.5555555555555556,,7.142857142857143
case-e50129a7d6461ffe,ministral-3:14b-instruct-2512-q4_K_M,no_rag,outerwear,2,67,0.6,0.6,,4.477611940298507
case-e50129a7d6461ffe,ministral-3:14b-instruct-2512-q4_K_M,rule_rag,outerwear,2,68,0.6,0.6,,4.411764705882353
case-e4cf649abc96128d,ministral-3:14b-instruct-2512-q4_K_M,no_rag,outerwear,1,50,0.0,0.0,,0.0
case-e4cf649abc96128d,ministral-3:14b-instruct-2512-q4_K_M,rule_rag,outerwear,1,55,0.0,0.0,,0.0
case-a4c7797664411475,ministral-3:14b-instruct-2512-q4_K_M,no_rag,outerwear,1,54,0.0,0.0,0.0,0.0
case-a4c7797664411475,ministral-3:14b-instruct-2512-q4_K_M,rule_rag,outerwear,1,63,0.0,0.0,0.0,0.0
case-40e632bed4b2d24c,ministral-3:14b-instruct-2512-q4_K_M,no_rag,outerwear,1,70,0.0,0.0,,0.0
case-40e632bed4b2d24c,ministral-3:14b-instruct-2512-q4_K_M,rule_rag,outerwear,1,66,0.4,0.4,,3.0303030303030303
case-7fd5dbf7a1986752,ministral-3:14b-instruct-2512-q4_K_M,no_rag,outerwear,2,58,0.0,0.0,,0.0
case-7fd5dbf7a1986752,ministral-3:14b-instruct-2512-q4_K_M,rule_rag,outerwear,2,70,0.5,0.5,,4.285714285714286
case-03ef2447e81a3c05,ministral-3:14b-instruct-2512-q4_K_M,no_rag,outerwear,2,64,0.0,0.0,,0.0
case-03ef2447e81a3c05,ministral-3:14b-instruct-2512-q4_K_M,rule_rag,outerwear,2,68,0.14285714285714285,0.14285714285714285,,1.4705882352941178
case-efd92660d8a6453f,ministral-3:14b-instruct-2512-q4_K_M,no_rag,outerwear,1,54,0.14285714285714285,0.14285714285714285,0.0,1.8518518518518519
case-efd92660d8a6453f,ministral-3:14b-instruct-2512-q4_K_M,rule_rag,outerwear,1,74,0.0,0.0,,0.0
case-c6675b2abc9a33c8,ministral-3:14b-instruct-2512-q4_K_M,no_rag,outerwear,1,61,0.0,0.0,,0.0
case-c6675b2abc9a33c8,ministral-3:14b-instruct-2512-q4_K_M,rule_rag,outerwear,1,63,0.2,0.2,,1.5873015873015872
case-4054549a8e5a8ae7,ministral-3:14b-instruct-2512-q4_K_M,no_rag,outerwear,1,59,0.0,0.0,,0.0
case-4054549a8e5a8ae7,ministral-3:14b-instruct-2512-q4_K_M,rule_rag,outerwear,1,61,0.6666666666666666,0.6666666666666666,,3.278688524590164
case-f23a4cac7ebd192c,ministral-3:14b-instruct-2512-q4_K_M,no_rag,outerwear,2,65,0.0,0.0,,0.0
case-f23a4cac7ebd192c,ministral-3:14b-instruct-2512-q4_K_M,rule_rag,outerwear,2,72,0.2,0.2,,1.3888888888888888
case-3f55321c82664d81,ministral-3:14b-instruct-2512-q4_K_M,rule_rag,outerwear,1,70,0.25,0.25,,2.857142857142857
case-89d817553eb87ae7,ministral-3:14b-instruct-2512-q4_K_M,no_rag,outerwear,1,65,0.0,0.0,0.0,0.0
case-89d817553eb87ae7,ministral-3:14b-instruct-2512-q4_K_M,rule_rag,outerwear,1,67,0.2,0.2,,1.492537313432836
case-ada89b267ec582bf,ministral-3:14b-instruct-2512-q4_K_M,no_rag,outerwear,1,53,0.16666666666666666,0.16666666666666666,,1.8867924528301887
case-ada89b267ec582bf,ministral-3:14b-instruct-2512-q4_K_M,rule_rag,outerwear,1,57,0.0,0.0,,0.0
case-b17e4f9154dfdade,ministral-3:14b-instruct-2512-q4_K_M,no_rag,outerwear,1,70,0.06666666666666667,0.06666666666666667,0.0,1.4285714285714286
case-b17e4f9154dfdade,ministral-3:14b-instruct-2512-q4_K_M,rule_rag,outerwear,1,63,0.0,0.0,,0.0
case-5f664d1ed4ceb29f,ministral-3:14b-instruct-2512-q4_K_M,no_rag,outerwear,2,52,0.0,0.0,,0.0
case-5f664d1ed4ceb29f,ministral-3:14b-instruct-2512-q4_K_M,rule_rag,outerwear,2,61,0.0,0.0,,0.0
case-79b9dac1e486af78,ministral-3:14b-instruct-2512-q4_K_M,rule_rag,outerwear,1,62,0.0,0.0,,0.0
case-2a2ec5d056dc89c6,ministral-3:14b-instruct-2512-q4_K_M,no_rag,outerwear,1,66,0.08333333333333333,0.08333333333333333,,1.5151515151515151
case-2a2ec5d056dc89c6,ministral-3:14b-instruct-2512-q4_K_M,rule_rag,outerwear,1,73,0.6,0.6,,4.109589041095891
case-0173bdb2934d615e,ministral-3:14b-instruct-2512-q4_K_M,no_rag,outerwear,1,60,0.6666666666666666,0.6666666666666666,0.0,6.666666666666667
case-0173bdb2934d615e,ministral-3:14b-instruct-2512-q4_K_M,rule_rag,outerwear,1,62,0.0,0.0,0.0,0.0
case-14b7352b2d12f819,ministral-3:14b-instruct-2512-q4_K_M,no_rag,outerwear,2,68,0.0,0.0,,0.0
case-14b7352b2d12f819,ministral-3:14b-instruct-2512-q4_K_M,rule_rag,outerwear,2,60,0.1111111111111111,0.1111111111111111,,1.6666666666666667
case-0c1644002e09f0a9,ministral-3:14b-instruct-2512-q4_K_M,no_rag,outerwear,1,65,0.0,0.0,,0.0
case-0c1644002e09f0a9,ministral-3:14b-instruct-2512-q4_K_M,rule_rag,outerwear,1,60,0.0,0.0,,0.0
case-28797a81b6bbfaea,ministral-3:14b-instruct-2512-q4_K_M,no_rag,outerwear,1,68,0.0625,0.0625,0.0,1.4705882352941178
case-28797a81b6bbfaea,ministral-3:14b-instruct-2512-q4_K_M,rule_rag,outerwear,1,73,0.14285714285714285,0.14285714285714285,0.0,1.36986301369863
case-162553774c68df41,ministral-3:14b-instruct-2512-q4_K_M,no_rag,outerwear,2,56,0.0,0.0,,0.0
case-162553774c68df41,ministral-3:14b-instruct-2512-q4_K_M,rule_rag,outerwear,2,68,0.2222222222222222,0.2222222222222222,,2.9411764705882355
case-5ec3d961036cff40,ministral-3:14b-instruct-2512-q4_K_M,no_rag,outerwear,2,57,0.0,0.0,,0.0
case-5ec3d961036cff40,ministral-3:14b-instruct-2512-q4_K_M,rule_rag,outerwear,2,59,0.0,0.0,,0.0
case-0e610afd8b819497,ministral-3:14b-instruct-2512-q4_K_M,no_rag,outerwear,1,61,0.0,0.0,,0.0
case-0e610afd8b819497,ministral-3:14b-instruct-2512-q4_K_M,rule_rag,outerwear,1,59,0.6,0.6,,5.084745762711864
case-35247481bc9f87aa,ministral-3:14b-instruct-2512-q4_K_M,no_rag,outerwear,2,64,0.0,0.0,,0.0
case-35247481bc9f87aa,ministral-3:14b-instruct-2512-q4_K_M,rule_rag,outerwear,2,52,0.2,0.2,0.0,1.9230769230769231
case-c84b7c490ea74db8,ministral-3:14b-instruct-2512-q4_K_M,no_rag,outerwear,1,71,0.16666666666666666,0.16666666666666666,0.0,1.408450704225352
case-c84b7c490ea74db8,ministral-3:14b-instruct-2512-q4_K_M,rule_rag,outerwear,1,75,0.125,0.125,0.0,1.3333333333333333
case-5d62b571a35bd590,ministral-3:14b-instruct-2512-q4_K_M,no_rag,outerwear,1,63,0.0,0.0,0.0,0.0
case-5d62b571a35bd590,ministral-3:14b-instruct-2512-q4_K_M,rule_rag,outerwear,1,67,0.0,0.0,,0.0
case-f7ca55167b175bf6,ministral-3:14b-instruct-2512-q4_K_M,no_rag,outerwear,1,63,0.0,0.0,0.0,0.0
case-f7ca55167b175bf6,ministral-3:14b-instruct-2512-q4_K_M,rule_rag,outerwear,1,60,0.25,0.25,,3.3333333333333335
case-f8ffd6d71a270252,ministral-3:14b-instruct-2512-q4_K_M,no_rag,outerwear,1,69,0.25,0.25,0.0,1.4492753623188406
case-f8ffd6d71a270252,ministral-3:14b-instruct-2512-q4_K_M,rule_rag,outerwear,1,59,0.42857142857142855,0.42857142857142855,,5.084745762711864
case-a047521daeb33818,ministral-3:14b-instruct-2512-q4_K_M,rule_rag,outerwear,1,62,0.3333333333333333,0.3333333333333333,,1.6129032258064515
case-1f56a1ea393cad23,ministral-3:14b-instruct-2512-q4_K_M,no_rag,outerwear,1,60,0.0,0.0,0.0,0.0
case-1f56a1ea393cad23,ministral-3:14b-instruct-2512-q4_K_M,rule_rag,outerwear,1,73,0.0,0.0,,0.0
case-5d8b3869ab217327,ministral-3:14b-instruct-2512-q4_K_M,no_rag,outerwear,1,58,0.0,0.0,0.0,0.0
case-5d8b3869ab217327,ministral-3:14b-instruct-2512-q4_K_M,rule_rag,outerwear,1,61,0.0,0.0,0.0,0.0
case-fe4d5e37a3af844b,ministral-3:14b-instruct-2512-q4_K_M,no_rag,outerwear,1,59,0.0,0.0,0.0,0.0
case-eae9d40b3c26eb1f,ministral-3:14b-instruct-2512-q4_K_M,no_rag,outerwear,1,59,0.0,0.0,,0.0
case-eae9d40b3c26eb1f,ministral-3:14b-instruct-2512-q4_K_M,rule_rag,outerwear,1,70,0.1,0.1,,1.4285714285714286
case-82376f78fb26f2d7,ministral-3:14b-instruct-2512-q4_K_M,no_rag,outerwear,1,62,0.0,0.0,,0.0
case-82376f78fb26f2d7,ministral-3:14b-instruct-2512-q4_K_M,rule_rag,outerwear,1,66,0.0,0.0,,0.0
case-dde11f06d79c8f8b,ministral-3:14b-instruct-2512-q4_K_M,no_rag,outerwear,2,56,0.16666666666666666,0.16666666666666666,0.0,3.5714285714285716
case-dde11f06d79c8f8b,ministral-3:14b-instruct-2512-q4_K_M,rule_rag,outerwear,2,55,0.0,0.0,,0.0
case-eb837537afb53719,ministral-3:14b-instruct-2512-q4_K_M,no_rag,outerwear,2,58,0.0,0.0,,0.0
case-eb837537afb53719,ministral-3:14b-instruct-2512-q4_K_M,rule_rag,outerwear,2,57,0.14285714285714285,0.14285714285714285,,1.7543859649122806
case-3b372de1e59de7e3,ministral-3:14b-instruct-2512-q4_K_M,no_rag,outerwear,1,67,0.0,0.0,,0.0
case-3b372de1e59de7e3,ministral-3:14b-instruct-2512-q4_K_M,rule_rag,outerwear,1,59,0.3333333333333333,0.3333333333333333,,3.389830508474576
case-87d568be3364da41,ministral-3:14b-instruct-2512-q4_K_M,no_rag,outerwear,3,59,0.0,0.0,,0.0
case-87d568be3364da41,ministral-3:14b-instruct-2512-q4_K_M,rule_rag,outerwear,3,56,0.1111111111111111,0.1111111111111111,,1.7857142857142858
case-0b262dcd5d6c39a4,ministral-3:14b-instruct-2512-q4_K_M,no_rag,outerwear,2,74,0.0,0.0,,0.0
case-0b262dcd5d6c39a4,ministral-3:14b-instruct-2512-q4_K_M,rule_rag,outerwear,2,74,0.6428571428571429,0.6428571428571429,,12.162162162162161
case-08579e6c896be310,ministral-3:14b-instruct-2512-q4_K_M,no_rag,outerwear,2,74,0.0,0.0,,0.0
case-08579e6c896be310,ministral-3:14b-instruct-2512-q4_K_M,rule_rag,outerwear,2,64,0.0,0.0,,0.0
case-a70c54680aa27909,ministral-3:14b-instruct-2512-q4_K_M,no_rag,outerwear,2,65,0.0,0.0,,0.0
case-a70c54680aa27909,ministral-3:14b-instruct-2512-q4_K_M,rule_rag,outerwear,2,70,0.0,0.0,,0.0
case-9e7bbf7fb677ace5,ministral-3:14b-instruct-2512-q4_K_M,no_rag,outerwear,1,58,0.0,0.0,,0.0
case-9e7bbf7fb677ace5,ministral-3:14b-instruct-2512-q4_K_M,rule_rag,outerwear,1,66,0.5,0.5,,3.0303030303030303
case-74660e9ba52c9cfa,ministral-3:14b-instruct-2512-q4_K_M,no_rag,outerwear,1,56,0.0,0.0,,0.0
case-74660e9ba52c9cfa,ministral-3:14b-instruct-2512-q4_K_M,rule_rag,outerwear,1,71,0.125,0.125,,1.408450704225352
case-de3163b7018d75ee,ministral-3:14b-instruct-2512-q4_K_M,no_rag,outerwear,1,62,0.0,0.0,,0.0
case-de3163b7018d75ee,ministral-3:14b-instruct-2512-q4_K_M,rule_rag,outerwear,1,66,0.4,0.4,,6.0606060606060606
case-cf4175b42222defb,ministral-3:14b-instruct-2512-q4_K_M,no_rag,outerwear,1,64,0.0,0.0,0.0,0.0
case-cf4175b42222defb,ministral-3:14b-instruct-2512-q4_K_M,rule_rag,outerwear,1,69,0.0,0.0,,0.0
case-b6a634f1b3ff7f97,ministral-3:14b-instruct-2512-q4_K_M,no_rag,outerwear,1,62,0.1,0.1,0.0,1.6129032258064515
case-d33b8ae29039eeb2,ministral-3:14b-instruct-2512-q4_K_M,no_rag,outerwear,2,61,0.0,0.0,0.0,0.0
case-d33b8ae29039eeb2,ministral-3:14b-instruct-2512-q4_K_M,rule_rag,outerwear,2,72,0.0,0.0,,0.0
case-f0190ff9482ff327,ministral-3:14b-instruct-2512-q4_K_M,no_rag,outerwear,1,49,0.0,0.0,,0.0
case-f0190ff9482ff327,ministral-3:14b-instruct-2512-q4_K_M,rule_rag,outerwear,1,60,0.0,0.2,,0.0
case-84493325ca805eea,ministral-3:14b-instruct-2512-q4_K_M,no_rag,outerwear,1,65,0.0,0.0,0.0,0.0
case-84493325ca805eea,ministral-3:14b-instruct-2512-q4_K_M,rule_rag,outerwear,1,69,0.2,0.2,,1.4492753623188406
case-21a63fff9a220bba,ministral-3:14b-instruct-2512-q4_K_M,no_rag,outerwear,1,67,0.0,0.0,0.0,0.0
case-21a63fff9a220bba,ministral-3:14b-instruct-2512-q4_K_M,rule_rag,outerwear,1,65,0.1111111111111111,0.1111111111111111,0.0,1.5384615384615385
case-a0dd3c75a186f3c0,ministral-3:14b-instruct-2512-q4_K_M,no_rag,outerwear,1,60,0.0,0.0,,0.0
case-a0dd3c75a186f3c0,ministral-3:14b-instruct-2512-q4_K_M,rule_rag,outerwear,1,71,0.0,0.2,,0.0
case-fa9a66e63bb75f63,ministral-3:14b-instruct-2512-q4_K_M,no_rag,outerwear,1,55,0.0,0.0,0.0,0.0
case-fa9a66e63bb75f63,ministral-3:14b-instruct-2512-q4_K_M,rule_rag,outerwear,1,72,0.42857142857142855,0.42857142857142855,,4.166666666666667
case-f2933aca4d414359,ministral-3:14b-instruct-2512-q4_K_M,no_rag,outerwear,2,68,0.0,0.0,0.0,0.0
case-f2933aca4d414359,ministral-3:14b-instruct-2512-q4_K_M,rule_rag,outerwear,2,68,0.0,0.0,,0.0
case-45c30cf3d7826943,ministral-3:14b-instruct-2512-q4_K_M,no_rag,outerwear,2,54,0.0,0.0,,0.0
case-45c30cf3d7826943,ministral-3:14b-instruct-2512-q4_K_M,rule_rag,outerwear,2,62,0.0,0.0,,0.0
case-0216651fe59b29df,ministral-3:14b-instruct-2512-q4_K_M,no_rag,outerwear,1,64,0.0,0.0,,0.0
case-0216651fe59b29df,ministral-3:14b-instruct-2512-q4_K_M,rule_rag,outerwear,1,53,0.0,0.0,,0.0
case-414a1eee02ee8a9d,ministral-3:14b-instruct-2512-q4_K_M,no_rag,outerwear,1,61,0.0,0.0,,0.0
case-414a1eee02ee8a9d,ministral-3:14b-instruct-2512-q4_K_M,rule_rag,outerwear,1,70,0.0,0.0,,0.0
case-7ea95ebc5127fcf9,ministral-3:14b-instruct-2512-q4_K_M,no_rag,outerwear,1,68,0.0,0.0,,0.0
case-7ea95ebc5127fcf9,ministral-3:14b-instruct-2512-q4_K_M,rule_rag,outerwear,1,64,0.0,0.0,,0.0
case-6a01b6ffd8a5b72e,ministral-3:14b-instruct-2512-q4_K_M,no_rag,outerwear,1,60,0.0,0.0,0.0,0.0
case-6a01b6ffd8a5b72e,ministral-3:14b-instruct-2512-q4_K_M,rule_rag,outerwear,1,60,0.0,0.0,0.0,0.0
case-721d857c59b20626,ministral-3:14b-instruct-2512-q4_K_M,no_rag,outerwear,1,56,0.0,0.0,,0.0
case-721d857c59b20626,ministral-3:14b-instruct-2512-q4_K_M,rule_rag,outerwear,1,73,0.5,0.5,,2.73972602739726
case-d72ad0cefad4fa7c,ministral-3:14b-instruct-2512-q4_K_M,no_rag,outerwear,1,55,0.0,0.0,0.0,0.0
case-d72ad0cefad4fa7c,ministral-3:14b-instruct-2512-q4_K_M,rule_rag,outerwear,1,70,0.6,0.6,,4.285714285714286
case-9b80d90c3771b1ab,ministral-3:14b-instruct-2512-q4_K_M,no_rag,outerwear,1,62,0.0,0.0,0.0,0.0
case-9b80d90c3771b1ab,ministral-3:14b-instruct-2512-q4_K_M,rule_rag,outerwear,1,68,0.25,0.25,0.3333333333333333,2.9411764705882355
case-3219c5f313052a17,ministral-3:14b-instruct-2512-q4_K_M,no_rag,outerwear,1,72,0.0,0.0,,0.0
case-3219c5f313052a17,ministral-3:14b-instruct-2512-q4_K_M,rule_rag,outerwear,1,62,0.4,0.4,,3.225806451612903
case-0e732fb05fe127b8,ministral-3:14b-instruct-2512-q4_K_M,no_rag,outerwear,1,69,0.0,0.0,,0.0
case-0e732fb05fe127b8,ministral-3:14b-instruct-2512-q4_K_M,rule_rag,outerwear,1,59,0.14285714285714285,0.14285714285714285,,1.694915254237288
case-0c5484cde5027e15,ministral-3:14b-instruct-2512-q4_K_M,no_rag,outerwear,1,54,0.0,0.0,0.0,0.0
case-0c5484cde5027e15,ministral-3:14b-instruct-2512-q4_K_M,rule_rag,outerwear,1,55,0.25,0.25,,3.6363636363636362
case-3a6c86c940652fe6,ministral-3:14b-instruct-2512-q4_K_M,no_rag,outerwear,3,60,0.0,0.0,,0.0
case-3a6c86c940652fe6,ministral-3:14b-instruct-2512-q4_K_M,rule_rag,outerwear,3,71,0.3333333333333333,0.3333333333333333,,2.816901408450704
case-b8c19d6762d091d5,ministral-3:14b-instruct-2512-q4_K_M,no_rag,outerwear,3,62,0.0,0.0,,0.0
case-b8c19d6762d091d5,ministral-3:14b-instruct-2512-q4_K_M,rule_rag,outerwear,3,72,0.375,0.375,,4.166666666666667
case-b623c66c46f04438,ministral-3:14b-instruct-2512-q4_K_M,no_rag,outerwear,1,58,0.0,0.0,0.0,0.0
case-b623c66c46f04438,ministral-3:14b-instruct-2512-q4_K_M,rule_rag,outerwear,1,67,0.0,0.0,,0.0
case-c45f7e5cc14de96b,ministral-3:14b-instruct-2512-q4_K_M,no_rag,outerwear,1,52,0.0,0.0,,0.0
case-c45f7e5cc14de96b,ministral-3:14b-instruct-2512-q4_K_M,rule_rag,outerwear,1,62,0.5,0.5,,4.838709677419355
case-88012cb7f6afca63,ministral-3:14b-instruct-2512-q4_K_M,no_rag,outerwear,2,68,0.0,0.0,0.0,0.0
case-88012cb7f6afca63,ministral-3:14b-instruct-2512-q4_K_M,rule_rag,outerwear,2,57,0.0,0.0,,0.0
case-cb88fa6460eba1c4,ministral-3:14b-instruct-2512-q4_K_M,no_rag,outerwear,2,70,0.0,0.0,,0.0
case-cb88fa6460eba1c4,ministral-3:14b-instruct-2512-q4_K_M,rule_rag,outerwear,2,59,0.0,0.0,0.0,0.0
case-69720234f8b00d88,ministral-3:14b-instruct-2512-q4_K_M,no_rag,outerwear,1,60,0.0,0.0,,0.0
case-69720234f8b00d88,ministral-3:14b-instruct-2512-q4_K_M,rule_rag,outerwear,1,61,0.16666666666666666,0.16666666666666666,,1.639344262295082
case-4fefdf24a68b89c7,ministral-3:14b-instruct-2512-q4_K_M,no_rag,outerwear,1,66,0.14285714285714285,0.14285714285714285,0.0,1.5151515151515151
case-4fefdf24a68b89c7,ministral-3:14b-instruct-2512-q4_K_M,rule_rag,outerwear,1,53,0.16666666666666666,0.16666666666666666,,1.8867924528301887
case-387b5c3c187dc9e5,ministral-3:14b-instruct-2512-q4_K_M,no_rag,outerwear,1,62,0.0,0.0,,0.0
case-387b5c3c187dc9e5,ministral-3:14b-instruct-2512-q4_K_M,rule_rag,outerwear,1,62,0.0,0.0,,0.0
case-eecf57d0129b6729,ministral-3:14b-instruct-2512-q4_K_M,no_rag,outerwear,2,58,0.0,0.0,,0.0
case-eecf57d0129b6729,ministral-3:14b-instruct-2512-q4_K_M,rule_rag,outerwear,2,52,0.0,0.0,,0.0
case-da5e8a8783a81611,ministral-3:14b-instruct-2512-q4_K_M,no_rag,outerwear,1,51,0.0,0.0,,0.0
case-da5e8a8783a81611,ministral-3:14b-instruct-2512-q4_K_M,rule_rag,outerwear,1,60,0.0,0.0,,0.0
case-ed465659b2d28ba7,ministral-3:14b-instruct-2512-q4_K_M,no_rag,bags,1,58,0.0,0.0,,0.0
case-ed465659b2d28ba7,ministral-3:14b-instruct-2512-q4_K_M,rule_rag,bags,1,62,0.13333333333333333,0.13333333333333333,0.0,3.225806451612903
case-45adf9f5cc53f44e,ministral-3:14b-instruct-2512-q4_K_M,no_rag,bags,1,64,0.0,0.0,,0.0
case-45adf9f5cc53f44e,ministral-3:14b-instruct-2512-q4_K_M,rule_rag,bags,1,53,0.0,0.0,,0.0
case-2329e43c1f95d833,ministral-3:14b-instruct-2512-q4_K_M,no_rag,bags,1,65,0.5,0.5,0.0,3.076923076923077
case-2329e43c1f95d833,ministral-3:14b-instruct-2512-q4_K_M,rule_rag,bags,1,66,0.0,0.0,,0.0
case-b60b460e7c8a1415,ministral-3:14b-instruct-2512-q4_K_M,no_rag,bags,1,61,0.0,0.0,,0.0
case-b60b460e7c8a1415,ministral-3:14b-instruct-2512-q4_K_M,rule_rag,bags,1,62,0.0,0.0,,0.0
case-402050210c12fc18,ministral-3:14b-instruct-2512-q4_K_M,no_rag,bags,1,67,0.1,0.1,0.0,1.492537313432836
case-b1233900f3207045,ministral-3:14b-instruct-2512-q4_K_M,no_rag,bags,1,72,0.0,0.0,,0.0
case-b1233900f3207045,ministral-3:14b-instruct-2512-q4_K_M,rule_rag,bags,1,70,0.0,0.0,,0.0
case-8cbc521b744b945d,ministral-3:14b-instruct-2512-q4_K_M,no_rag,bags,1,54,0.0,0.0,,0.0
case-8cbc521b744b945d,ministral-3:14b-instruct-2512-q4_K_M,rule_rag,bags,1,57,0.0,0.0,,0.0
case-e5e81d227b73dbf2,ministral-3:14b-instruct-2512-q4_K_M,no_rag,bags,1,65,0.0,0.0,0.0,0.0
case-e5e81d227b73dbf2,ministral-3:14b-instruct-2512-q4_K_M,rule_rag,bags,1,66,0.125,0.125,,1.5151515151515151
case-9e44a7b05917d5b8,ministral-3:14b-instruct-2512-q4_K_M,no_rag,bags,1,61,0.0,0.0,,0.0
case-9e44a7b05917d5b8,ministral-3:14b-instruct-2512-q4_K_M,rule_rag,bags,1,65,0.0,0.0,,0.0
case-645431198b322bb7,ministral-3:14b-instruct-2512-q4_K_M,no_rag,bags,1,60,0.0,0.0,0.0,0.0
case-645431198b322bb7,ministral-3:14b-instruct-2512-q4_K_M,rule_rag,bags,1,73,0.14285714285714285,0.14285714285714285,0.0,1.36986301369863
case-ba8022d57a581386,ministral-3:14b-instruct-2512-q4_K_M,no_rag,bags,1,75,0.3333333333333333,0.3333333333333333,,1.3333333333333333
case-ba8022d57a581386,ministral-3:14b-instruct-2512-q4_K_M,rule_rag,bags,1,73,0.0,0.0,0.0,0.0
case-9028ec514732880f,ministral-3:14b-instruct-2512-q4_K_M,no_rag,bags,1,73,0.07142857142857142,0.07142857142857142,,1.36986301369863
case-9028ec514732880f,ministral-3:14b-instruct-2512-q4_K_M,rule_rag,bags,1,50,0.42857142857142855,0.42857142857142855,,6.0
case-e4cf2bf6d0aed2c7,ministral-3:14b-instruct-2512-q4_K_M,no_rag,bags,2,74,0.0,0.0,,0.0
case-e4cf2bf6d0aed2c7,ministral-3:14b-instruct-2512-q4_K_M,rule_rag,bags,2,53,0.0,0.0,0.0,0.0
case-cccc6d3f8efab00d,ministral-3:14b-instruct-2512-q4_K_M,no_rag,bags,2,69,0.0,0.0,,0.0
case-cccc6d3f8efab00d,ministral-3:14b-instruct-2512-q4_K_M,rule_rag,bags,2,72,0.0,0.0,,0.0
case-4758f4873e0ee799,ministral-3:14b-instruct-2512-q4_K_M,no_rag,bags,2,59,0.0,0.0,,0.0
case-4758f4873e0ee799,ministral-3:14b-instruct-2512-q4_K_M,rule_rag,bags,2,66,0.0,0.0,,0.0
case-53a4758c0e8ecd58,ministral-3:14b-instruct-2512-q4_K_M,no_rag,bags,1,66,0.0,0.15384615384615385,,0.0
case-53a4758c0e8ecd58,ministral-3:14b-instruct-2512-q4_K_M,rule_rag,bags,1,61,0.0,0.0,,0.0
case-4111a07241e7e7be,ministral-3:14b-instruct-2512-q4_K_M,no_rag,bags,2,61,0.0,0.0,0.0,0.0
case-5779f1937844ea96,ministral-3:14b-instruct-2512-q4_K_M,no_rag,bags,1,66,0.0,0.0,,0.0
case-5779f1937844ea96,ministral-3:14b-instruct-2512-q4_K_M,rule_rag,bags,1,64,0.14285714285714285,0.14285714285714285,,1.5625
case-0cf08d1b57986cc4,ministral-3:14b-instruct-2512-q4_K_M,no_rag,bags,1,67,0.0,0.0,,0.0
case-0cf08d1b57986cc4,ministral-3:14b-instruct-2512-q4_K_M,rule_rag,bags,1,65,0.5,0.5,,7.6923076923076925
case-f4ac372b14ce4136,ministral-3:14b-instruct-2512-q4_K_M,no_rag,bags,1,63,0.1111111111111111,0.1111111111111111,,1.5873015873015872
case-f4ac372b14ce4136,ministral-3:14b-instruct-2512-q4_K_M,rule_rag,bags,1,56,0.16666666666666666,0.16666666666666666,,1.7857142857142858
case-67c6998df1f930ae,ministral-3:14b-instruct-2512-q4_K_M,no_rag,bags,1,55,0.25,0.25,0.0,1.8181818181818181
case-67c6998df1f930ae,ministral-3:14b-instruct-2512-q4_K_M,rule_rag,bags,1,68,0.14285714285714285,0.14285714285714285,0.0,1.4705882352941178
case-b037c9fc62dbf352,ministral-3:14b-instruct-2512-q4_K_M,no_rag,bags,1,62,0.16666666666666666,0.16666666666666666,,1.6129032258064515
case-b037c9fc62dbf352,ministral-3:14b-instruct-2512-q4_K_M,rule_rag,bags,1,70,0.0,0.0,,0.0
case-41b19503ef1947ed,ministral-3:14b-instruct-2512-q4_K_M,no_rag,bags,2,61,0.0,0.0,,0.0
case-41b19503ef1947ed,ministral-3:14b-instruct-2512-q4_K_M,rule_rag,bags,2,73,0.0,0.25,,0.0
case-d8730b5bc0b68e64,ministral-3:14b-instruct-2512-q4_K_M,no_rag,bags,3,69,0.0,0.0,0.0,0.0
case-d8730b5bc0b68e64,ministral-3:14b-instruct-2512-q4_K_M,rule_rag,bags,3,57,0.5,0.5,,1.7543859649122806
case-3be1225fa67be46e,ministral-3:14b-instruct-2512-q4_K_M,rule_rag,bags,5,67,0.0,0.0,,0.0
case-3eb40c68f1ff916e,ministral-3:14b-instruct-2512-q4_K_M,no_rag,bags,1,62,0.0,0.0,,0.0
case-3eb40c68f1ff916e,ministral-3:14b-instruct-2512-q4_K_M,rule_rag,bags,1,65,0.0,0.0,,0.0
case-3dd083e2ddff706c,ministral-3:14b-instruct-2512-q4_K_M,no_rag,bags,1,72,0.0,0.0,,0.0
case-3dd083e2ddff706c,ministral-3:14b-instruct-2512-q4_K_M,rule_rag,bags,1,60,0.0,0.0,,0.0
case-4f6d832d666d2d76,ministral-3:14b-instruct-2512-q4_K_M,no_rag,bags,2,58,0.0,0.0,,0.0
case-4f6d832d666d2d76,ministral-3:14b-instruct-2512-q4_K_M,rule_rag,bags,2,72,0.3333333333333333,0.3333333333333333,,4.166666666666667
case-379b8e3aaf19ff9a,ministral-3:14b-instruct-2512-q4_K_M,no_rag,bags,1,69,0.2,0.2,,2.898550724637681
case-379b8e3aaf19ff9a,ministral-3:14b-instruct-2512-q4_K_M,rule_rag,bags,1,65,0.25,0.25,,1.5384615384615385
case-9191aa71073cdd07,ministral-3:14b-instruct-2512-q4_K_M,no_rag,bags,1,63,0.0,0.0,,0.0
case-9191aa71073cdd07,ministral-3:14b-instruct-2512-q4_K_M,rule_rag,bags,1,75,0.1111111111111111,0.1111111111111111,0.0,1.3333333333333333
case-407c89e927b9e857,ministral-3:14b-instruct-2512-q4_K_M,no_rag,bags,2,58,0.0,0.0,,0.0
case-407c89e927b9e857,ministral-3:14b-instruct-2512-q4_K_M,rule_rag,bags,2,73,0.0,0.0,,0.0
case-b085a2007e479de4,ministral-3:14b-instruct-2512-q4_K_M,no_rag,bags,1,60,0.0,0.0,,0.0
case-b085a2007e479de4,ministral-3:14b-instruct-2512-q4_K_M,rule_rag,bags,1,68,0.0,0.0,,0.0
case-9f9ab290e71396f1,ministral-3:14b-instruct-2512-q4_K_M,no_rag,bags,1,65,0.5,0.5,,6.153846153846154
case-144767dc6e2b0cde,ministral-3:14b-instruct-2512-q4_K_M,no_rag,bags,1,63,0.0,0.0,0.0,0.0
case-144767dc6e2b0cde,ministral-3:14b-instruct-2512-q4_K_M,rule_rag,bags,1,61,0.0,0.0,0.0,0.0
case-d0140f16bf394914,ministral-3:14b-instruct-2512-q4_K_M,no_rag,bags,2,67,0.0,0.0,0.0,0.0
case-a8a9b3bec9d6fc20,ministral-3:14b-instruct-2512-q4_K_M,no_rag,bags,2,64,0.0,0.0,,0.0
case-a8a9b3bec9d6fc20,ministral-3:14b-instruct-2512-q4_K_M,rule_rag,bags,2,70,0.0,0.0,,0.0
case-e8681adc824f3196,ministral-3:14b-instruct-2512-q4_K_M,no_rag,bags,2,66,0.0,0.0,,0.0
case-e8681adc824f3196,ministral-3:14b-instruct-2512-q4_K_M,rule_rag,bags,2,56,0.5,0.5,,7.142857142857143
case-f3492c1f8397e32e,ministral-3:14b-instruct-2512-q4_K_M,no_rag,bags,1,55,0.25,0.25,,1.8181818181818181
case-f3492c1f8397e32e,ministral-3:14b-instruct-2512-q4_K_M,rule_rag,bags,1,58,0.09090909090909091,0.09090909090909091,,1.7241379310344827
case-d08ee46581417121,ministral-3:14b-instruct-2512-q4_K_M,no_rag,bags,1,63,0.0,0.0,,0.0
case-d08ee46581417121,ministral-3:14b-instruct-2512-q4_K_M,rule_rag,bags,1,71,0.1,0.1,,1.408450704225352
case-c3a0bf452a50d600,ministral-3:14b-instruct-2512-q4_K_M,no_rag,bags,1,58,0.0,0.0,,0.0
case-c3a0bf452a50d600,ministral-3:14b-instruct-2512-q4_K_M,rule_rag,bags,1,67,0.0,0.0,0.0,0.0
case-e2e32d77f07807ca,ministral-3:14b-instruct-2512-q4_K_M,no_rag,bags,2,60,0.0,0.0,,0.0
case-e2e32d77f07807ca,ministral-3:14b-instruct-2512-q4_K_M,rule_rag,bags,2,72,0.4444444444444444,0.4444444444444444,,5.555555555555555
case-051b60b8ffa574ab,ministral-3:14b-instruct-2512-q4_K_M,no_rag,bags,1,60,0.0,0.0,,0.0
case-051b60b8ffa574ab,ministral-3:14b-instruct-2512-q4_K_M,rule_rag,bags,1,70,0.0,0.0,,0.0
case-0f21fb9ebf941daa,ministral-3:14b-instruct-2512-q4_K_M,no_rag,bags,1,56,0.0,0.0,,0.0
case-0f21fb9ebf941daa,ministral-3:14b-instruct-2512-q4_K_M,rule_rag,bags,1,68,0.16666666666666666,0.16666666666666666,,1.4705882352941178
case-ed912d244f3f932b,ministral-3:14b-instruct-2512-q4_K_M,no_rag,bags,2,59,0.0,0.0,,0.0
case-ed912d244f3f932b,ministral-3:14b-instruct-2512-q4_K_M,rule_rag,bags,2,63,0.0,0.0,,0.0
case-9c2513a91d9d2dc1,ministral-3:14b-instruct-2512-q4_K_M,rule_rag,bags,1,69,0.125,0.125,,1.4492753623188406
case-d327576807f09afc,ministral-3:14b-instruct-2512-q4_K_M,no_rag,bags,1,64,0.0,0.0,,0.0
case-d327576807f09afc,ministral-3:14b-instruct-2512-q4_K_M,rule_rag,bags,1,69,0.6,0.6,,4.3478260869565215
case-9cdfb15673951b1f,ministral-3:14b-instruct-2512-q4_K_M,no_rag,bags,2,58,0.0,0.0,,0.0
case-9cdfb15673951b1f,ministral-3:14b-instruct-2512-q4_K_M,rule_rag,bags,2,72,0.3333333333333333,0.3333333333333333,,1.3888888888888888
case-5d45076ad4db3f96,ministral-3:14b-instruct-2512-q4_K_M,no_rag,bags,1,59,0.0,0.0,,0.0
case-5d45076ad4db3f96,ministral-3:14b-instruct-2512-q4_K_M,rule_rag,bags,1,72,0.0,0.0,,0.0
case-38d9daf56c8a259d,ministral-3:14b-instruct-2512-q4_K_M,no_rag,bags,2,73,0.0,0.0,,0.0
case-38d9daf56c8a259d,ministral-3:14b-instruct-2512-q4_K_M,rule_rag,bags,2,52,0.125,0.125,,1.9230769230769231
case-6c5e1609dbb6eae0,ministral-3:14b-instruct-2512-q4_K_M,no_rag,bags,2,72,0.0,0.0,0.0,0.0
case-6c5e1609dbb6eae0,ministral-3:14b-instruct-2512-q4_K_M,rule_rag,bags,2,75,0.125,0.125,,1.3333333333333333
case-92dc09e7ba228fbd,ministral-3:14b-instruct-2512-q4_K_M,no_rag,bags,2,62,0.0,0.0,0.0,0.0
case-92dc09e7ba228fbd,ministral-3:14b-instruct-2512-q4_K_M,rule_rag,bags,2,62,0.25,0.25,,1.6129032258064515
case-406ef596570d5195,ministral-3:14b-instruct-2512-q4_K_M,no_rag,bags,2,70,0.0,0.0,,0.0
case-406ef596570d5195,ministral-3:14b-instruct-2512-q4_K_M,rule_rag,bags,2,66,0.0,0.0,,0.0
case-1ef79624a6769a14,ministral-3:14b-instruct-2512-q4_K_M,no_rag,bags,2,50,0.0,0.0,,0.0
case-1ef79624a6769a14,ministral-3:14b-instruct-2512-q4_K_M,rule_rag,bags,2,75,0.5,0.5,,1.3333333333333333
case-861fbfd66c1db78e,ministral-3:14b-instruct-2512-q4_K_M,no_rag,bags,2,66,0.0,0.0,,0.0
case-861fbfd66c1db78e,ministral-3:14b-instruct-2512-q4_K_M,rule_rag,bags,2,72,0.16666666666666666,0.16666666666666666,,1.3888888888888888
case-82497394371f880d,ministral-3:14b-instruct-2512-q4_K_M,no_rag,bags,2,57,0.0,0.0,,0.0
case-82497394371f880d,ministral-3:14b-instruct-2512-q4_K_M,rule_rag,bags,2,49,0.0,0.0,0.0,0.0
case-776fde673d514594,ministral-3:14b-instruct-2512-q4_K_M,no_rag,bags,1,64,0.2,0.2,,1.5625
case-776fde673d514594,ministral-3:14b-instruct-2512-q4_K_M,rule_rag,bags,1,69,0.2857142857142857,0.2857142857142857,0.0,2.898550724637681
case-681f473ec49877ad,ministral-3:14b-instruct-2512-q4_K_M,no_rag,bags,1,62,0.0,0.0,,0.0
case-681f473ec49877ad,ministral-3:14b-instruct-2512-q4_K_M,rule_rag,bags,1,73,0.1,0.1,0.0,1.36986301369863
case-95aa186e95b8252d,ministral-3:14b-instruct-2512-q4_K_M,no_rag,bags,1,58,0.0,0.0,,0.0
case-95aa186e95b8252d,ministral-3:14b-instruct-2512-q4_K_M,rule_rag,bags,1,73,0.2,0.2,,1.36986301369863
case-953fde98d1e16d32,ministral-3:14b-instruct-2512-q4_K_M,no_rag,bags,1,70,0.0,0.0,,0.0
case-953fde98d1e16d32,ministral-3:14b-instruct-2512-q4_K_M,rule_rag,bags,1,59,0.3333333333333333,0.3333333333333333,0.0,3.389830508474576
case-39ea475eb27ebcb7,ministral-3:14b-instruct-2512-q4_K_M,no_rag,bags,1,65,0.0,0.0,,0.0
case-39ea475eb27ebcb7,ministral-3:14b-instruct-2512-q4_K_M,rule_rag,bags,1,64,0.25,0.25,,1.5625
case-5188b28e55707a58,ministral-3:14b-instruct-2512-q4_K_M,no_rag,bags,1,70,0.1111111111111111,0.1111111111111111,0.0,1.4285714285714286
case-5188b28e55707a58,ministral-3:14b-instruct-2512-q4_K_M,rule_rag,bags,1,74,0.1,0.1,,1.3513513513513513
case-408f75421d71ce1c,ministral-3:14b-instruct-2512-q4_K_M,no_rag,bags,1,65,0.0,0.0,0.0,0.0
case-408f75421d71ce1c,ministral-3:14b-instruct-2512-q4_K_M,rule_rag,bags,1,60,0.16666666666666666,0.16666666666666666,,1.6666666666666667
case-7e2813816192d597,ministral-3:14b-instruct-2512-q4_K_M,no_rag,bags,2,50,0.0,0.0,,0.0
case-7e2813816192d597,ministral-3:14b-instruct-2512-q4_K_M,rule_rag,bags,2,71,0.0,0.0,,0.0
case-d48012afabfc541c,ministral-3:14b-instruct-2512-q4_K_M,no_rag,bags,1,66,0.07692307692307693,0.07692307692307693,0.0,1.5151515151515151
case-d48012afabfc541c,ministral-3:14b-instruct-2512-q4_K_M,rule_rag,bags,1,64,0.15384615384615385,0.15384615384615385,,3.125
case-64e7395e07e61a9d,ministral-3:14b-instruct-2512-q4_K_M,no_rag,bags,1,68,0.0,0.0,,0.0
case-64e7395e07e61a9d,ministral-3:14b-instruct-2512-q4_K_M,rule_rag,bags,1,71,0.3333333333333333,0.3333333333333333,,2.816901408450704
case-0c8fe6d54112ca26,ministral-3:14b-instruct-2512-q4_K_M,no_rag,bags,1,59,0.0,0.0,,0.0
case-0c8fe6d54112ca26,ministral-3:14b-instruct-2512-q4_K_M,rule_rag,bags,1,60,0.0,0.0,,0.0
case-f906a1612d7bfaf4,ministral-3:14b-instruct-2512-q4_K_M,no_rag,bags,2,61,0.09090909090909091,0.09090909090909091,,1.639344262295082
case-f906a1612d7bfaf4,ministral-3:14b-instruct-2512-q4_K_M,rule_rag,bags,2,69,0.0,0.0,,0.0
case-7669e4ccfa55bdb9,ministral-3:14b-instruct-2512-q4_K_M,no_rag,bags,1,66,0.09090909090909091,0.09090909090909091,,1.5151515151515151
case-7669e4ccfa55bdb9,ministral-3:14b-instruct-2512-q4_K_M,rule_rag,bags,1,58,0.0,0.0,,0.0
case-e3b7ada098e4e660,ministral-3:14b-instruct-2512-q4_K_M,rule_rag,bags,1,73,0.16666666666666666,0.16666666666666666,,1.36986301369863
case-0cac5b9e1c55b529,ministral-3:14b-instruct-2512-q4_K_M,no_rag,bags,2,70,0.0,0.0,,0.0
case-0cac5b9e1c55b529,ministral-3:14b-instruct-2512-q4_K_M,rule_rag,bags,2,64,0.4,0.4,,6.25
case-97d49b42c7a1c1ea,ministral-3:14b-instruct-2512-q4_K_M,no_rag,bags,2,60,0.0,0.0,,0.0
case-97d49b42c7a1c1ea,ministral-3:14b-instruct-2512-q4_K_M,rule_rag,bags,2,66,0.8888888888888888,0.8888888888888888,,12.121212121212121
case-941b6898c1efe7f7,ministral-3:14b-instruct-2512-q4_K_M,no_rag,bags,1,60,0.0,0.0,,0.0
case-941b6898c1efe7f7,ministral-3:14b-instruct-2512-q4_K_M,rule_rag,bags,1,75,0.2,0.2,,1.3333333333333333
case-c6ac63bc155a7ef3,ministral-3:14b-instruct-2512-q4_K_M,no_rag,bags,1,65,0.0,0.0,,0.0
case-c6ac63bc155a7ef3,ministral-3:14b-instruct-2512-q4_K_M,rule_rag,bags,1,58,0.0,0.0,,0.0
case-664b08b67fb50a5b,ministral-3:14b-instruct-2512-q4_K_M,no_rag,bags,1,55,0.2857142857142857,0.2857142857142857,,3.6363636363636362
case-664b08b67fb50a5b,ministral-3:14b-instruct-2512-q4_K_M,rule_rag,bags,1,66,0.1111111111111111,0.1111111111111111,,1.5151515151515151
case-4e70ab460f6ed638,ministral-3:14b-instruct-2512-q4_K_M,no_rag,bags,1,57,0.0,0.0,,0.0
case-4e70ab460f6ed638,ministral-3:14b-instruct-2512-q4_K_M,rule_rag,bags,1,54,0.0,0.0,,0.0
case-d8aadaa848419451,ministral-3:14b-instruct-2512-q4_K_M,no_rag,bags,2,65,0.0,0.0,,0.0
case-d8aadaa848419451,ministral-3:14b-instruct-2512-q4_K_M,rule_rag,bags,2,66,0.2,0.2,,4.545454545454546
case-a2619279a3bf0f1a,ministral-3:14b-instruct-2512-q4_K_M,no_rag,bags,2,61,0.125,0.125,0.0,1.639344262295082
case-a2619279a3bf0f1a,ministral-3:14b-instruct-2512-q4_K_M,rule_rag,bags,2,74,0.4,0.4,,2.7027027027027026
case-f08fafec9f844279,ministral-3:14b-instruct-2512-q4_K_M,no_rag,bags,1,64,0.0,0.0,,0.0
case-f08fafec9f844279,ministral-3:14b-instruct-2512-q4_K_M,rule_rag,bags,1,67,0.375,0.375,,4.477611940298507
case-21c592c32bd06035,ministral-3:14b-instruct-2512-q4_K_M,rule_rag,bags,2,60,0.1,0.1,0.0,1.6666666666666667
case-f2a13c1c554006a4,ministral-3:14b-instruct-2512-q4_K_M,no_rag,bags,1,63,0.0,0.0,,0.0
case-f2a13c1c554006a4,ministral-3:14b-instruct-2512-q4_K_M,rule_rag,bags,1,73,0.2,0.2,,1.36986301369863
case-0cc5d527ad1c2086,ministral-3:14b-instruct-2512-q4_K_M,no_rag,bags,2,64,0.3,0.3,,4.6875
case-0cc5d527ad1c2086,ministral-3:14b-instruct-2512-q4_K_M,rule_rag,bags,2,67,0.2,0.2,,1.492537313432836
case-3209b8c790555b79,ministral-3:14b-instruct-2512-q4_K_M,no_rag,bags,3,65,0.0,0.0,,0.0
case-3209b8c790555b79,ministral-3:14b-instruct-2512-q4_K_M,rule_rag,bags,3,68,0.3,0.3,,4.411764705882353
case-df79d6879298453f,ministral-3:14b-instruct-2512-q4_K_M,no_rag,bags,1,56,0.0,0.0,,0.0
case-df79d6879298453f,ministral-3:14b-instruct-2512-q4_K_M,rule_rag,bags,1,68,0.0,0.0,,0.0
case-316409483c6b15d0,ministral-3:14b-instruct-2512-q4_K_M,no_rag,bags,1,55,0.0,0.0,1.0,0.0
case-316409483c6b15d0,ministral-3:14b-instruct-2512-q4_K_M,rule_rag,bags,1,69,0.5454545454545454,0.5454545454545454,,8.695652173913043
case-69bfed4abebbc311,ministral-3:14b-instruct-2512-q4_K_M,no_rag,bags,1,66,0.0,0.0,,0.0
case-e2d8dffd7209135f,ministral-3:14b-instruct-2512-q4_K_M,no_rag,bags,2,69,0.0,0.0,,0.0
case-e2d8dffd7209135f,ministral-3:14b-instruct-2512-q4_K_M,rule_rag,bags,2,67,0.2,0.2,,2.985074626865672
case-0693c9edf972beff,ministral-3:14b-instruct-2512-q4_K_M,no_rag,bags,1,58,0.0,0.0,,0.0
case-6d1d81849f570950,ministral-3:14b-instruct-2512-q4_K_M,no_rag,bags,1,61,0.125,0.125,0.0,1.639344262295082
case-6d1d81849f570950,ministral-3:14b-instruct-2512-q4_K_M,rule_rag,bags,1,68,0.4444444444444444,0.4444444444444444,,5.882352941176471
case-8669af248b389185,ministral-3:14b-instruct-2512-q4_K_M,no_rag,bags,2,60,0.0,0.0,,0.0
case-8669af248b389185,ministral-3:14b-instruct-2512-q4_K_M,rule_rag,bags,2,66,0.0,0.0,,0.0
case-04f411a897ac7ef9,ministral-3:14b-instruct-2512-q4_K_M,no_rag,bags,1,67,0.0,0.0,,0.0
case-04f411a897ac7ef9,ministral-3:14b-instruct-2512-q4_K_M,rule_rag,bags,1,60,0.25,0.25,,1.6666666666666667
case-af02867d30624d47,ministral-3:14b-instruct-2512-q4_K_M,no_rag,bags,2,58,0.0,0.0,,0.0
case-af02867d30624d47,ministral-3:14b-instruct-2512-q4_K_M,rule_rag,bags,2,51,0.16666666666666666,0.16666666666666666,0.0,1.9607843137254901
case-4c270f35981150c9,ministral-3:14b-instruct-2512-q4_K_M,no_rag,bags,2,68,0.0,0.0,,0.0
case-4c270f35981150c9,ministral-3:14b-instruct-2512-q4_K_M,rule_rag,bags,2,60,0.0,0.0,,0.0
case-c6f16cfcaae0bc3c,ministral-3:14b-instruct-2512-q4_K_M,no_rag,bags,1,55,0.0,0.0,,0.0
case-c6f16cfcaae0bc3c,ministral-3:14b-instruct-2512-q4_K_M,rule_rag,bags,1,72,0.08333333333333333,0.08333333333333333,,1.3888888888888888
case-f05b60a817f02dcf,ministral-3:14b-instruct-2512-q4_K_M,no_rag,bags,1,55,0.0,0.0,,0.0
case-f05b60a817f02dcf,ministral-3:14b-instruct-2512-q4_K_M,rule_rag,bags,1,75,0.08333333333333333,0.08333333333333333,,1.3333333333333333
case-41819020e1bc7aac,ministral-3:14b-instruct-2512-q4_K_M,no_rag,bags,1,63,0.16666666666666666,0.16666666666666666,,1.5873015873015872
case-41819020e1bc7aac,ministral-3:14b-instruct-2512-q4_K_M,rule_rag,bags,1,71,0.0,0.0,,0.0
case-d78b871ae57c7a59,ministral-3:14b-instruct-2512-q4_K_M,no_rag,bags,1,62,0.125,0.125,,1.6129032258064515
case-d78b871ae57c7a59,ministral-3:14b-instruct-2512-q4_K_M,rule_rag,bags,1,63,0.5,0.5,,1.5873015873015872
case-07a04fef92ba12c1,ministral-3:14b-instruct-2512-q4_K_M,no_rag,bags,1,73,0.4,0.4,,2.73972602739726
case-07a04fef92ba12c1,ministral-3:14b-instruct-2512-q4_K_M,rule_rag,bags,1,65,0.0,0.0,,0.0
case-a26a5d77e1031c70,ministral-3:14b-instruct-2512-q4_K_M,no_rag,bags,1,56,0.0,0.0,,0.0
case-a26a5d77e1031c70,ministral-3:14b-instruct-2512-q4_K_M,rule_rag,bags,1,50,0.3333333333333333,0.3333333333333333,,2.0
case-0e9bfb5fc191165c,ministral-3:14b-instruct-2512-q4_K_M,no_rag,bags,1,64,0.0,0.0,,0.0
case-0e9bfb5fc191165c,ministral-3:14b-instruct-2512-q4_K_M,rule_rag,bags,1,60,0.0,0.25,,0.0
